node,centrality,community,density,betwness,closeness,eign,volatility,type,name
4929,1,0,0.11724137931034483,0.0,0.055515971217224,1.2835287258855032e-08,2,incoming,Robert A. Amar
2801,1,0,0.11724137931034483,0.0,0.049227625065429007,1.1928689894226789e-09,1,incoming,Jinwook Seo
4198,2,0,0.11724137931034483,0.0,0.044047995200266844,9.612652447720571e-11,2,incoming,Mohammad Ghoniem
4638,2,0,0.11724137931034483,0.0,0.044047995200266844,9.612652447720572e-11,2,outandin,Philippe Castagliola
2574,2,0,0.11724137931034483,0.0,0.05553099990461362,1.382568286599009e-08,2,outandin,Jaroslav Tyman
2008,2,0,0.11724137931034483,0.0,0.05553099990461362,1.382568286599009e-08,2,outandin,Grant P. Gruetzmacher
3741,2,0,0.11724137931034483,0.0,0.04919220950782798,1.2882439430421437e-09,2,outandin,Marjan Trutschl
5899,2,0,0.11724137931034483,0.0,0.04919220950782798,1.2882439430421437e-09,2,outandin,Urska Cvek
3842,2,0,0.11724137931034483,0.002705974506871751,0.04932231633749523,1.1995647927060856e-09,2,incoming,Martin Wattenberg
2679,2,0,0.11724137931034483,0.0,0.04929860938419675,1.2971756236385539e-09,2,outandin,Jesse Grosjean
2612,3,0,0.11724137931034483,0.001358464934623875,0.04929860938419675,1.2146394088610266e-09,1,incoming,Jean-Daniel Fekete
634,3,0,0.11724137931034483,0.0,0.04408586151894319,1.1407928019007746e-10,1,incoming,Bongshin Lee
3849,3,0,0.11724137931034483,0.0,0.04408586151894319,1.1407928019007746e-10,2,incoming,Mary Czerwinski
1927,3,0,0.11724137931034483,0.0,0.04408586151894319,1.1407928019007746e-10,2,,George G. Robertson
939,3,0,0.11724137931034483,0.0,0.05554603673101616,1.498553453893549e-08,2,outandin,Christoph Csallner
3696,3,0,0.11724137931034483,0.0,0.05554603673101616,1.498553453893549e-08,2,outandin,Marcus Handte
4427,3,0,0.11724137931034483,0.0,0.05554603673101616,1.498553453893549e-08,2,outandin,Othmar Lehmann
2519,3,0,0.11724137931034483,0.0,0.05554603673101616,1.498553453893549e-08,4,incoming,James R. Eagan
3850,3,0,0.11724137931034483,0.0,0.05554603673101616,1.498553453893549e-08,2,outandin,Mary Jean Harrold
2493,3,0,0.11724137931034483,0.0,0.05554603673101616,1.498553453893549e-08,2,outandin,James A. Jones
3123,3,0,0.11724137931034483,0.0,0.039870070679813935,7.91079685864561e-12,2,outandin,Ka-Ping Yee
4761,3,0,0.11724137931034483,0.0,0.039870070679813935,7.91079685864561e-12,2,outandin,Rachna Dhamija
3809,3,0,0.11724137931034483,0.0,0.039870070679813935,7.91079685864561e-12,3,outandin,Marti A. Hearst
168,4,0,0.11724137931034483,0.0,0.05580291448521292,1.642225227733588e-08,2,outandin,Alfred Kobsa
1195,4,0,0.11724137931034483,0.0020335891410448127,0.04411430401024574,8.959927335872257e-11,2,incoming,Danyel Fisher
526,5,0,0.11724137931034483,0.0020335891410448127,0.049334178366436436,1.3210725065811174e-09,3,,Benjamin B. Bederson
522,6,0,0.11724137931034483,0.004049375818228627,0.05589414540807703,1.6585154510651384e-08,1,,Ben Shneiderman
1938,6,0,0.11724137931034483,0.001358464934623875,0.055833291684170575,1.6597936093296007e-08,1,,Georges G. Grinstein
788,7,0,0.11724137931034483,0.0053886688686945045,0.05592462204134206,1.6683675212908707e-08,1,incoming,Catherine Plaisant
2923,14,0,0.11724137931034483,0.01891169430156826,0.0641436878197757,1.817519780570263e-07,1,,John T. Stasko
3886,1,1,0.11522048364153627,0.0,0.08175827566665711,4.389409563365501e-05,2,outandin,Matt Williams
3496,1,1,0.11522048364153627,0.0,0.08175827566665711,4.389409563365501e-05,2,outandin,Lior Berry
1944,1,1,0.11522048364153627,0.0,0.06855999787688592,3.5923972668821308e-06,2,outandin,Gerald Gainant
5521,1,1,0.11522048364153627,0.0,0.07572222726011173,1.6906186155917945e-05,2,outandin,Steven A. Morris
5523,1,1,0.11522048364153627,0.0,0.08175827566665711,4.389409563365501e-05,2,outandin,Steven C. North
177,2,1,0.11522048364153627,0.0,0.0835906738580451,0.0028295048069960833,1,incoming,Alireza Entezari
4799,2,1,0.11522048364153627,0.0,0.0835906738580451,0.0028295048069960833,2,outandin,Ramsay Dyer
2427,2,1,0.11522048364153627,0.0,0.058911979795417194,3.157329680284579e-07,2,outandin,Ivan Herman
3600,2,1,0.11522048364153627,0.0,0.058911979795417194,3.157329680284579e-07,2,outandin,M. Scott Marshall
6012,3,1,0.11522048364153627,0.0,0.08169315557452914,5.4563993835244155e-05,2,outandin,Wei Peng
3938,3,1,0.11522048364153627,0.0,0.08201979754004106,5.10052045297559e-05,2,outandin,Maylis Delest
2622,3,1,0.11522048364153627,0.0,0.08201979754004106,5.10052045297559e-05,2,outandin,Jean-Philippe Domenger
6480,3,1,0.11522048364153627,0.0,0.06865177832919768,4.176528936953164e-06,4,outandin,Yves Chiricota
1717,3,1,0.11522048364153627,0.0,0.06865177832919768,4.176528936953164e-06,2,outandin,Fabien Jourdan
1949,3,1,0.11522048364153627,0.0,0.08169315557452914,5.364374722631654e-05,2,outandin,Geraldine E. Rosario
1226,3,1,0.11522048364153627,0.0,0.08169315557452914,5.364374722631654e-05,2,outandin,David C. Brown
5522,3,1,0.11522048364153627,0.0,0.08362475077360076,0.003050946798680915,2,incoming,Steven Bergner
3769,3,1,0.11522048364153627,0.0,0.08362475077360076,0.003050946798680915,2,outandin,Mark S. Drew
2001,3,1,0.11522048364153627,0.0,0.08362475077360076,0.003050946798680915,2,outandin,Graham D. Finlayson
593,4,1,0.11522048364153627,0.0,0.09269386066319145,0.0002458677683284058,3,outandin,Bill Hibbard
5507,4,1,0.11522048364153627,0.0,0.09269386066319145,0.0002458677683284058,2,outandin,Steve Eick
4349,4,1,0.11522048364153627,0.0,0.09032651415572113,0.0033435450063391144,4,outandin,Niklas Röber
347,4,1,0.11522048364153627,0.0,0.09032651415572113,0.0033435450063391144,2,outandin,Anna Celler
3601,4,1,0.11522048364153627,0.0,0.09032651415572113,0.0033435450063391144,2,,M. Stella Atkins
335,5,1,0.11522048364153627,0.0,0.08175827566665711,6.332419315943203e-05,2,outandin,Anilkumar Patro
5334,5,1,0.11522048364153627,0.0,0.08175827566665711,6.332419315943203e-05,2,incoming,Shiping Huang
4366,5,1,0.11522048364153627,0.0,0.08175827566665711,6.332419315943203e-05,2,outandin,Nishant K. Mehta
814,5,1,0.11522048364153627,0.0006806018876089374,0.09273576566349126,0.00024695485196098426,2,,Chaomei Chen
2089,5,1,0.11522048364153627,0.001358464934623875,0.0686977607661228,4.217972861464979e-06,2,incoming,Guy Melançon
2788,6,1,0.11522048364153627,1.3694202969998738e-06,0.08179087466014462,6.684879199207351e-05,1,incoming,Jing Yang 0001
1216,7,1,0.11522048364153627,0.004049375818228627,0.08221703953813334,5.205581781104834e-05,3,incoming,David Auber
1588,8,1,0.11522048364153627,8.216521781999244e-06,0.08185615069738335,7.377709840646052e-05,2,,Elke A. Rundensteiner
5685,8,1,0.11522048364153627,0.00040138361009969635,0.10155025428101122,0.00066887458364287,1,outgoing,Theresa-Marie Rhyne
3959,9,1,0.11522048364153627,0.006345581147562977,0.10628575836665423,0.0037283100118650127,1,incoming,Melanie Tory
5644,11,1,0.11522048364153627,0.008027541781013262,0.10195403262805303,0.0006399838025420574,1,,Tamara Munzner
3904,13,1,0.11522048364153627,0.005376344086021506,0.10175174288077514,0.0006533933603436945,1,,Matthew O. Ward
5849,16,1,0.11522048364153627,0.02841912658889845,0.10476583945232006,0.038985642126084186,2,,Torsten Möller
992,20,1,0.11522048364153627,0.04225808222213642,0.11926250793467598,0.0024410361128012013,2,outgoing,Christopher R. Johnson 0001
5717,1,2,1.0,0.0,0.0008271298593879239,2.416906832729192e-28,3,incoming,Thomas Kapler
6101,1,2,1.0,0.0,0.0008271298593879239,2.416906832729192e-28,2,incoming,William Wright
883,0,3,0.0,0.0,0.0,2.2509198940630926e-37,2,incoming,Chris E. Weaver
4655,1,4,0.10377358490566038,0.0,0.06458800807545424,1.5902867871284954e-05,2,incoming,Pierre Alliez
3318,1,4,0.10377358490566038,0.0,0.06865177832919768,6.034336308396091e-06,2,outandin,Kree Cole-McLaughlin
4111,2,4,0.10377358490566038,0.0,0.07253589591500802,0.00039046743692654657,2,outandin,Michiel van de Panne
3518,2,4,0.10377358490566038,0.0,0.07841418717417534,3.539481384551771e-05,2,outandin,Lok M. Hwa
406,2,4,0.10377358490566038,0.0,0.06876685003273304,6.511480412752826e-06,2,outandin,Ariel Shamir
6490,2,4,0.10377358490566038,0.0,0.05593987282455486,2.330971718453397e-06,2,outandin,Zachi Karni
130,2,4,0.10377358490566038,0.0,0.05593987282455486,2.330971718453397e-06,2,outandin,Alexander Bogomjakov
5164,2,4,0.10377358490566038,0.0,0.05903065140939357,5.209326941519411e-07,4,outandin,Sanghun Park
2139,3,4,0.10377358490566038,0.00027285780930835367,0.08532924860550861,0.0028613029850705243,2,incoming,Hamish A. Carr
4563,3,4,0.10377358490566038,0.0,0.059047643537030126,5.620791941428874e-07,2,outandin,Peter Djeu
380,3,4,0.10377358490566038,0.0,0.059047643537030126,5.620791941428874e-07,2,outandin,Anthony Thane
2889,3,4,0.10377358490566038,0.0,0.0686977607661228,8.790629092771829e-06,2,outandin,John Harer
5948,3,4,0.10377358490566038,0.0,0.0686977607661228,8.790629092771829e-06,2,incoming,Vijay Natarajan
4544,3,4,0.10377358490566038,0.0,0.07907922654111128,2.860973367812202e-05,1,incoming,Peer-Timo Bremer
5952,4,4,0.10377358490566038,1.369420296999874e-06,0.059064645449940306,5.975025013641869e-07,2,outandin,Vinay Siddavanahalli
36,4,4,0.10377358490566038,0.0,0.06867476185056667,1.722625206118222e-05,4,outandin,Achim Ebert
3384,4,4,0.10377358490566038,0.0,0.06867476185056667,1.722625206118222e-05,2,outandin,Lars Schuchardt
2240,4,4,0.10377358490566038,0.0,0.06867476185056667,1.722625206118222e-05,2,outandin,Heidrun Steinmetz
5436,4,4,0.10377358490566038,0.001012686309631407,0.07654160957001593,0.00023371747155688483,3,,Stefan Gumhold
996,4,4,0.10377358490566038,0.0,0.07932386451958341,5.83936645887817e-05,2,incoming,Christopher S. Co
616,4,4,0.10377358490566038,0.0,0.07932386451958341,5.83936645887817e-05,2,outgoing,Bjørn Heckel
531,4,4,0.10377358490566038,0.0,0.08159566970868842,6.022802345227092e-05,2,outandin,Benjamin F. Gregorski
1070,4,4,0.10377358490566038,0.001358464934623875,0.06468984977850605,3.2053541394797374e-05,1,outgoing,Craig Gotsman
3190,4,4,0.10377358490566038,0.0,0.07886640278648316,6.010668184483653e-05,2,incoming,Kathleen S. Bonnell
1173,4,4,0.10377358490566038,0.0,0.07886640278648316,6.010668184483653e-05,2,outgoing,Daniel Schikore
2404,5,4,0.10377358490566038,0.0,0.07935455073409775,6.326397969960259e-05,2,incoming,Ingrid Hotz
3535,5,4,0.10377358490566038,0.0,0.07935455073409775,6.326397969960259e-05,2,outandin,Louis Feng
638,5,4,0.10377358490566038,0.0,0.07935455073409775,6.326397969960259e-05,2,incoming,Boris Jeremic
2274,5,4,0.10377358490566038,0.00028455901666754065,0.07914024446282511,2.978644979536822e-05,4,outandin,Herbert Edelsbrunner
3819,5,4,0.10377358490566038,0.0,0.09383875281227935,0.0001710532550359932,2,incoming,Martin Hering-Bertram
1955,5,4,0.10377358490566038,0.0,0.0686977607661228,1.8995790004425186e-05,2,outandin,Gerhard Steinebach
2400,5,4,0.10377358490566038,0.0,0.0686977607661228,1.8995790004425186e-05,2,outandin,Inga Scheler
3629,5,4,0.10377358490566038,0.0,0.0686977607661228,1.8995790004425186e-05,2,outandin,Maja Ruby
4084,5,4,0.10377358490566038,0.0,0.0686977607661228,1.8995790004425186e-05,2,outandin,Michael Wadlé
3822,5,4,0.10377358490566038,0.001693288197240344,0.07657018053290134,0.00023472699228173374,2,incoming,Martin Isenburg
1146,5,4,0.10377358490566038,0.0,0.09383875281227935,0.0001710532550359932,2,incoming,Daniel E. Laney
2465,6,4,0.10377358490566038,0.006819564588801725,0.08796377086091024,0.002908620751238572,2,outandin,Jack Snoeyink
798,6,4,0.10377358490566038,0.0027073439271687507,0.06885918551448227,6.6642130656327e-06,1,outgoing,Chandrajit L. Bajaj
250,6,4,0.10377358490566038,0.0,0.06872077509133757,2.1342354434611177e-05,2,outandin,Andreas Disch
4788,6,4,0.10377358490566038,0.0,0.06872077509133757,2.1342354434611177e-05,2,outandin,Ralf Klein
5192,6,4,0.10377358490566038,0.0,0.06872077509133757,2.1342354434611177e-05,2,outandin,Sascha Köhn
1430,6,4,0.10377358490566038,0.0,0.06872077509133757,2.1342354434611177e-05,2,outandin,Dirk Zeckzer
5827,6,4,0.10377358490566038,0.0,0.08159566970868842,0.0001078026893185879,2,outandin,Tom Bobach
3162,6,4,0.10377358490566038,0.0,0.08159566970868842,0.0001078026893185879,2,outandin,Karim Mahrous
6125,6,4,0.10377358490566038,0.0,0.08159566970868842,0.0001078026893185879,2,incoming,Wolfgang Kollmann
4584,8,4,0.10377358490566038,0.014911362983820549,0.08480012966004245,0.0002755963191538458,1,,Peter Lindstrom 0001
2819,9,4,0.10377358490566038,1.0270652227499055e-05,0.06878991067996067,2.4830688121937985e-05,2,outandin,Jochen Ehret
4056,10,4,0.10377358490566038,1.369420296999874e-05,0.06881298679894085,2.648539155014757e-05,2,outandin,Michael Münchhofen
3743,11,4,0.10377358490566038,0.007184432636537805,0.0956770119625199,0.0002085049212846051,2,,Mark A. Duchaineau
5917,12,4,0.10377358490566038,0.006004827032652272,0.08234906208255427,8.56626593873317e-05,1,,Valerio Pascucci
3238,21,4,0.10377358490566038,0.01184528139815616,0.09676014794700126,0.0002981174964345346,2,,Kenneth I. Joy
567,25,4,0.10377358490566038,0.009934405858283198,0.09599041349913087,0.0002913345491612304,1,,Bernd Hamann
2161,26,4,0.10377358490566038,0.008854063799588259,0.0822829978530456,0.0001824139712961685,0,,Hans Hagen
3584,1,5,0.33064516129032256,0.0,0.06617145601536861,0.016128931289856718,2,outandin,László Szirmay-Kalos
2430,2,5,0.33064516129032256,0.0,0.07360298300955963,0.03633043376935917,1,incoming,Ivan Viola
3865,2,5,0.33064516129032256,0.0,0.07360298300955963,0.037012570186876245,3,incoming,Matej Mlejnek
260,3,5,0.33064516129032256,0.0,0.07373526730684496,0.055274689026885676,2,outandin,Andreas König 0002
1962,3,5,0.33064516129032256,0.0,0.07426919393470047,0.04002108058912594,2,outandin,Gian Italo Bischi
319,5,5,0.33064516129032256,0.0,0.06677458126550868,0.044481586057985446,2,outandin,André Neubauer 0002
5448,5,5,0.33064516129032256,0.0,0.06677458126550868,0.044481586057985446,2,incoming,Stefan Wolfsberger
3725,5,5,0.33064516129032256,0.0,0.06677458126550868,0.044481586057985446,2,outandin,Marie-Thérèse Forster
3192,5,5,0.33064516129032256,0.0,0.06677458126550868,0.04448158605798544,2,incoming,Katja Bühler
1447,5,5,0.33064516129032256,0.0,0.07378831426174198,0.08864692523503179,2,outandin,Dominique Sandner
490,5,5,0.33064516129032256,0.0,0.07378831426174198,0.06392514358095441,2,outandin,Balint Hegedüs
1181,5,5,0.33064516129032256,0.0,0.07378831426174198,0.06392514358095441,2,outandin,Daniel Wagner
3812,5,5,0.33064516129032256,0.0,0.07378831426174198,0.06392514358095441,2,outandin,Martin C. Freund
3922,6,5,0.33064516129032256,0.0,0.07370877242099988,0.0684848869644578,2,outandin,Matús Straka
4098,6,5,0.33064516129032256,0.0,0.07370877242099988,0.0684848869644578,2,outandin,Michal Cervenanský
151,6,5,0.33064516129032256,0.0,0.07370877242099988,0.0684848869644578,2,outandin,Alexandra La Cruz
420,6,5,0.33064516129032256,0.0,0.07370877242099988,0.0684848869644578,4,outandin,Arnold Köchl
2805,14,5,0.33064516129032256,0.0,0.07877554287543882,0.23735708272400105,2,incoming,Jirí Hladuvka
4042,14,5,0.33064516129032256,0.0,0.07877554287543882,0.23735708272400105,2,outandin,Michael Knapp
6056,14,5,0.33064516129032256,0.0,0.07877554287543882,0.23735708272400105,4,outandin,Werner Purgathofer
491,15,5,0.33064516129032256,0.0006806018876089374,0.07880580624189115,0.23837922030175152,2,incoming,Balázs Csébfalvi
4607,15,5,0.33064516129032256,4.174508820951888e-05,0.07880580624189115,0.24297489925113638,2,outandin,Petr Felkel
5742,15,5,0.33064516129032256,0.0050736080137876415,0.0884187558826046,0.23982791827214503,3,outandin,Thomas Theußl
415,16,5,0.33064516129032256,0.00013701272379973512,0.0788360928699626,0.24527726674413733,2,incoming,Armin Kanitsar
5444,16,5,0.33064516129032256,0.010303450721222154,0.08800150735634607,0.23975623955042707,2,outandin,Stefan Röttger
5438,17,5,0.33064516129032256,0.007986459172103265,0.07914024446282511,0.2410539938032671,4,outgoing,Stefan Guthe
4139,18,5,0.33064516129032256,0.0002693736671519203,0.07889673601832412,0.2547174399026966,5,outandin,Milos Srámek
1438,19,5,0.33064516129032256,0.00031385759595543763,0.07892709259239811,0.26033525642983185,2,outandin,Dominik Fleischmann
354,19,5,0.33064516129032256,0.0003607612785673033,0.07892709259239811,0.25535897432098975,2,incoming,Anna Vilanova
3566,20,5,0.33064516129032256,0.0017746569869042435,0.07938526069955212,0.25406867115236703,2,outandin,Lukas Mroz
4783,23,5,0.33064516129032256,0.0016184586655639838,0.07904875285072935,0.26990690536748296,2,outgoing,Rainer Wegenkittl
3590,30,5,0.33064516129032256,0.016449783061936837,0.08953798064061226,0.2916718714733426,1,,M. Eduard Gröller
1940,1,6,1.0,0.0,0.0008271298593879239,2.416906832729192e-28,2,outgoing,Georges-Pierre Bonneau
5453,1,6,1.0,0.0,0.0008271298593879239,2.416906832729192e-28,1,outgoing,Stefanie Hahmann
195,2,7,1.0,0.0,0.0016542597187758478,4.634444452430177e-23,2,outandin,Almir Olivette Artero
3708,2,7,1.0,0.0,0.0016542597187758478,4.634444452430177e-23,2,outandin,Maria Cristina Ferreira de Oliveira
2125,2,7,1.0,0.0,0.0016542597187758478,4.634444452430177e-23,3,outandin,Haim Levkowitz
1602,2,8,0.14839424141749724,0.0,0.011862252617563398,8.695615100893194e-08,2,outandin,Emden R. Gansner
3498,2,8,0.14839424141749724,0.0,0.009062466285467688,9.927715609990309e-09,2,outandin,Liran Carmel
1256,2,8,0.14839424141749724,0.0,0.009062466285467688,9.927715609990309e-09,2,outandin,David Harel
4985,2,8,0.14839424141749724,0.0,0.008582688658589988,1.1105136829417693e-07,2,outandin,Robert S. Schulman
1343,2,8,0.14839424141749724,0.0,0.008582688658589988,1.1105136829417693e-07,2,outandin,Deborah Hix
5663,2,8,0.14839424141749724,0.0,0.010807830162668872,5.511520965219422e-07,2,outandin,Ted Tanasse
5024,3,8,0.14839424141749724,0.0,0.010062462565243435,2.9662599684252035e-08,2,outandin,Roland Heilmann
528,3,8,0.14839424141749724,0.0,0.010062462565243435,2.802674771446665e-08,4,outandin,Benjamin Bustos
5815,3,8,0.14839424141749724,0.0,0.010062462565243435,2.802674771446665e-08,1,incoming,Tobias Schreck
1342,3,8,0.14839424141749724,0.0,0.010807830162668872,9.651888546885202e-07,2,incoming,Deborah A. Payne
630,3,8,0.14839424141749724,0.0,0.010807830162668872,9.651888546885202e-07,2,outandin,Bobbie-Jo M. Webb-Robertson
6308,4,8,0.14839424141749724,0.00010955362375998992,0.012058322908762792,8.877081273506758e-08,2,incoming,Yehuda Koren
2254,4,8,0.14839424141749724,0.0,0.01013234077750207,4.157776842012005e-08,2,outandin,Helmut Barro
2669,4,8,0.14839424141749724,0.0,0.014446109623369285,7.259357715257226e-07,2,outandin,Jeremy Jaech
4129,4,8,0.14839424141749724,0.0,0.014446109623369285,7.259357715257226e-07,2,outandin,Mike Peery
6066,4,8,0.14839424141749724,0.0,0.014446109623369285,7.259357715257226e-07,2,outandin,Will Schroeder
3235,4,8,0.14839424141749724,0.0,0.011310519937676728,1.3352896464597605e-06,2,outandin,Kenneth A. Perrine
4263,4,8,0.14839424141749724,0.0,0.011310519937676728,1.3352896464597605e-06,2,outandin,Nancy Miller
3039,4,8,0.14839424141749724,0.0,0.01013234077750207,2.1889963604346987e-08,2,outandin,Julian Ladisch
3956,4,8,0.14839424141749724,0.0,0.01013234077750207,2.1889963604346987e-08,4,outgoing,Meichun Hsu
4131,5,8,0.14839424141749724,9.129468646665827e-07,0.01020319630741467,4.4288879260853846e-08,2,incoming,Mike Sips
4150,5,8,0.14839424141749724,9.129468646665827e-07,0.01020319630741467,3.271612032859996e-08,2,,Ming C. Hao
5897,5,8,0.14839424141749724,9.129468646665827e-07,0.01020319630741467,3.271612032859996e-08,2,,Umeshwar Dayal
6043,5,8,0.14839424141749724,0.0,0.01279874624526577,1.6174774276612671e-06,2,incoming,Wendy Cowley
3556,5,8,0.14839424141749724,0.00011115128077315643,0.011223515938156138,9.92998829782238e-07,2,outandin,Lucy T. Nowell
3360,5,8,0.14839424141749724,0.0,0.01279874624526577,1.6174774276612671e-06,2,outandin,L. Ruby Leung
2215,6,8,0.14839424141749724,2.738840593999748e-07,0.012912009486374318,1.7653030280427436e-06,2,,Harlan Foote
1114,6,8,0.14839424141749724,2.738840593999748e-07,0.012912009486374318,1.7653030280427436e-06,2,outandin,Dan Adams
3106,7,8,0.14839424141749724,7.486164290265983e-05,0.01314465830594863,1.1845412998491557e-07,2,incoming,Jörn Schneidewind
914,8,8,0.14839424141749724,9.837002466782426e-05,0.013264155199639072,1.2030795345995992e-07,2,incoming,Christian Panse
5480,9,8,0.14839424141749724,0.0006354110178079415,0.017165377317179976,7.757257527742681e-07,4,,Stephen C. North
916,9,8,0.14839424141749724,0.0,0.014029394922695173,3.8416057533406044e-06,2,outandin,Christian Posse
3746,9,8,0.14839424141749724,0.0,0.014029394922695173,3.8416057533406044e-06,4,incoming,Mark A. Whiting
4323,9,8,0.14839424141749724,0.0,0.014029394922695173,3.8416057533406044e-06,4,outandin,Nick Cramer
396,9,8,0.14839424141749724,0.0,0.014029394922695173,3.8416057533406044e-06,2,outandin,Anuj R. Shah
104,9,8,0.14839424141749724,0.0,0.014029394922695173,3.8416057533406044e-06,2,incoming,Alan Turner
1583,10,8,0.14839424141749724,4.4460512309262576e-05,0.014165602640391241,2.8409505968375914e-06,2,outandin,Elizabeth Jurrus
4223,11,8,0.14839424141749724,4.363886013106264e-05,0.014304481097649977,4.0180281166035095e-06,4,outandin,Mudita Singhal
1130,12,8,0.14839424141749724,0.00025539688539047656,0.013764689358116018,1.302899371303647e-07,0,,Daniel A. Keim
4443,14,8,0.14839424141749724,3.409856539529687e-05,0.014737950221821191,4.7195705898020255e-06,2,,Pak Chung Wong
1581,14,8,0.14839424141749724,0.00015269036311548598,0.015041825484126782,4.486443264927951e-06,2,,Elizabeth G. Hetzler
5587,15,8,0.14839424141749724,0.00016542597187758475,0.015198511166253103,4.612494369509035e-06,2,outandin,Susan L. Havre
2511,18,8,0.14839424141749724,0.0006366434960752414,0.018469076860256933,4.989502340154993e-06,2,,James J. Thomas
6282,1,9,1.0,0.0,0.0008271298593879239,2.416906832729192e-28,2,incoming,Yaniv Frishman
472,1,9,1.0,0.0,0.0008271298593879239,2.416906832729192e-28,1,,Ayellet Tal
4715,1,10,0.35714285714285715,0.0,0.003117643316154482,5.560553072400881e-19,2,outandin,Qing Li
5169,1,10,0.35714285714285715,0.0,0.003117643316154482,5.560553072400881e-19,2,outandin,Sanjini Jayaraman
4697,2,10,0.35714285714285715,0.0,0.003377446925834023,8.095097649088974e-19,2,incoming,Purvi Saraiya
3160,2,10,0.35714285714285715,0.0,0.003377446925834023,8.095097649088974e-19,2,outandin,Karen Duca
5923,2,10,0.35714285714285715,0.0,0.003377446925834023,9.08217986163295e-19,2,outandin,Varun Saini
5155,2,10,0.35714285714285715,0.0,0.003377446925834023,9.08217986163295e-19,2,outandin,Sandeep Prabhakar
4285,3,10,0.35714285714285715,6.84710148499937e-07,0.0036844875554552974,1.1247745664132735e-18,2,outandin,Nathan Conklin
893,7,10,0.35714285714285715,2.3964855197497795e-05,0.005789909015715467,1.7759884969148434e-18,1,incoming,Chris North 0001
5834,1,11,0.3181818181818182,0.0,0.0038493351148438,3.5632076927602813e-16,2,outgoing,Tom Roxborough
43,2,11,0.3181818181818182,0.0,0.004003308519437552,4.634255943800571e-16,2,incoming,Adam Huang
5519,2,11,0.3181818181818182,0.0,0.004003308519437552,4.634255943800571e-16,2,outandin,Steve Sylvester
5324,3,11,0.3181818181818182,0.0,0.005267511209786253,1.3008556981153026e-15,4,incoming,Shigeo Takahashi
6296,3,11,0.3181818181818182,0.0,0.004549214226633582,9.991086297931305e-16,2,outandin,Yasuko Suzuki
3460,3,11,0.3181818181818182,0.0,0.004549214226633582,9.991086297931305e-16,3,outandin,Li Chen
2290,3,11,0.3181818181818182,0.0,0.004549214226633582,9.991086297931305e-16,2,outandin,Hiroko Nakamura
4919,3,11,0.3181818181818182,0.0,0.004549214226633582,1.2284482758238023e-15,2,outandin,Rika Furuhata
6387,3,11,0.3181818181818182,0.0,0.004549214226633582,1.2284482758238023e-15,2,outgoing,Yoshihiko Ichikawa
6467,5,11,0.3181818181818182,6.84710148499937e-06,0.005887218410937577,1.7620851504518636e-15,2,,Yuriko Takeshima
2034,6,11,0.3181818181818182,3.5604927721996724e-05,0.0062551695616211754,1.5417436491767276e-15,1,,Gregory M. Nielson
2422,8,11,0.3181818181818182,3.9713188612996346e-05,0.007148765213281343,2.3247685286608518e-15,2,,Issei Fujishiro
5572,3,12,0.3076923076923077,0.0,0.005376344086021506,1.1681981467929411e-14,2,incoming,Sung-Eui Yoon
693,3,12,0.3076923076923077,0.0,0.005376344086021506,1.1681981467929411e-14,2,outandin,Brian Salomon
5093,3,12,0.3076923076923077,0.0,0.005376344086021506,1.1681981467929411e-14,2,outandin,Russell Gayle
4116,3,12,0.3076923076923077,0.0,0.00482017055988135,9.048119168426605e-15,2,outandin,Miguel A. Otaduy
4368,3,12,0.3076923076923077,0.0,0.00482017055988135,9.048119168426605e-15,2,outandin,Nitin Jain
466,3,12,0.3076923076923077,0.0,0.00482017055988135,9.048119168426605e-15,2,outandin,Avneesh Sud
1984,3,12,0.3076923076923077,0.0,0.005376344086021506,1.1681981467929411e-14,2,outandin,Gokul Varadhan
5287,3,12,0.3076923076923077,0.0,0.005376344086021506,1.1681981467929411e-14,2,outandin,Shankar Krishnan
6393,3,12,0.3076923076923077,0.0,0.005376344086021506,1.1681981467929411e-14,2,outandin,Young J. Kim
427,4,12,0.3076923076923077,0.0,0.00635386119257087,2.0730100590011574e-14,2,outandin,Arthur D. Gregory
82,4,12,0.3076923076923077,0.0,0.00635386119257087,2.0730100590011574e-14,2,incoming,Ajith Mascarenhas
5476,4,12,0.3076923076923077,0.0,0.00635386119257087,2.0730100590011574e-14,2,outandin,Stephen A. Ehmann
4151,7,12,0.3076923076923077,4.108260890999622e-05,0.0073571024335031135,2.5403993953278525e-14,2,outandin,Ming C. Lin
1416,10,12,0.3076923076923077,6.984043514699357e-05,0.008736559139784947,3.279897897658294e-14,2,,Dinesh Manocha
6291,1,13,0.0590990990990991,0.0,0.0775837797457045,3.376120194626747e-05,4,,Yarden Livnat
4567,1,13,0.0590990990990991,0.0,0.06666607528360179,1.6338686582967495e-06,2,outandin,Peter G. Sibley
3031,1,13,0.0590990990990991,0.0,0.07910972373607508,3.837217936689682e-05,2,outandin,Julia Ebling
1649,1,13,0.0590990990990991,0.0,0.09076615648125783,0.00010330482408890406,2,outandin,Eric Luke
1959,1,13,0.0590990990990991,0.0,0.07941599444353181,2.23701251112581e-05,2,outandin,Gevorg Grigoryan
254,1,13,0.0590990990990991,0.0,0.06883607840524922,1.8654542805185266e-06,2,outandin,Andreas Hubeli
280,1,13,0.0590990990990991,0.0,0.07941599444353181,2.23701251112581e-05,2,outandin,Andrej Cedilnik
1725,1,13,0.0590990990990991,0.0,0.07276747557560932,2.390941220908841e-06,2,outandin,Fakir S. Nooruddin
1302,1,13,0.0590990990990991,0.0,0.08019214763394944,2.871549841198181e-05,3,outandin,David R. Nadeau
3724,1,13,0.0590990990990991,0.0,0.07941599444353181,2.23701251112581e-05,2,incoming,Marie desJardins
6385,2,13,0.0590990990990991,0.0,0.08462521190084268,3.370787195943081e-05,2,outandin,Yootai Kim
3766,2,13,0.0590990990990991,0.0,0.06885918551448227,2.0055088370161943e-06,2,outandin,Mark Pauly
3434,2,13,0.0590990990990991,0.0,0.06885918551448227,2.0055088370161943e-06,2,outandin,Leif Kobbelt
1662,2,13,0.0590990990990991,0.0,0.0835906738580451,0.00025563898419158086,2,outandin,Erik Reinhard
5185,2,13,0.0590990990990991,0.0,0.0835906738580451,0.00025563898419158086,4,outandin,Sarah H. Creem-Regehr
1691,2,13,0.0590990990990991,0.01922666096987823,0.07434995057906585,2.403776508167696e-06,1,incoming,Eugene Zhang
656,2,13,0.0590990990990991,0.0,0.08655338128592518,5.148535937447301e-05,2,outandin,Bradley C. Lowekamp
4153,2,13,0.0590990990990991,0.0,0.08462521190084268,3.370787195943081e-05,2,incoming,Ming Jiang 0005
5337,2,13,0.0590990990990991,0.0,0.08462521190084268,3.3546304339975164e-05,2,outandin,Shivaraj Tenginakai
2797,2,13,0.0590990990990991,0.0,0.08462521190084268,3.3546304339975164e-05,2,outandin,Jinho Lee
4810,2,13,0.0590990990990991,0.0,0.09064583015803919,6.293338849905998e-05,2,outandin,Randy K. Scoggins
5699,2,13,0.0590990990990991,0.0,0.06885918551448227,2.0055088370161943e-06,2,outgoing,Thomas C. Sprenger
4736,2,13,0.0590990990990991,0.0,0.06885918551448227,2.0055088370161943e-06,2,outandin,R. Brunella
6008,3,13,0.0590990990990991,0.0,0.08034920236883772,2.5958351973589856e-05,1,incoming,Wei Chen 0001
4857,3,13,0.0590990990990991,0.0,0.08034920236883772,2.5958351973589856e-05,3,outandin,Ren Liu
3692,3,13,0.0590990990990991,0.0,0.09366735782997383,0.0003665855573827376,2,incoming,Marcus A. Magnor
4302,3,13,0.0590990990990991,0.0,0.09366735782997383,0.0003665855573827376,2,outandin,Neb Duric
1308,3,13,0.0590990990990991,6.84710148499937e-07,0.08466013770022397,3.587842098991708e-05,2,incoming,David S. Thompson
2440,3,13,0.0590990990990991,0.0,0.10040700619072085,0.0002985841612894371,2,outandin,J. Dean Brederson
3295,3,13,0.0590990990990991,0.0,0.09768167316554414,0.0002666220712456078,2,outandin,Kirk Riley
2590,3,13,0.0590990990990991,0.0,0.09768167316554414,0.0002666220712456078,2,outandin,Jason J. Levit
4501,3,13,0.0590990990990991,0.0,0.08872470313479354,0.0004945473836986109,2,outandin,Paul Burchard
5429,3,13,0.0590990990990991,0.0,0.08872470313479354,0.0004945473836986109,2,outandin,Stanley J. Osher
2068,3,13,0.0590990990990991,0.0,0.08057011533685887,7.173572554470665e-05,2,,Gunther H. Weber
3404,3,13,0.0590990990990991,0.0,0.07947753337762212,2.3545905805229904e-05,2,outandin,Laurent Balmelli
1746,3,13,0.0590990990990991,0.0,0.07947753337762212,2.3545905805229904e-05,2,outandin,Fausto Bernardini
2675,3,13,0.0590990990990991,0.0,0.08133684125600424,2.6028616642468697e-05,2,outandin,Jeroen van Baar
5237,3,13,0.0590990990990991,0.0,0.08501098783574085,3.679036847432367e-05,2,outandin,Sean Ziegeler
4510,3,13,0.0590990990990991,0.0,0.08501098783574085,3.679036847432367e-05,2,outandin,Paul J. Croft
1499,3,13,0.0590990990990991,0.0,0.08501098783574085,3.679036847432367e-05,2,outandin,Duanjun Lu
5137,4,13,0.0590990990990991,0.0,0.08469509234006717,3.938055740141394e-05,2,outandin,Sameep Mehta
3124,4,13,0.0590990990990991,0.0,0.08469509234006717,3.938055740141394e-05,2,outandin,Kaden Hazzard
5422,4,13,0.0590990990990991,0.0,0.08469509234006717,3.938055740141394e-05,2,incoming,Srinivasan Parthasarathy 0001
2931,4,13,0.0590990990990991,0.0,0.08469509234006717,3.938055740141394e-05,2,outandin,John Wilkins
2937,4,13,0.0590990990990991,0.0,0.09948182039167927,0.00041596476107831214,2,outandin,Jon D. Genetti
1886,4,13,0.0590990990990991,0.0006806018876089375,0.07950833862311732,2.365214684634933e-05,2,outgoing,Gabriel Taubin
2022,4,13,0.0590990990990991,0.020463247498069114,0.08834259847013036,3.45489644127426e-05,2,outgoing,Greg Turk
77,4,13,0.0590990990990991,0.0,0.09810211078318636,0.00029099297522758994,2,incoming,Aidong Lu
3921,5,13,0.0590990990990991,3.922628361850749e-05,0.08140139430462011,2.9385215688624436e-05,2,outandin,Matthias Zwicker
2016,5,13,0.0590990990990991,0.0,0.09857352890324012,0.0003135142289191258,2,outandin,Greg Johnson
1221,5,13,0.0590990990990991,0.0,0.09857352890324012,0.0003135142289191258,2,outandin,David Blair Kirk
595,5,13,0.0590990990990991,0.0,0.09857352890324012,0.0003135142289191258,2,outandin,Bill Mark
4031,5,13,0.0590990990990991,0.0006806018876089374,0.09953008910608573,0.00041781992619242673,1,outgoing,Michael J. Bailey
5823,5,13,0.0590990990990991,0.00014360654181205345,0.0939677112449119,0.003188531986111276,2,incoming,Tolga Tasdizen
1604,5,13,0.0590990990990991,0.0,0.09092708938282033,0.00024842155581167574,2,outandin,Emil Praun
941,6,13,0.0590990990990991,0.0,0.09466151991123335,0.00047922164909239095,1,incoming,Christoph Garth
1533,6,13,0.0590990990990991,0.0,0.09466151991123335,0.00047922164909239095,2,incoming,Eduard Deines
3795,6,13,0.0590990990990991,0.0,0.09466151991123335,0.00047922164909239095,2,,Markus Rütten
5383,6,13,0.0590990990990991,6.446709074352742e-05,0.09782141804847053,0.000384177415087178,2,outandin,Simon Premoze
16,6,13,0.0590990990990991,0.00012848542346701312,0.09943359847195476,0.00047793124140761315,2,outandin,Aaron E. Lefohn
4135,7,13,0.0590990990990991,0.0001713502751805277,0.1006039792288586,0.00042320552501301875,2,outandin,Milan Ikits
5671,7,13,0.0590990990990991,0.0007869538739011067,0.10144980892563932,0.00042535529245187065,1,outgoing,Terry S. Yoo
979,7,13,0.0590990990990991,0.002705974506871751,0.09829013591166395,0.00029556192878912115,2,outandin,Christopher J. Morris 0001
6144,8,13,0.0590990990990991,0.0032259541138520034,0.09554332261185035,0.0004934397987068805,3,,Xavier Tricoche
2829,8,13,0.0590990990990991,0.0006903638774463465,0.10418055543303337,0.0008368361549518033,2,incoming,Joe Michael Kniss
4551,9,13,0.0590990990990991,0.0023789754162537786,0.09833725486464175,0.0003258818805186227,1,,Penny Rheingans
2182,10,13,0.0590990990990991,0.010308124250123823,0.09967517669953484,0.0003221991293506929,0,,Hanspeter Pfister
3786,10,13,0.0590990990990991,0.007594689663157941,0.08261438326526085,2.6950044768420905e-05,3,,Markus H. Gross
4962,11,13,0.0590990990990991,0.040019836053002154,0.10695073704256658,0.00046098200336278566,1,,Robert J. Moorhead II
1956,14,13,0.0590990990990991,0.004906020453273841,0.0978680885723486,0.0005583132429355098,1,,Gerik Scheuermann
1995,14,13,0.0590990990990991,0.007908464306163382,0.10476583945232006,0.0035144678433615467,2,,Gordon L. Kindlmann
5062,15,13,0.0590990990990991,0.03696800686425565,0.11289571472077198,0.0036116152762217667,3,incoming,Ross T. Whitaker
4770,16,13,0.0590990990990991,0.01567703715615486,0.10639601330271925,0.0004559467612888089,2,,Raghu Machiraju
1306,22,13,0.0590990990990991,0.028732504495275677,0.11695069193138123,0.0021277317817488097,0,,David S. Ebert
823,36,13,0.0590990990990991,0.058014058208754986,0.11635366627773265,0.0015076010660281572,0,,Charles D. Hansen
3976,3,14,1.0,0.0,0.0024813895781637717,2.5951339510127053e-19,2,incoming,Miao Jin
6263,3,14,1.0,0.0,0.0024813895781637717,2.5951339510127053e-19,2,outandin,Yalin Wang 0001
5333,3,14,1.0,0.0,0.0024813895781637717,2.5951339510127053e-19,2,outandin,Shing-Tung Yau
6152,3,14,1.0,0.0,0.0024813895781637717,2.5951339510127053e-19,2,incoming,Xianfeng Gu
3624,1,15,0.1408199643493761,0.0,0.056016251678766435,6.324243864024908e-08,2,outandin,Mahnas Jean Mohammadi-Aragh
1730,2,15,0.1408199643493761,0.0,0.06477155467244795,8.986459625329647e-07,2,incoming,Fan-Yin Tzeng
4015,2,15,0.1408199643493761,0.0,0.06479201315465656,8.898004400413238e-07,2,outandin,Michael Gertz 0001
117,2,15,0.1408199643493761,0.0,0.06477155467244795,8.986459625329647e-07,2,outandin,Aleksander Stompel
2902,2,15,0.1408199643493761,0.0,0.06477155467244795,8.986459625329647e-07,4,outandin,John P. Clyne
2033,3,15,0.1408199643493761,0.0,0.06479201315465656,9.629565626238473e-07,2,outgoing,Gregory L. Schussman
5414,3,15,0.1408199643493761,0.0,0.06479201315465656,9.629565626238473e-07,2,outandin,Soon Tee Teoh
5623,3,15,0.1408199643493761,0.0006806018876089374,0.064812484564816,8.940309641557104e-07,2,incoming,T. J. Jankun-Kelly
5084,3,15,0.1408199643493761,0.0,0.07631380716058135,1.0807189336558522e-05,2,outandin,Runzhen Huang
6100,3,15,0.1408199643493761,0.0,0.07631380716058135,1.0807189336558522e-05,2,outandin,William Ward
5358,3,15,0.1408199643493761,0.0,0.06479201315465656,9.629565626238473e-07,2,outandin,Shyhtsun Felix Wu
6174,3,15,0.1408199643493761,0.0,0.06479201315465656,9.629565626238473e-07,2,outandin,Xiaoliang Zhao
1295,3,15,0.1408199643493761,0.0,0.06479201315465656,9.629565626238473e-07,2,outandin,David P. Schissel
5819,3,15,0.1408199643493761,0.0,0.06479201315465656,9.629565626238473e-07,2,outandin,Todd Evans
1630,4,15,0.1408199643493761,2.054130445499811e-06,0.064812484564816,1.0172980559695813e-06,2,outandin,Eric B. Lum
2630,4,15,0.1408199643493761,0.0,0.09198722585096085,0.0001314793527284549,2,outandin,Jeff T. Inman
2020,4,15,0.1408199643493761,0.0,0.09198722585096085,0.0001314793527284549,2,outandin,Greg Roth
1232,4,15,0.1408199643493761,0.0,0.064812484564816,1.050039273374331e-06,2,outandin,David Crawford
4149,4,15,0.1408199643493761,0.0,0.064812484564816,1.050039273374331e-06,2,outandin,Min-Yu Huang
5212,4,15,0.1408199643493761,0.0,0.064812484564816,1.050039273374331e-06,2,outandin,Scott Klasky
5556,4,15,0.1408199643493761,0.0,0.064812484564816,1.050039273374331e-06,2,outandin,Stéphane Ethier
4411,4,15,0.1408199643493761,0.0,0.07817511953035164,2.759591995802443e-05,2,outandin,Oliver Kreylos
4313,4,15,0.1408199643493761,0.0,0.07817511953035164,2.759591995802443e-05,1,,Nelson L. Max
5372,4,15,0.1408199643493761,0.0,0.07817511953035164,2.759591995802443e-05,2,outandin,Silvia N. Crivelli
4492,7,15,0.1408199643493761,0.013091658039318796,0.09281968943332249,0.00013365865351642526,2,outgoing,Patrick S. McCormick
2012,7,15,0.1408199643493761,0.0,0.07682828226503471,2.0288462640103405e-05,4,outgoing,Greg Abram
2917,7,15,0.1408199643493761,0.0,0.07682828226503471,2.0288462640103405e-05,2,incoming,John Shalf
4809,7,15,0.1408199643493761,0.0,0.07682828226503471,2.0288462640103405e-05,2,outandin,Randy Frank
5527,7,15,0.1408199643493761,0.0,0.07682828226503471,2.0288462640103405e-05,2,outgoing,Steven G. Parker
4246,7,15,0.1408199643493761,0.0,0.07682828226503471,2.0288462640103405e-05,2,outandin,Nagiza F. Samatova
3751,7,15,0.1408199643493761,0.0,0.07682828226503471,2.0288462640103405e-05,2,,Mark C. Miller
2518,11,15,0.1408199643493761,0.0038719119898355035,0.09240158272416338,0.00014253899723178868,2,,James P. Ahrens
1524,11,15,0.1408199643493761,0.0005654173380086648,0.07907922654111128,4.490039995379662e-05,2,,E. Wes Bethel
3348,19,15,0.1408199643493761,0.011357287233168456,0.07679951840046524,1.1829920391802342e-05,0,,Kwan-Liu Ma
458,2,16,1.0,0.0,0.0016542597187758478,4.634444452430177e-23,2,outandin,Augusto Román
1901,2,16,1.0,0.0,0.0016542597187758478,4.634444452430177e-23,2,outandin,Gaurav Garg
3659,2,16,1.0,0.0,0.0016542597187758478,4.634444452430177e-23,2,outandin,Marc Levoy
305,0,17,0.0,0.0,0.0,2.2509198940630926e-37,5,outandin,Andrew Vande Moere
4362,1,18,0.24183006535947713,0.0,0.005085968709853405,1.336682277985265e-13,2,incoming,Nina Amenta
4278,2,18,0.24183006535947713,0.0,0.005312011763624667,1.702318584702666e-13,2,outandin,Nate Hoobler
2015,2,18,0.24183006535947713,0.0,0.005312011763624667,1.702318584702666e-13,2,outgoing,Greg Humphreys
4030,2,18,0.24183006535947713,0.0,0.004780810587262201,9.324374027568054e-14,2,outandin,Michael Houston
5161,2,18,0.24183006535947713,0.0,0.004780810587262201,9.324374027568054e-14,2,outgoing,Sandy Napel
4975,2,18,0.24183006535947713,0.0,0.004193693497598421,6.743873721929938e-14,2,outgoing,Robert P. Bosch Jr.
1396,3,18,0.24183006535947713,1.0270652227499055e-05,0.0056914411753121435,1.8622681268413256e-13,2,incoming,Diane Tang
897,3,18,0.24183006535947713,1.0270652227499055e-05,0.0056914411753121435,1.8622681268413256e-13,2,,Chris Stolte
4759,4,18,0.24183006535947713,0.0,0.006460554847651623,3.931305008546142e-13,2,outandin,Rachel Mackenzie
4950,4,18,0.24183006535947713,0.0,0.006460554847651623,3.931305008546142e-13,2,outandin,Robert F. Dougherty
670,4,18,0.24183006535947713,0.0,0.006460554847651623,3.931305008546142e-13,2,outandin,Brian A. Wandell
1829,5,18,0.24183006535947713,0.0,0.007470016542597188,7.17734816143168e-13,2,outandin,Frank Losasso
2911,5,18,0.24183006535947713,0.0,0.007470016542597188,7.177348161431681e-13,2,outandin,John Rick
376,6,18,0.24183006535947713,4.108260890999622e-05,0.006829729410374572,4.217207713777547e-13,2,outandin,Anthony J. Sherbondy
2627,6,18,0.24183006535947713,2.1910724751997984e-05,0.0077109848181648386,7.382271649161062e-13,2,incoming,Jeff Klingner
3636,7,18,0.24183006535947713,4.108260890999622e-05,0.007968017645437,7.699304515147602e-13,2,incoming,Maneesh Agrawala
4467,7,18,0.24183006535947713,5.751565247399471e-05,0.00824277687459,7.748347124754545e-13,1,,Pat Hanrahan
1213,9,18,0.24183006535947713,9.038173960199168e-05,0.00919386651396577,9.631991781252712e-13,2,outandin,David Akers
4101,1,19,0.08536585365853659,0.0,0.08041219664744911,0.0013323567417653844,4,outandin,Michel A. Westenberg
2658,1,19,0.08536585365853659,0.0,0.07805613152497819,0.00010293357252412995,2,incoming,Jens H. Krüger
2660,1,19,0.08536585365853659,0.0,0.07805613152497819,0.00010293357252412995,1,incoming,Jens Schneider 0002
3912,1,19,0.08536585365853659,0.0,0.08041219664744911,0.0013323567417653844,2,outgoing,Matthias Hopf
569,1,19,0.08536585365853659,0.0,0.07805613152497819,0.00010293357252412995,2,outandin,Bernd Sevenich
6013,2,19,0.08536585365853659,0.0,0.09448710900398097,0.0013741856943202133,2,incoming,Wei Qiao
3195,2,19,0.08536585365853659,0.0,0.0804437308422128,0.0014356694444429181,2,incoming,Katrin Bidmon
5386,2,19,0.08536585365853659,0.0,0.0804437308422128,0.0014356694444429181,2,incoming,Simon Stegmaier
6592,2,19,0.08536585365853659,0.0,0.0654744697247503,0.004774613507377241,2,incoming,Zoltan Konyha
3787,2,19,0.08536585365853659,0.0,0.0654744697247503,0.003320480357877874,1,incoming,Markus Hadwiger
938,2,19,0.08536585365853659,0.0,0.0654744697247503,0.003320480357877874,2,outandin,Christoph Berger
1797,2,19,0.08536585365853659,0.0,0.0654744697247503,0.003320480357877874,2,outandin,Florian Ledermann
2255,2,19,0.08536585365853659,0.0,0.0654744697247503,0.003320480357877874,2,incoming,Helmut Doleisch
2998,2,19,0.08536585365853659,0.0,0.06794684122147819,0.00014457137123575895,2,outandin,Josh Grant
2505,2,19,0.08536585365853659,0.0,0.06794684122147819,0.00014457137123575895,2,outandin,James F. O'Brien
1212,2,19,0.08536585365853659,0.0,0.06794684122147819,0.00014457137123575895,2,outandin,David A. Yuen
1716,2,19,0.08536585365853659,0.0,0.06794684122147819,0.00014457137123575895,2,outandin,Fabien Dubuffet
4965,2,19,0.08536585365853659,0.0,0.0654744697247503,0.003320480357877874,3,incoming,Robert Kosara
5371,2,19,0.08536585365853659,0.0,0.0654744697247503,0.003320480357877874,4,outandin,Silvia Miksch
3603,2,19,0.08536585365853659,0.0,0.06897495415186372,0.00037313277074677866,2,outandin,M. Yousuff Hussaini
1160,2,19,0.08536585365853659,0.0,0.06892860001600896,0.0003826669872075206,2,outandin,Daniel Kobras
2158,2,19,0.08536585365853659,0.0,0.06892860001600896,0.0003826669872075206,2,incoming,Hanns Ruder
3115,3,19,0.08536585365853659,0.0,0.07167418366444539,0.003719348334448045,2,incoming,Jürgen Schneider
1421,3,19,0.08536585365853659,6.84710148499937e-07,0.0804752897793812,0.0015266656813410844,2,outandin,Dirc Rose
3639,3,19,0.08536585365853659,0.0,0.08192153100944197,0.0027474328816230816,2,outandin,Manfred Weiler
3792,3,19,0.08536585365853659,0.0,0.08192153100944197,0.0027474328816230816,2,outandin,Markus Merz
4853,3,19,0.08536585365853659,0.0,0.07416179090659533,0.02450938864488525,2,outandin,Reinhard Sainitzer
4982,4,19,0.08536585365853659,2.852958952083071e-06,0.07172430547120373,0.003942588503899106,2,incoming,Robert S. Laramee
713,4,19,0.08536585365853659,0.00019417238627877372,0.07174939267143851,0.0035226109143506362,2,outgoing,Bruno Jobard
3319,4,19,0.08536585365853659,0.00021557764956317625,0.07418861253079301,0.024811970324514005,1,incoming,Kresimir Matkovic
5124,4,19,0.08536585365853659,0.0,0.08050687348808583,0.0017050445535531538,2,outandin,Sabine Iserhardt-Bauer
5114,5,19,0.08536585365853659,0.0020376974019358125,0.09626068214342688,0.0015195469292012796,1,,Rüdiger Westermann
3297,5,19,0.08536585365853659,3.0469601608247193e-05,0.08101560570602002,0.002061818036126889,2,outgoing,Klaus Engel
4571,5,19,0.08536585365853659,3.423550742499685e-07,0.08053848199750399,0.0018357271843342882,2,,Peter Hastreiter
3118,5,19,0.08536585365853659,3.423550742499685e-07,0.08053848199750399,0.0018357271843342882,2,outandin,K. Eberhardt
570,5,19,0.08536585365853659,3.423550742499685e-07,0.08053848199750399,0.0018357271843342882,2,outandin,Bernd Tomandl
3824,6,19,0.08536585365853659,0.0066074001436437204,0.09866835673287287,0.018164451220162907,2,incoming,Martin Kraus
1182,8,19,0.08536585365853659,0.004279016169468989,0.08271432001921075,0.005272689421475293,1,incoming,Daniel Weiskopf
1993,8,19,0.08536585365853659,0.003738311997765113,0.08130460311044102,0.0019918577252952306,2,incoming,Gordon Erlebacher
2257,16,19,0.08536585365853659,0.005723694907419277,0.07778972834571204,0.04575484445894191,1,incoming,Helwig Hauser
5703,18,19,0.08536585365853659,0.019668635049363555,0.09986928609914444,0.019689429425181242,1,,Thomas Ertl
1260,2,20,0.41818181818181815,0.0,0.0041356492969396195,9.768849453033487e-14,2,incoming,David J. Duke
2250,2,20,0.41818181818181815,0.0,0.0041356492969396195,6.251888061987145e-14,1,outgoing,Helen Wright
5771,2,20,0.41818181818181815,0.0,0.0041356492969396195,6.251888061987145e-14,2,outandin,Tim David
1,2,20,0.41818181818181815,0.0,0.003938713616132971,5.862179076366773e-14,2,outandin,A. J. Fenlon
5622,2,20,0.41818181818181815,0.0,0.003938713616132971,5.862179076366773e-14,2,outandin,T. David
3035,5,20,0.41818181818181815,0.0,0.005514199062586159,2.3333018401041947e-13,2,outandin,Julian Gallop
4230,5,20,0.41818181818181815,0.0,0.005514199062586159,2.3333018401041947e-13,2,outandin,Musbah Shahop Sagar
2585,5,20,0.41818181818181815,0.0,0.005514199062586159,2.3333018401041947e-13,2,outgoing,Jason D. Wood
1205,6,20,0.41818181818181815,4.108260890999622e-06,0.0059080704241994565,2.488416291807921e-13,2,outandin,David A. Duce
2454,7,20,0.41818181818181815,2.1910724751997984e-05,0.006362537379907107,2.519466791788681e-13,2,outandin,J. P. R. B. Walton
3227,8,20,0.41818181818181815,2.6018985642997606e-05,0.006892748828232699,2.6869572138504125e-13,1,outgoing,Ken Brodlie
3564,1,21,0.13356562137049943,0.0,0.0713500917035279,2.848198650067806e-06,2,incoming,Lujin Wang
6069,1,21,0.13356562137049943,0.0,0.05442597868072239,1.1875769496795906e-07,2,outandin,William A. McNeely
4258,2,21,0.13356562137049943,0.0,0.06217990713781227,7.152739309096354e-07,2,outandin,Nan Zhang 0011
6009,2,21,0.13356562137049943,0.0,0.06217990713781227,7.152739309096354e-07,2,incoming,Wei Hong 0006
1781,2,21,0.13356562137049943,0.0,0.0604572689795587,1.6697362831421934e-07,1,incoming,Filip Sadlo
1683,2,21,0.13356562137049943,0.0,0.0604572689795587,1.6697362831421934e-07,2,outandin,Etienne Parkinson
78,2,21,0.13356562137049943,0.0,0.07137491776187985,3.0667083442234477e-06,2,outandin,Aili Li
5702,2,21,0.13356562137049943,0.0,0.07137491776187985,3.0667083442234477e-06,2,outandin,Thomas Ernst 0001
926,2,21,0.13356562137049943,0.0,0.06979636394952116,2.0203717304987333e-06,2,incoming,Christian Sigg
12,2,21,0.13356562137049943,0.0,0.062198760960473824,7.764378333255789e-07,2,outandin,Aamir Sadiq
1819,2,21,0.13356562137049943,0.0,0.062198760960473824,7.764378333255789e-07,2,outgoing,Frank Dachille
5785,2,21,0.13356562137049943,0.0,0.06217990713781227,1.206550856891837e-06,2,outandin,Timothy J. Hallman
5190,3,21,0.13356562137049943,0.0,0.0625400956242813,8.864949782335151e-07,2,outandin,Sarang Lakare
6010,3,21,0.13356562137049943,0.0,0.07217857623069764,4.054749506959642e-06,2,outandin,Wei Li 0004
4801,3,21,0.13356562137049943,0.0,0.062198760960473824,8.028269107775981e-07,2,outandin,Ran Shao
343,3,21,0.13356562137049943,0.0,0.062198760960473824,8.028269107775981e-07,2,outandin,Ankush Kumar
1424,3,21,0.13356562137049943,0.0,0.061582561887614136,2.8730506843432493e-07,2,outandin,Dirk Bauer
4187,3,21,0.13356562137049943,0.0,0.061582561887614136,2.8730506843432493e-07,2,incoming,Mirjam Sick
2702,3,21,0.13356562137049943,0.0,0.062217626220091804,8.564724451768638e-07,2,outandin,Jiafa Qin
5836,4,21,0.13356562137049943,0.0,0.07142462174360817,3.626699318934653e-06,2,outandin,Tomihisa Welsh
2781,4,21,0.13356562137049943,0.0,0.062217626220091804,1.5894597232936514e-06,1,incoming,Jing Hua 0001
6019,4,21,0.13356562137049943,0.0,0.07142462174360817,3.626699318934653e-06,2,outandin,Wei Zhu 0008
4378,4,21,0.13356562137049943,0.0,0.07142462174360817,3.626699318934653e-06,2,outandin,Nora D. Volkow
2641,4,21,0.13356562137049943,0.0,0.07142462174360817,3.626699318934653e-06,2,outandin,Jeffrey Meade
2348,5,21,0.13356562137049943,9.129468646665827e-07,0.062236502927076054,1.7005764760211532e-06,2,outandin,Hui Xie 0001
2333,5,21,0.13356562137049943,4.108260890999622e-06,0.06225539109184906,9.76567899579079e-07,1,incoming,Huamin Qu
2401,5,21,0.13356562137049943,0.0,0.0625782530956811,1.0978304163027363e-06,2,outandin,Ingmar Bitter
3980,5,21,0.13356562137049943,0.0,0.0625782530956811,1.0978304163027363e-06,2,outandin,Michael A. Bender
3274,7,21,0.13356562137049943,2.8078550296025193e-05,0.06261645715740008,1.4584384432897057e-06,2,incoming,Kevin T. McDonnell
5043,7,21,0.13356562137049943,0.0034898523229008184,0.07080825462466092,2.1856188598398596e-06,2,,Ronald Peikert
2306,8,21,0.13356562137049943,5.705917904166141e-06,0.06229320183651463,3.175170776207743e-06,2,,Hong Qin
1766,8,21,0.13356562137049943,0.0,0.07230578556490753,6.639490008499887e-06,2,incoming,Feng Qiu
2123,8,21,0.13356562137049943,0.0,0.07230578556490753,6.639490008499887e-06,2,outandin,Haik Lorenz
5603,8,21,0.13356562137049943,0.0,0.07230578556490753,6.639490008499887e-06,2,outandin,Suzanne Yoakum-Stover
6305,9,21,0.13356562137049943,0.00012566496223834211,0.07233128125798402,6.873170513536468e-06,2,incoming,Ye Zhao 0004
6521,9,21,0.13356562137049943,0.00012566496223834211,0.07233128125798402,6.873170513536468e-06,2,incoming,Zhe Fan
4113,9,21,0.13356562137049943,0.0012647662535507016,0.06578945274138637,1.3504263654702554e-06,2,outandin,Mie Sato
6182,11,21,0.13356562137049943,0.00044656578516864614,0.0723823266223157,7.239268487056328e-06,2,outandin,Xiaoming Wei
2725,11,21,0.13356562137049943,0.0007561688906487111,0.0723823266223157,7.1182464165408e-06,2,incoming,Jianning Wang
4154,11,21,0.13356562137049943,0.0007436408686141649,0.06269300539353383,1.4285116690713804e-06,2,outgoing,Ming Wan
3303,19,21,0.13356562137049943,0.021519185851059386,0.08626220086107766,4.060234519014343e-05,1,,Klaus Mueller 0001
405,27,21,0.13356562137049943,0.010789403950587513,0.07318284468342585,8.520805886751994e-06,0,,Arie E. Kaufman
5727,2,22,0.8333333333333334,0.0,0.0018610421836228288,6.885835267253062e-21,4,outandin,Thomas Nocke
4384,2,22,0.8333333333333334,0.0,0.0018610421836228288,6.885835267253062e-21,2,outandin,Norma López
3915,3,22,0.8333333333333334,6.84710148499937e-07,0.0024813895781637717,8.819215348685162e-21,2,outandin,Matthias Kreuseler
2239,3,22,0.8333333333333334,6.84710148499937e-07,0.0024813895781637717,8.819215348685162e-21,1,incoming,Heidrun Schumann
6026,2,23,1.0,0.0,0.0016542597187758478,4.634444452430177e-23,2,outandin,Weimao Ke
3199,2,23,1.0,0.0,0.0016542597187758478,4.634444452430177e-23,4,outandin,Katy Börner
3365,2,23,1.0,0.0,0.0016542597187758478,4.634444452430177e-23,2,outandin,Lalitha Viswanath
4988,1,24,1.0,0.0,0.0008271298593879239,2.416906832729192e-28,2,outandin,Robert Strzodka
955,1,24,1.0,0.0,0.0008271298593879239,2.416906832729192e-28,2,outandin,Christoph S. Garbe
6185,1,25,0.6,0.0,0.001890582535743826,1.0363994079195292e-20,2,incoming,Xiaoqiang Zheng
2649,2,25,0.6,0.0,0.0022056796250344637,1.9680875758901e-20,2,outandin,Jennifer L. Dungan
5965,2,25,0.6,0.0,0.0022056796250344637,1.9680875758901e-20,2,outgoing,Vivek Verma
1273,3,25,0.6,6.84710148499937e-07,0.0026468155500413565,2.502089506634655e-20,2,,David L. Kao
128,4,25,0.6,4.792971039499559e-06,0.0033085194375516956,2.783296141761796e-20,1,,Alex T. Pang
158,4,26,1.0,0.0,0.0033085194375516956,2.0963325109920386e-16,2,outandin,Alexandre Gillet
4104,4,26,1.0,0.0,0.0033085194375516956,2.0963325109920386e-16,2,outandin,Michel F. Sanner
1179,4,26,1.0,0.0,0.0033085194375516956,2.0963325109920386e-16,2,outandin,Daniel Stoffler
1307,4,26,1.0,0.0,0.0033085194375516956,2.0963325109920386e-16,3,outandin,David S. Goodsell
432,4,26,1.0,0.0,0.0033085194375516956,2.0963325109920386e-16,4,outandin,Arthur J. Olson
4287,1,27,0.6666666666666666,0.0,0.0011028398125172319,5.846033390175997e-26,2,outandin,Nathan Gossett
4171,1,27,0.6666666666666666,0.0,0.0011028398125172319,5.846033390175997e-26,2,outandin,Minh Xuan Nguye
493,2,27,0.6666666666666666,1.369420296999874e-06,0.0016542597187758478,8.26753970647286e-26,1,,Baoquan Chen
4021,4,28,1.0,0.0,0.0033085194375516956,2.0963325109920386e-16,2,outandin,Michael Granitzer
6124,4,28,1.0,0.0,0.0033085194375516956,2.0963325109920386e-16,2,outandin,Wolfgang Kienreich
5927,4,28,1.0,0.0,0.0033085194375516956,2.0963325109920386e-16,4,outandin,Vedran Sabol
3211,4,28,1.0,0.0,0.0033085194375516956,2.0963325109920386e-16,2,,Keith Andrews
6054,4,28,1.0,0.0,0.0033085194375516956,2.0963325109920386e-16,2,outandin,Werner Klieber
1418,1,29,0.23976608187134502,0.0,0.005153655277724756,2.627793919394799e-13,2,outandin,Dinoj Surendran
2856,2,29,0.23976608187134502,0.0,0.006699751861042184,4.602987637409502e-13,2,outandin,Johannes Schmidt-Ehrenberg
1136,2,29,0.23976608187134502,0.0,0.006699751861042184,4.602987637409502e-13,4,outandin,Daniel Baum
2300,3,29,0.23976608187134502,0.0,0.007882061012990804,6.387505094111572e-13,2,incoming,Holger Theisel
5802,3,29,0.23976608187134502,0.0,0.007882061012990804,6.387505094111572e-13,1,incoming,Tino Weinkauf
5462,3,29,0.23976608187134502,0.0,0.006871540370299676,8.235330563980878e-13,2,incoming,Steffen Prohaska
277,3,29,0.23976608187134502,0.0,0.006871540370299676,8.235330563980878e-13,2,incoming,Andrei Hutanu
922,3,29,0.23976608187134502,0.0,0.006090683510038349,2.47101901802301e-13,4,incoming,Christian Rössl
2101,3,29,0.23976608187134502,0.0,0.006090683510038349,2.47101901802301e-13,2,incoming,Günther Nürnberger
3099,3,29,0.23976608187134502,0.0,0.006090683510038349,2.47101901802301e-13,2,outandin,Jörg Haber
4403,3,29,0.23976608187134502,0.0,0.006090683510038349,2.47101901802301e-13,2,outandin,Oleg Davydov
1834,5,29,0.23976608187134502,2.738840593999748e-06,0.006380716058135413,3.211091547636203e-13,2,incoming,Frank Zeilfelder
1471,5,29,0.23976608187134502,0.0,0.007444168734491315,1.453003224023949e-12,2,incoming,Donna J. Cox
4977,5,29,0.23976608187134502,0.0,0.007444168734491315,1.453003224023949e-12,2,outandin,Robert Patterson
5824,5,29,0.23976608187134502,0.0,0.007444168734491315,1.453003224023949e-12,4,outandin,Tom Abel
5552,6,29,0.23976608187134502,2.3280145048997858e-05,0.007656859269762495,1.4923466538530264e-12,2,outandin,Stuart Levy
4789,7,29,0.23976608187134502,6.84710148499937e-06,0.007882061012990804,1.699605477571286e-12,2,incoming,Ralf Kähler
2175,8,29,0.23976608187134502,9.175115989899156e-05,0.009241037049713357,8.348519217037483e-13,2,incoming,Hans-Peter Seidel
2166,12,29,0.23976608187134502,0.00013831144999698728,0.011166253101736972,2.153727563865989e-12,2,,Hans-Christian Hege
191,2,30,0.13010204081632654,0.0,0.09294586028438727,0.00019507040858800258,4,outandin,Allen R. Sanderson
6045,2,30,0.13010204081632654,0.0,0.0798798729157487,2.1690960874001372e-05,2,outandin,Wendy L. Hodges
2035,2,30,0.13010204081632654,0.0,0.0798798729157487,2.1313855779810217e-05,4,incoming,Gregory P. Johnson
5937,2,30,0.13010204081632654,0.0,0.0798798729157487,2.1313855779810217e-05,2,incoming,Victor M. Calo
592,3,30,0.13010204081632654,0.0,0.09866835673287287,0.00027530847259796715,2,outandin,Bill Geisler
1880,3,30,0.13010204081632654,0.0,0.0876255931856654,0.00014195174825808396,3,outandin,G. Elisabeta Marai
5549,3,30,0.13010204081632654,0.0,0.0876255931856654,0.000141951748258084,2,outandin,Stuart Andrews
1132,3,30,0.13010204081632654,0.0,0.0876255931856654,0.0001285462804790866,2,incoming,Daniel Acevedo Feliz
1559,3,30,0.13010204081632654,0.0,0.0876255931856654,0.0001285462804790866,2,outandin,Eileen Vote
3807,3,30,0.13010204081632654,0.0,0.0876255931856654,0.0001285462804790866,2,outandin,Martha Sharp Joukowsky
3345,3,30,0.13010204081632654,0.0,0.07263863797721058,2.4014307288005074e-05,2,outandin,Kurt Severance
4500,3,30,0.13010204081632654,0.0,0.07263863797721058,2.4014307288005074e-05,2,outandin,Paul Brewster
501,3,30,0.13010204081632654,0.0,0.07263863797721058,2.4014307288005074e-05,2,outandin,Barry Lazos
2464,4,30,0.13010204081632654,0.0,0.08766304002036011,0.00015865965474322824,2,outandin,Jack Simon
3750,4,30,0.13010204081632654,0.0,0.08766304002036011,0.00015865965474322824,2,outandin,Mark Brown
1291,4,30,0.13010204081632654,0.0,0.08766304002036011,0.00015865965474322824,2,outandin,David Miller
1250,4,30,0.13010204081632654,0.0,0.07994213314405405,2.5223587532568115e-05,2,outandin,David Guzman
3170,4,30,0.13010204081632654,0.0,0.07994213314405405,2.5223587532568115e-05,2,outandin,Karla Vega
4990,4,30,0.13010204081632654,0.0,0.07994213314405405,2.5223587532568115e-05,2,outandin,Robert Wyatt
5909,5,30,0.13010204081632654,0.0,0.08770051887458002,0.0001730493186325672,2,incoming,Vadim A. Slavin
4978,5,30,0.13010204081632654,0.0,0.08770051887458002,0.0001730493186325672,2,incoming,Robert Pelcovits
1930,5,30,0.13010204081632654,0.0,0.08770051887458002,0.0001730493186325672,2,incoming,George Loriot
282,5,30,0.13010204081632654,0.0,0.08770051887458002,0.0001730493186325672,2,incoming,Andrew Callan-Jones
1535,5,30,0.13010204081632654,0.0,0.08770051887458002,0.00016018132968083864,2,outandin,Eduardo Hueso
2388,5,30,0.13010204081632654,0.0,0.08770051887458002,0.00016018132968083864,2,outandin,Igor Pivkin
5300,5,30,0.13010204081632654,0.0,0.08770051887458002,0.00016018132968083864,2,outandin,Sharon Swartz
3236,5,30,0.13010204081632654,0.0,0.08770051887458002,0.00016018132968083864,2,outandin,Kenneth Breuer
4873,5,30,0.13010204081632654,2.054130445499811e-06,0.07997329966769695,2.6639863657322755e-05,2,outandin,Reuben Reyes
300,5,30,0.13010204081632654,0.0,0.08773802978941089,0.0001805095122003608,2,incoming,Andrew S. Forsberg
312,5,30,0.13010204081632654,0.0,0.08773802978941089,0.0001805095122003608,2,outandin,Andries van Dam
2950,5,30,0.13010204081632654,0.0,0.08773802978941089,0.0001805095122003608,2,outandin,Jonathan L. Elion
2455,6,30,0.13010204081632654,0.0,0.08777557280600885,0.00019412963467247327,2,outandin,J. Scott Davidson
5789,6,30,0.13010204081632654,0.0,0.08777557280600885,0.00019412963467247327,2,outandin,Timothy S. Miller
3690,6,30,0.13010204081632654,0.0,0.08777557280600885,0.00019412963467247327,2,outandin,Marco da Silva
6081,6,30,0.13010204081632654,0.0,0.08777557280600885,0.00019412963467247327,2,outandin,William H. Warren
4038,6,30,0.13010204081632654,0.0,0.08777557280600885,0.00019412963467247327,2,outandin,Michael J. Tarr
1924,9,30,0.13010204081632654,1.2781256105332156e-05,0.08788839487902428,0.00022277189351153884,2,outandin,George Em Karniadakis
3589,9,30,0.13010204081632654,0.0,0.08796377086091024,0.0002785499629268066,2,outandin,M. DaSilva
529,9,30,0.13010204081632654,0.0,0.08796377086091024,0.0002785499629268066,2,outandin,Benjamin D. Greenberg
4572,9,30,0.13010204081632654,0.0,0.08796377086091024,0.0002785499629268066,2,outandin,Peter J. Basser
759,9,30,0.13010204081632654,0.0,0.08796377086091024,0.0002785499629268066,2,outandin,Carlo Pierpaoli
1511,9,30,0.13010204081632654,0.0,0.08796377086091024,0.0002785499629268066,2,outandin,E. A. Chiocca
5734,9,30,0.13010204081632654,0.0,0.08796377086091024,0.0002785499629268066,2,outandin,Thomas S. Deisboeck
3223,10,30,0.13010204081632654,0.004722445894204065,0.09900169577588933,0.00028619866855814384,2,,Kelly P. Gaither
6609,11,30,0.13010204081632654,1.5063623266998614e-05,0.08803927624362347,0.0002973127475137885,2,incoming,Çagatay Demiralp
4971,12,30,0.13010204081632654,0.0010005895128649953,0.099049499588432,0.0004126792554882036,2,,Robert M. Kirby
1148,12,30,0.13010204081632654,0.0020335891410448127,0.08807707756446659,0.0002834918864056381,2,incoming,Daniel F. Keefe
5408,16,30,0.13010204081632654,6.0939203216494394e-05,0.08822860802049148,0.0003559956295555651,2,incoming,Song Zhang 0004
1252,47,30,0.13010204081632654,0.03291328921320457,0.11112216340609028,0.0015868820286228764,2,,David H. Laidlaw
4704,1,31,1.0,0.0,0.0008271298593879239,2.416906832729192e-28,2,outandin,Qiang Du 0001
6184,1,31,1.0,0.0,0.0008271298593879239,2.416906832729192e-28,2,outandin,Xiaoqiang Wang 0002
3986,1,32,0.7,0.0,0.001890582535743826,1.7846865296685017e-19,2,incoming,Michael Balzer
777,3,32,0.7,0.0,0.0026468155500413565,5.071008065571659e-19,2,outandin,Carsten Colditz
3667,3,32,0.7,0.0,0.0026468155500413565,5.071008065571659e-19,2,incoming,Marc Stamminger
1923,3,32,0.7,0.0,0.0026468155500413565,5.071008065571659e-19,2,outandin,George Drettakis
4407,4,32,0.7,4.108260890999622e-06,0.0033085194375516956,5.507774992551698e-19,1,incoming,Oliver Deussen
1775,3,33,1.0,0.0,0.0024813895781637717,2.5951339510127053e-19,4,incoming,Fernanda B. Viégas
1681,3,33,1.0,0.0,0.0024813895781637717,2.5951339510127053e-19,2,outandin,Ethan Perry
1678,3,33,1.0,0.0,0.0024813895781637717,2.5951339510127053e-19,2,outandin,Ethan Howe
3023,3,33,1.0,0.0,0.0024813895781637717,2.5951339510127053e-19,2,outandin,Judith S. Donath
1238,2,34,1.0,0.0,0.0016542597187758478,4.634444452430177e-23,2,,David Ellsworth
722,2,34,1.0,0.0,0.0016542597187758478,4.634444452430177e-23,2,incoming,Bryan Green
4483,2,34,1.0,0.0,0.0016542597187758478,4.634444452430177e-23,1,,Patrick J. Moran
800,2,35,1.0,0.0,0.0016542597187758478,4.634444452430177e-23,2,outandin,Chang Ha Lee
6252,2,35,1.0,0.0,0.0016542597187758478,4.634444452430177e-23,2,outandin,Xuejun Hao
218,2,35,1.0,0.0,0.0016542597187758478,4.634444452430177e-23,1,,Amitabh Varshney
5485,1,36,1.0,0.0,0.0008271298593879239,2.416906832729192e-28,5,outandin,Stephen G. Kobourov
3280,1,36,1.0,0.0,0.0008271298593879239,2.416906832729192e-28,2,outandin,Kevin Wampler
5172,1,37,0.225,0.0,0.07344486704176251,1.9877414950998905e-05,2,outandin,Santiago V. Lombeyda
1563,1,37,0.225,0.0,0.06273134973934028,1.6358947572983358e-06,2,outandin,Eitan Grinspun
5542,2,37,0.225,0.0,0.06275053950677353,1.755851830218172e-06,2,outandin,Steven Schkolne
2291,2,37,0.225,0.0,0.06275053950677353,1.755851830218172e-06,2,outandin,Hiroshi Ishii 0001
4288,2,37,0.225,0.0,0.06275053950677353,1.755851830218172e-06,2,outandin,Nathan Litke
56,2,37,0.225,0.0,0.06275053950677353,1.755851830218172e-06,2,outandin,Adi Levin
3841,2,37,0.225,0.0,0.07352384001707624,2.4307310812119785e-05,2,outandin,Martin W. Lo
3674,3,37,0.225,0.0,0.07373526730684496,2.645700831600249e-05,2,outandin,Marcel Gavriliu
2831,3,37,0.225,0.0,0.07373526730684496,2.645700831600249e-05,2,outandin,Joel Carranza
6596,3,37,0.225,0.0,0.07384143759814352,2.345831760655508e-05,2,outandin,Zoë J. Wood
3875,3,37,0.225,0.0,0.07384143759814352,2.345831760655508e-05,2,outandin,Mathieu Desbrun
3448,4,37,0.225,0.0002204766678169774,0.08926523657425704,0.0002896330329783304,2,outandin,Leonid Zhukov
3229,6,37,0.225,0.0015693556603618508,0.0893429937489733,0.0002924498178133314,2,incoming,Ken Museth
91,6,37,0.225,1.369420296999874e-05,0.07384143759814352,6.504805751309173e-05,2,outandin,Alan H. Barr
4596,8,37,0.225,0.003386576394480688,0.073974581192803,2.401193705290008e-05,3,outandin,Peter Schröder
1235,9,37,0.225,0.006915572499849362,0.08965538183900466,0.0002975308185977329,3,incoming,David E. Breen
368,0,38,0.0,0.0,0.0,2.2509198940630926e-37,3,outandin,Anselm Spoerri
2294,1,39,1.0,0.0,0.0008271298593879239,2.416906832729192e-28,2,incoming,Ho-Lun Cheng
6227,1,39,1.0,0.0,0.0008271298593879239,2.416906832729192e-28,2,incoming,Xinwei Shi
6105,1,40,0.14039408866995073,0.0,0.07266436898605834,2.5179808349949554e-06,2,outandin,Wim A. A. Nuij
971,1,40,0.14039408866995073,0.0,0.04338652995931529,4.5134506053376e-10,2,outandin,Christopher DeCoro
3553,2,40,0.14039408866995073,0.0,0.07300053866464153,2.789536446158393e-06,2,incoming,Lucian Voinea
6165,2,40,0.14039408866995073,0.0,0.04339570840864029,4.885495677434343e-10,2,outandin,Xiaohong Bao
4072,2,40,0.14039408866995073,0.0,0.04339570840864029,4.885495677434343e-10,2,outandin,Michael Shafae
3653,2,40,0.14039408866995073,0.0,0.04339570840864029,4.885495677434343e-10,2,outandin,Marc Antonijuan
4995,2,40,0.14039408866995073,0.0,0.04339570840864029,4.885495677434343e-10,2,outandin,Roberto Lario
1673,2,40,0.14039408866995073,0.0,0.0726901182309152,2.720773803957784e-06,2,outandin,Ernst Kleiberg
1224,2,40,0.14039408866995073,0.0,0.06244490521998255,5.251064881611833e-07,2,outandin,David Bürkle
2409,2,40,0.14039408866995073,0.0,0.05391104169451845,1.4713545586490638e-08,2,outandin,Irene Finocchi
2638,2,40,0.14039408866995073,0.0,0.05391104169451845,1.4713545586490638e-08,2,outgoing,Jeffrey L. Korn
5888,2,40,0.14039408866995073,0.0,0.06244490521998255,2.841620625307937e-07,2,outandin,Ulrich Clarenz
5879,2,40,0.14039408866995073,0.0,0.06244490521998255,2.841620625307937e-07,2,outandin,Udo Diewald
1835,3,40,0.14039408866995073,0.0020335891410448127,0.0728449977441913,2.7344324331388895e-06,2,incoming,Frank van Ham
2496,3,40,0.14039408866995073,0.001358464934623875,0.06199199566263001,1.9327712458723343e-07,2,incoming,James Abello
2356,3,40,0.14039408866995073,2.738840593999748e-06,0.07279329795870926,2.8993373829585264e-06,4,outgoing,Huub van de Wetering
3652,4,40,0.14039408866995073,0.0,0.06269300539353383,8.595092593341186e-07,2,outandin,Marc Alexander Schweitzer
1427,4,40,0.14039408866995073,0.0,0.054701736972704716,8.044855245223262e-08,2,outandin,Dirk Meetschen
5594,4,40,0.14039408866995073,0.0,0.054701736972704716,8.044855245223262e-08,2,outandin,Susanne Crewell
1034,4,40,0.14039408866995073,0.0,0.054701736972704716,8.044855245223262e-08,2,outandin,Clemens Simmer
5708,5,40,0.14039408866995073,0.004042528716743628,0.05478940001272507,8.086806934806028e-08,2,outandin,Thomas Gerstner
2207,5,40,0.14039408866995073,0.0,0.07315674523810366,3.5649563401595283e-06,2,outandin,Harald Garcke
5893,5,40,0.14039408866995073,0.0,0.07315674523810366,3.5649563401595283e-06,2,outandin,Ulrich Weikard
4860,6,40,0.14039408866995073,0.003386576394480688,0.04848298597202616,6.071469221964263e-09,2,,Renato Pajarola
4022,8,40,0.14039408866995073,0.006682771049359385,0.0628851973168739,8.813488836423357e-07,2,outandin,Michael Griebel
5811,8,40,0.14039408866995073,0.002967533783598727,0.0734974968282489,3.715517323289954e-06,2,outgoing,Tobias Preußer
160,8,40,0.14039408866995073,0.0026505129848432563,0.0734974968282489,3.862962261057883e-06,2,,Alexandru C. Telea
3834,10,40,0.14039408866995073,0.004325998718222602,0.07355020209668077,3.7532793870734755e-06,2,outgoing,Martin Rumpf
2572,12,40,0.14039408866995073,0.01823862422559282,0.08819067654670794,3.634003910101875e-05,0,,Jarke J. van Wijk
6086,2,41,1.0,0.0,0.0016542597187758478,4.634444452430177e-23,1,,William J. Schroeder
557,2,41,1.0,0.0,0.0016542597187758478,4.634444452430177e-23,2,incoming,Berk Geveci
3878,2,41,1.0,0.0,0.0016542597187758478,4.634444452430177e-23,2,incoming,Mathieu Malaterre
1196,2,42,0.13333333333333333,0.0,0.0833867941657084,3.118000923741298e-05,2,outandin,Daqing Xue
745,2,42,0.13333333333333333,0.0,0.0833867941657084,3.118000923741298e-05,2,outandin,Caixia Zhang
2959,2,42,0.13333333333333333,0.0,0.06022651604452222,1.8723720414532266e-07,1,incoming,Jonathan Woodring
813,2,42,0.13333333333333333,0.0,0.06022651604452222,1.8723720414532266e-07,1,incoming,Chaoli Wang 0001
2071,2,42,0.13333333333333333,0.0,0.06022651604452222,1.8723720414532266e-07,2,incoming,Guo-Shi Li
5877,2,42,0.13333333333333333,0.0,0.06022651604452222,1.8723720414532266e-07,2,incoming,Udeepta Bordoloi
2050,2,42,0.13333333333333333,0.0,0.07032276779144418,2.420064462537378e-06,2,incoming,Guangfeng Ji
4685,2,42,0.13333333333333333,0.0,0.08393269789183416,3.128065865413803e-05,2,incoming,Praveen Bhaniramka
5878,2,42,0.13333333333333333,0.0,0.06010299257182616,2.3537405413434992e-07,2,outandin,Udo Adamy
3913,2,42,0.13333333333333333,0.0,0.06010299257182616,2.3537405413434992e-07,2,outandin,Matthias John 0003
2803,3,42,0.13333333333333333,0.0,0.06024420371443251,2.0253111639772472e-07,2,incoming,Jinzhu Gao
2708,3,42,0.13333333333333333,0.0,0.06024420371443251,2.0253111639772474e-07,2,incoming,Jian Huang 0007
2499,3,42,0.13333333333333333,0.0,0.06024420371443251,2.0253111639772474e-07,2,incoming,James Arthur Kohl
2580,3,42,0.13333333333333333,0.0,0.0814337092686156,3.2318188603156094e-05,2,outandin,Jason Bryan
2031,3,42,0.13333333333333333,0.0,0.0814337092686156,3.2318188603156094e-05,2,outandin,Gregory J. Wiet
1371,3,42,0.13333333333333333,0.0,0.0814337092686156,3.2318188603156094e-05,2,outandin,Dennis Sessanna
4243,3,42,0.13333333333333333,0.0,0.08480012966004245,3.478067230807416e-05,2,outgoing,Naeem Shareef
6266,4,42,0.13333333333333333,0.0,0.08345464346934202,3.70379721967242e-05,2,outandin,Yan Li
5292,4,42,0.13333333333333333,0.0,0.08345464346934202,3.70379721967242e-05,2,outgoing,Shao-Chiung Lu
5351,4,42,0.13333333333333333,0.0,0.08345464346934202,3.70379721967242e-05,2,outandin,Shuh-Yuan Liou
5642,5,42,0.13333333333333333,0.0,0.07027458501118283,3.1146687423622276e-06,2,outandin,Tamal K. Dey
2510,5,42,0.13333333333333333,0.0,0.07027458501118283,3.1146687423622276e-06,2,outandin,James Hudson
5142,5,42,0.13333333333333333,0.0,0.07027458501118283,3.1146687423622276e-06,2,outandin,Samrat Goswami
6139,5,42,0.13333333333333333,0.0,0.07027458501118283,3.1146687423622276e-06,2,outandin,Wulue Zhao
2707,6,42,0.13333333333333333,8.421934826549225e-05,0.08490542783428918,4.1942338364931085e-05,2,outandin,Jian Huang
2813,7,42,0.13333333333333333,0.001358464934623875,0.07032276779144418,3.14556393686725e-06,3,incoming,Joachim Giesen
1449,8,42,0.13333333333333333,0.0020335891410448127,0.10134956207887484,0.00040734941194543744,2,outandin,Don Stredney
2145,9,42,0.13333333333333333,0.004728608285540565,0.070491929088537,2.508872128840418e-06,0,,Han-Wei Shen
4870,9,42,0.13333333333333333,0.01064724280917402,0.08448579639523998,3.261445032055163e-05,4,outandin,Rephael Wenger
5016,15,42,0.13333333333333333,0.03653624882795999,0.10444578087965513,0.0004240151506067185,1,outgoing,Roger Crawfis
4321,8,43,1.0,0.0,0.006617038875103391,9.541910149406141e-09,2,outandin,Nicholas Schwarz
5281,8,43,1.0,0.0,0.006617038875103391,9.541910149406141e-09,2,outandin,Shalini Venkataraman
3548,8,43,1.0,0.0,0.006617038875103391,9.541910149406141e-09,2,outandin,Luc Renambot
4297,8,43,1.0,0.0,0.006617038875103391,9.541910149406141e-09,2,outandin,Naveen K. Krishnaprasad
5928,8,43,1.0,0.0,0.006617038875103391,9.541910149406141e-09,4,outandin,Venkatram Vishwanath
2593,8,43,1.0,0.0,0.006617038875103391,9.541910149406141e-09,4,incoming,Jason Leigh
284,8,43,1.0,0.0,0.006617038875103391,9.541910149406141e-09,2,incoming,Andrew E. Johnson 0001
2005,8,43,1.0,0.0,0.006617038875103391,9.541910149406141e-09,2,outandin,Graham Kent
450,8,43,1.0,0.0,0.006617038875103391,9.541910149406141e-09,2,outandin,Atul Nayak
506,4,44,1.0,0.0,0.0033085194375516956,2.0963325109920386e-16,2,outandin,Bartosz von Rymon-Lipinski
4357,4,44,1.0,0.0,0.0033085194375516956,2.0963325109920386e-16,2,outandin,Nils Hanssen
5715,4,44,1.0,0.0,0.0033085194375516956,2.0963325109920386e-16,2,outandin,Thomas Jansen 0005
3572,4,44,1.0,0.0,0.0033085194375516956,2.0963325109920386e-16,2,outandin,Lutz Ritter
1674,4,44,1.0,0.0,0.0033085194375516956,2.0963325109920386e-16,2,outgoing,Erwin Keeve
55,4,45,1.0,0.0,0.0033085194375516956,2.0963325109920386e-16,2,incoming,Adel Ahmed
5772,4,45,1.0,0.0,0.0033085194375516956,2.0963325109920386e-16,1,incoming,Tim Dwyer
1045,4,45,1.0,0.0,0.0033085194375516956,2.0963325109920386e-16,2,outandin,Colin Murray
3421,4,45,1.0,0.0,0.0033085194375516956,2.0963325109920386e-16,2,outandin,Le Song
6343,4,45,1.0,0.0,0.0033085194375516956,2.0963325109920386e-16,2,outandin,Ying Xin Wu
1990,2,46,0.8333333333333334,0.0,0.0018610421836228288,6.885835267253062e-21,2,outandin,Gord Davison
3510,2,46,0.8333333333333334,0.0,0.0018610421836228288,6.885835267253062e-21,2,outandin,Liviu Tancau
4036,3,46,0.8333333333333334,6.84710148499937e-07,0.0024813895781637717,8.819215348685162e-21,2,incoming,Michael J. McGuffin
4827,3,46,0.8333333333333334,6.84710148499937e-07,0.0024813895781637717,8.819215348685162e-21,2,incoming,Ravin Balakrishnan
1978,2,47,0.6190476190476191,0.0,0.002977667493796526,1.852822128986585e-16,2,outandin,Gleb Bahmutov
1579,2,47,0.6190476190476191,0.0,0.002977667493796526,1.8528221289865852e-16,2,outgoing,Elisha Sacks
950,4,47,0.6190476190476191,0.0,0.0037220843672456576,5.0995819612083915e-16,4,outandin,Christoph M. Hoffmann
5140,4,47,0.6190476190476191,0.0,0.0037220843672456576,5.0995819612083915e-16,2,outandin,Sami Kilic
3973,4,47,0.6190476190476191,0.0,0.0037220843672456576,5.0995819612083915e-16,2,outandin,Mete Sozen
5215,4,47,0.6190476190476191,0.0,0.0037220843672456576,5.0995819612083915e-16,2,outandin,Scott Meador
5970,6,47,0.6190476190476191,1.0955362375998992e-05,0.004962779156327543,5.820337067701893e-16,4,outgoing,Voicu Popescu
3511,3,48,1.0,0.0,0.0024813895781637717,2.5951339510127053e-19,2,outandin,Liying Sun
4787,3,48,1.0,0.0,0.0024813895781637717,2.5951339510127053e-19,2,outgoing,Rajesh Batra
6172,3,48,1.0,0.0,0.0024813895781637717,2.5951339510127053e-19,2,outandin,Xiaolei Shi
3366,3,48,1.0,0.0,0.0024813895781637717,2.5951339510127053e-19,1,outgoing,Lambertus Hesselink
1368,6,49,1.0,0.0,0.004962779156327543,5.0734249459377035e-12,2,outandin,Dennis Jen
4591,6,49,1.0,0.0,0.004962779156327543,5.0734249459377035e-12,2,outandin,Peter Parente
2955,6,49,1.0,0.0,0.004962779156327543,5.0734249459377035e-12,2,outandin,Jonathan Robbins
899,6,49,1.0,0.0,0.004962779156327543,5.0734249459377035e-12,2,,Chris Weigle
5095,6,49,1.0,0.0,0.004962779156327543,5.0734249459377035e-12,2,,Russell M. Taylor II
85,6,49,1.0,0.0,0.004962779156327543,5.0734249459377035e-12,2,outandin,Alain Burette
4912,6,49,1.0,0.0,0.004962779156327543,5.0734249459377035e-12,2,outandin,Richard Weinberg
1655,1,50,0.6666666666666666,0.0,0.001488833746898263,1.3245330539394872e-22,2,outandin,Eric Shaffer
6417,2,50,0.6666666666666666,0.0,0.0018610421836228288,2.4565289098639787e-22,2,incoming,Yuan Zhou
4936,2,50,0.6666666666666666,0.0,0.0018610421836228288,2.456528909863979e-22,3,outandin,Robert B. Haber
4014,3,50,0.6666666666666666,2.738840593999748e-06,0.0024813895781637717,2.8743512814397563e-22,2,,Michael Garland
4189,1,51,1.0,0.0,0.0008271298593879239,2.416906832729192e-28,2,outandin,Mirko Mandic
313,1,51,1.0,0.0,0.0008271298593879239,2.416906832729192e-28,2,outandin,Andruid Kerne
4665,1,52,0.6666666666666666,0.0,0.001488833746898263,1.3245330539394872e-22,2,outandin,Pin Ren
1061,2,52,0.6666666666666666,0.0,0.0018610421836228288,2.4565289098639787e-22,2,outandin,Conrad Albrecht-Buehler
1211,2,52,0.6666666666666666,0.0,0.0018610421836228288,2.456528909863979e-22,2,outandin,David A. Shamma
551,3,52,0.6666666666666666,2.738840593999748e-06,0.0024813895781637717,2.8743512814397563e-22,4,outandin,Benjamin Watson 0001
853,3,53,0.8666666666666667,0.0,0.0029540352120997282,1.814013238504501e-15,2,outandin,Chengwei Feng
3331,4,53,0.8666666666666667,0.0,0.0034463744141163496,2.3432073279239786e-15,2,outandin,Kristina Santilli
2543,4,53,0.8666666666666667,0.0,0.0034463744141163496,2.3432073279239786e-15,2,outandin,Jamshed Dastur
3161,5,53,0.8666666666666667,9.129468646665827e-07,0.0041356492969396195,2.6774102976583033e-15,2,outgoing,Karen G. Bemis
1345,5,53,0.8666666666666667,9.129468646665827e-07,0.0041356492969396195,2.6774102976583033e-15,1,,Deborah Silver
4556,5,53,0.8666666666666667,9.129468646665827e-07,0.0041356492969396195,2.6774102976583033e-15,2,outgoing,Peter A. Rona
3991,1,54,1.0,0.0,0.0008271298593879239,2.416906832729192e-28,2,outandin,Michael Brasher
4956,1,54,1.0,0.0,0.0008271298593879239,2.416906832729192e-28,3,outgoing,Robert Haimes
225,1,55,0.47619047619047616,0.0,0.0027069704489059328,1.422871336602954e-18,2,outandin,Anand Agarawala
4314,2,55,0.47619047619047616,0.0,0.002977667493796526,2.026535310059911e-18,2,outandin,Nelson Wong
5196,2,55,0.47619047619047616,0.0,0.002977667493796526,2.026535310059911e-18,2,outandin,Saul Greenberg
820,3,55,0.47619047619047616,0.0,0.0033085194375516956,3.519864556485342e-18,2,outandin,Charles A. H. Baker
4694,3,55,0.47619047619047616,0.0,0.0033085194375516956,3.519864556485342e-18,2,outandin,Przemyslaw Prusinkiewicz
4012,3,55,0.47619047619047616,0.0,0.0033085194375516956,3.519864556485342e-18,2,outandin,Michael G. Surette
5312,6,55,0.47619047619047616,1.5063623266998614e-05,0.004962779156327543,4.776662432431472e-18,1,,Sheelagh Carpendale
143,1,56,0.6666666666666666,0.0,0.001488833746898263,1.3245330539394858e-22,2,outandin,Alexander Rice
5026,2,56,0.6666666666666666,0.0,0.0018610421836228288,2.4565289098639773e-22,2,outandin,Roland Niemeier
5890,2,56,0.6666666666666666,0.0,0.0018610421836228288,2.4565289098639773e-22,4,outandin,Ulrich Lang 0002
3113,3,56,0.6666666666666666,2.738840593999748e-06,0.0024813895781637717,2.874351281439754e-22,2,outandin,Jürgen P. Schulze
5551,0,57,0.0,0.0,0.0,2.2509198940630926e-37,2,,Stuart K. Card
2326,2,58,1.0,0.0,0.0016542597187758478,4.634444452430177e-23,2,outandin,Howard D. White
6149,2,58,1.0,0.0,0.0016542597187758478,4.634444452430177e-23,2,outandin,Xia Lin
2555,2,58,1.0,0.0,0.0016542597187758478,4.634444452430177e-23,2,outandin,Jan W. Buzydlowski
5047,2,59,0.6,0.0,0.0025847808105872623,1.0001374135372633e-18,2,outandin,Rong Xu
6003,2,59,0.6,0.0,0.0025847808105872623,1.0001374135372633e-18,2,outandin,Wawan Solihin
2148,3,59,0.6,0.0,0.0029540352120997282,1.79276351320967e-18,2,outandin,Hang Yu
1552,3,59,0.6,0.0,0.0029540352120997282,1.79276351320967e-18,2,outandin,Ee-Chien Chang
6553,3,59,0.6,0.0,0.0029540352120997282,1.79276351320967e-18,2,outandin,Zhijian Zheng
6563,5,59,0.6,8.216521781999244e-06,0.0041356492969396195,2.2621130334339404e-18,2,outandin,Zhiyong Huang
1590,1,60,1.0,0.0,0.0008271298593879239,2.416906832729192e-28,2,outandin,Ellen Diep
4960,1,60,1.0,0.0,0.0008271298593879239,2.416906832729192e-28,2,outandin,Robert J. K. Jacob
4858,1,61,0.6,0.0,0.002297582942744233,1.6810484332672277e-18,2,outandin,Rena A. Haynes
976,2,61,0.6,0.0,0.0025847808105872623,3.249942722882439e-18,2,outandin,Christopher J. Garasi
4842,3,61,0.6,0.0,0.0029540352120997282,4.60201128886604e-18,2,incoming,Rebecca M. Brannon
1231,3,61,0.6,0.0,0.0029540352120997282,4.60201128886604e-18,2,outandin,David Coblentz
1254,4,61,0.6,1.369420296999874e-06,0.0034463744141163496,5.340017077162191e-18,4,outandin,David H. Rogers 0001
4470,5,61,0.6,6.84710148499937e-06,0.0041356492969396195,5.721754104532651e-18,2,,Patricia Crossno
3237,1,62,0.38095238095238093,0.0,0.0019851116625310174,7.686580986018943e-21,2,outgoing,Kenneth C. Cox
1394,2,62,0.38095238095238093,0.0,0.0027069704489059328,2.868671034857132e-20,2,outandin,Diane Cluxton
2752,2,62,0.38095238095238093,0.0,0.0027069704489059328,2.8686710348571316e-20,2,outandin,Jie Yun
94,2,62,0.38095238095238093,6.84710148499937e-06,0.002977667493796526,2.100012960424306e-20,2,outgoing,Alan Keahey
4458,2,62,0.38095238095238093,0.0,0.0027069704489059328,2.868671034857132e-20,2,outandin,Parthasarathy Krishnaswamy
4967,2,62,0.38095238095238093,0.0,0.0027069704489059328,2.868671034857132e-20,2,incoming,Robert L. Grossman
5484,5,62,0.38095238095238093,1.6433043563998488e-05,0.004253810705423609,4.9686839872250824e-20,1,,Stephen G. Eick
1374,0,63,0.0,0.0,0.0,2.2509198940630926e-37,2,outandin,Derek Bradley
1669,4,64,1.0,0.0,0.0033085194375516956,2.0963325109920386e-16,2,outandin,Erika Darling
892,4,64,1.0,0.0,0.0033085194375516956,2.0963325109920386e-16,2,outandin,Chris Newbern
4345,4,64,1.0,0.0,0.0033085194375516956,2.0963325109920386e-16,2,outandin,Nikhil Kalghatgi
15,4,64,1.0,0.0,0.0033085194375516956,2.0963325109920386e-16,2,outandin,Aaron Burgman
3333,4,64,1.0,0.0,0.0033085194375516956,2.0963325109920386e-16,2,outandin,Kristine Recktenwald
44,1,65,0.2878787878787879,0.0,0.0033360904328646264,8.904057075082499e-18,2,outandin,Adam Hunter
6412,2,65,0.2878787878787879,0.0,0.0034511280339978895,1.2110656162240061e-17,4,incoming,Yuan Chen
5562,2,65,0.2878787878787879,0.0,0.0034511280339978895,1.2110656162240061e-17,2,outgoing,Subodh Kumar 0001
6028,2,65,0.2878787878787879,0.0,0.00435142230373647,2.669687182852452e-17,2,outandin,Weiqiand Zhang
5693,3,65,0.2878787878787879,0.0,0.004549214226633582,5.458236601767173e-17,2,outandin,Thomas A. Funkhouser
1412,3,65,0.2878787878787879,0.0,0.004549214226633582,5.458236601767173e-17,2,outandin,Dimah Yanovsky
1988,3,65,0.2878787878787879,0.0,0.0037067671476273627,4.747408106535874e-17,2,outandin,Gopal Sarma Pingali
68,3,65,0.2878787878787879,0.0,0.0037067671476273627,4.747408106535874e-17,2,outandin,Agata Opalach
6481,3,65,0.2878787878787879,0.0,0.0037067671476273627,4.747408106535874e-17,2,outgoing,Yves Jean
2943,5,65,0.2878787878787879,3.5604927721996724e-05,0.005004135649296941,3.3631394393648474e-17,2,,Jonathan D. Cohen 0001
1151,5,65,0.2878787878787879,4.108260890999622e-05,0.005887218410937577,6.721081166593012e-17,2,,Daniel G. Aliaga
2403,6,65,0.2878787878787879,3.2866087127996976e-05,0.005267511209786253,8.439224490538892e-17,3,outandin,Ingrid Carlbom
5746,2,66,1.0,0.0,0.0016542597187758478,4.634444452430177e-23,4,outandin,Thomas Wischgoll
1589,2,66,1.0,0.0,0.0016542597187758478,4.634444452430177e-23,2,outandin,Elke Moritz
3101,2,66,1.0,0.0,0.0016542597187758478,4.634444452430177e-23,2,incoming,Jörg Meyer 0002
4020,1,67,0.6666666666666666,0.0,0.001488833746898263,1.3245330539394872e-22,2,outandin,Michael Gorman
3745,2,67,0.6666666666666666,0.0,0.0018610421836228288,2.4565289098639787e-22,2,outandin,Mark A. Robinson
1284,2,67,0.6666666666666666,0.0,0.0018610421836228288,2.4565289098639787e-22,2,outgoing,David M. Senseman
3201,3,67,0.6666666666666666,2.738840593999748e-06,0.0024813895781637717,2.8743512814397563e-22,2,outgoing,Kay A. Robbins
3864,2,68,1.0,0.0,0.0016542597187758478,4.634444452430177e-23,2,outandin,Matei Mancas
559,2,68,1.0,0.0,0.0016542597187758478,4.634444452430177e-23,2,outandin,Bernard Gosselin
555,2,68,1.0,0.0,0.0016542597187758478,4.634444452430177e-23,2,outandin,Benoît Macq
1657,1,69,1.0,0.0,0.0008271298593879239,2.416906832729192e-28,2,incoming,Eric T. Stanton
5980,1,69,1.0,0.0,0.0008271298593879239,2.416906832729192e-28,2,outandin,W. Philip Kegelmeyer
5876,3,70,1.0,0.0,0.0024813895781637717,2.5951339510127053e-19,2,outandin,Tzu-Wei Hsu
3425,3,70,1.0,0.0,0.0024813895781637717,2.5951339510127053e-19,2,outandin,Lee Inman
1203,3,70,1.0,0.0,0.0024813895781637717,2.5951339510127053e-19,2,outandin,Dave McColgin
3272,3,70,1.0,0.0,0.0024813895781637717,2.5951339510127053e-19,2,outandin,Kevin Stamper
4434,2,71,0.4444444444444444,0.0,0.003781165071487652,5.079570850684189e-16,2,outandin,P. Coleman Saunders
5226,2,71,0.4444444444444444,0.0,0.003781165071487652,5.079570850684189e-16,2,outandin,Sean C. Garrick
5577,2,71,0.4444444444444444,0.0,0.003781165071487652,5.079570850684189e-16,2,incoming,Sunghee Kim
2135,2,71,0.4444444444444444,0.0,0.003781165071487652,5.079570850684189e-16,2,incoming,Haleh Hagh-Shenas
5792,4,71,0.4444444444444444,0.0,0.0044113592500689275,1.2911944866439603e-15,2,outandin,Timothy Urness
1593,4,71,0.4444444444444444,0.0,0.0044113592500689275,1.2911944866439603e-15,2,outandin,Ellen Longmire
2429,4,71,0.4444444444444444,0.0,0.0044113592500689275,1.2911944866439603e-15,2,outandin,Ivan Marusic
585,4,71,0.4444444444444444,0.0,0.0044113592500689275,1.2911944866439603e-15,2,outandin,Bharathram Ganapathisubramani
5943,8,71,0.4444444444444444,2.738840593999748e-05,0.006617038875103391,1.6747703385457335e-15,2,,Victoria Interrante
6499,4,72,1.0,0.0,0.0033085194375516956,2.0963325109920386e-16,2,incoming,Zeki Melek
2895,4,72,1.0,0.0,0.0033085194375516956,2.0963325109920386e-16,2,incoming,John Keyser
708,4,72,1.0,0.0,0.0033085194375516956,2.0963325109920386e-16,2,outandin,Bruce H. McCormick
4696,4,72,1.0,0.0,0.0033085194375516956,2.0963325109920386e-16,2,outandin,Purna Doddapaneni
1288,4,72,1.0,0.0,0.0033085194375516956,2.0963325109920386e-16,2,incoming,David Mayerich
5525,0,73,0.0,0.0,0.0,2.2509198940630926e-37,2,outgoing,Steven F. Roth
1637,1,74,1.0,0.0,0.0008271298593879239,2.416906832729192e-28,2,outandin,Eric Christopher Wyatt
4488,1,74,1.0,0.0,0.0008271298593879239,2.416906832729192e-28,2,outandin,Patrick O'Leary
1527,6,75,1.0,0.0,0.004962779156327543,5.0734249459377035e-12,2,outandin,Eben Myers
4562,6,75,1.0,0.0,0.004962779156327543,5.0734249459377035e-12,2,outandin,Peter Coppin
4004,6,75,1.0,0.0,0.004962779156327543,5.0734249459377035e-12,2,outandin,Michael D. Wagner
3165,6,75,1.0,0.0,0.004962779156327543,5.0734249459377035e-12,2,outandin,Karl Fischer
3563,6,75,1.0,0.0,0.004962779156327543,5.0734249459377035e-12,2,outandin,Luisa Lu
5983,6,75,1.0,0.0,0.004962779156327543,5.0734249459377035e-12,2,outandin,W. Ronald McCloskey
1315,6,75,1.0,0.0,0.004962779156327543,5.0734249459377035e-12,2,outandin,David Seneker
3002,3,76,1.0,0.0,0.0024813895781637717,2.5951339510127053e-19,2,outandin,Joshua Foster
3143,3,76,1.0,0.0,0.0024813895781637717,2.5951339510127053e-19,5,outandin,Kalpathi R. Subramanian
4958,3,76,1.0,0.0,0.0024813895781637717,2.5951339510127053e-19,2,outandin,Robert Herring
1888,3,76,1.0,0.0,0.0024813895781637717,2.5951339510127053e-19,2,outandin,Gail-Joon Ahn
2772,3,77,0.5714285714285714,0.0,0.0033085194375516956,2.030092028466642e-17,2,incoming,Jimmy Johansson 0001
1278,3,77,0.5714285714285714,0.0,0.0033085194375516956,2.030092028466642e-17,2,outandin,David Lindgren
3893,3,77,0.5714285714285714,0.0,0.0033085194375516956,2.030092028466642e-17,4,incoming,Matthew Cooper 0001
3754,3,77,0.5714285714285714,0.0,0.0033085194375516956,2.030092028466642e-17,2,outandin,Mark Dieckmann
4327,3,77,0.5714285714285714,0.0,0.0033085194375516956,2.030092028466642e-17,2,outandin,Niclas Andersson
232,3,77,0.5714285714285714,0.0,0.0033085194375516956,2.030092028466642e-17,1,incoming,Anders Ynnerman
4468,6,77,0.5714285714285714,1.2324782672998866e-05,0.004962779156327543,3.34102661743075e-17,2,incoming,Patric Ljung
1280,1,78,1.0,0.0,0.0008271298593879239,2.416906832729192e-28,2,outandin,David Lu
3401,1,78,1.0,0.0,0.0008271298593879239,2.416906832729192e-28,2,outandin,Lauren Dietrich
1369,1,79,1.0,0.0,0.0008271298593879239,2.416906832729192e-28,2,outandin,Dennis P. Groth
550,1,79,1.0,0.0,0.0008271298593879239,2.416906832729192e-28,2,outandin,Benjamin W. Murphy
5357,2,80,1.0,0.0,0.0016542597187758478,4.634444452430177e-23,2,,Shyh-Kuang Ueng
6269,2,80,1.0,0.0,0.0016542597187758478,4.634444452430177e-23,2,outandin,Yan-Jen Su
869,2,80,1.0,0.0,0.0016542597187758478,4.634444452430177e-23,2,outandin,Chi-Tang Chang
4017,7,81,1.0,0.0,0.005789909015715467,2.7865038620847094e-10,1,incoming,Michael Gleicher
5828,7,81,1.0,0.0,0.005789909015715467,2.7865038620847094e-10,2,outandin,Tom Brunet
3119,7,81,1.0,0.0,0.005789909015715467,2.7865038620847094e-10,2,outandin,K. Evan Nowak
3512,7,81,1.0,0.0,0.005789909015715467,2.7865038620847094e-10,2,outandin,Liz Osten
3883,7,81,1.0,0.0,0.005789909015715467,2.7865038620847094e-10,2,outandin,Matt McElwee
3275,7,81,1.0,0.0,0.005789909015715467,2.7865038620847094e-10,2,outandin,Kevin Tanty
42,7,81,1.0,0.0,0.005789909015715467,2.7865038620847094e-10,2,outandin,Adam Gepner
1892,7,81,1.0,0.0,0.005789909015715467,2.7865038620847094e-10,2,outandin,Garet Lahvis
6104,0,82,0.0,0.0,0.0,2.2509198940630926e-37,2,outandin,Wilson S. Geisler
1868,2,83,1.0,0.0,0.0016542597187758478,4.634444452430177e-23,2,outandin,Fujio Tsutsumi
4382,2,83,1.0,0.0,0.0016542597187758478,4.634444452430177e-23,2,outandin,Norihiko Itoh
5637,2,83,1.0,0.0,0.0016542597187758478,4.634444452430177e-23,2,outandin,Takashi Onoda
561,0,84,0.0,0.0,0.0,2.2509198940630926e-37,2,outandin,Bernard Kerr
3689,2,85,0.5777777777777777,0.0,0.004187344913151364,9.632283229953431e-13,2,incoming,Marco Tarini
1092,4,85,0.5777777777777777,0.0,0.00478553704360156,1.4712113353420232e-12,2,outandin,D. Constanza
1026,4,85,0.5777777777777777,0.0,0.00478553704360156,1.4712113353420232e-12,1,,Claudio Montani
1027,4,85,0.5777777777777777,0.0,0.00478553704360156,1.4712113353420232e-12,2,outgoing,Claudio Rocchini
1719,5,85,0.5777777777777777,0.0,0.005153655277724756,1.9980807439677478e-12,2,incoming,Fabio Ganovelli
1617,5,85,0.5777777777777777,0.0,0.005153655277724756,1.9980807439677478e-12,2,,Enrico Gobbetti
1720,5,85,0.5777777777777777,0.0,0.005153655277724756,1.9980807439677478e-12,2,incoming,Fabio Marton
1749,5,85,0.5777777777777777,0.0,0.005153655277724756,1.9980807439677478e-12,2,incoming,Federico Ponchio
4453,9,85,0.5777777777777777,1.3009492821498803e-05,0.007444168734491315,2.7896846808915836e-12,2,,Paolo Cignoni
4997,9,85,0.5777777777777777,1.3009492821498803e-05,0.007444168734491315,2.7896846808915836e-12,1,,Roberto Scopigno
5816,2,86,1.0,0.0,0.0016542597187758478,4.634444452430177e-23,2,outandin,Tobias Skog
5180,2,86,1.0,0.0,0.0016542597187758478,4.634444452430177e-23,2,outandin,Sara Ljungblad
3377,2,86,1.0,0.0,0.0016542597187758478,4.634444452430177e-23,2,outgoing,Lars Erik Holmquist
1893,1,87,0.5,0.0,0.001890582535743826,6.87443113880375e-22,2,outandin,Gareth Daniel
5515,1,87,0.5,0.0,0.001890582535743826,6.87443113880375e-22,2,outandin,Steve M. F. Treavett
2332,2,87,0.5,0.0,0.0022056796250344637,1.1993437005047177e-21,2,outandin,Hualin Zhou
4009,2,87,0.5,0.0,0.0022056796250344637,1.1993437005047177e-21,2,outandin,Michael F. Webster
4141,4,87,0.5,6.84710148499937e-06,0.0033085194375516956,1.6106263395984094e-21,1,incoming,Min Chen 0001
4970,2,88,0.41818181818181815,0.0,0.004595165885488466,1.0083675472483633e-14,2,outandin,Robert M. Edsall
3484,2,88,0.41818181818181815,0.0,0.004595165885488466,1.0083675472483633e-14,2,outgoing,Linda Pickle
6239,4,88,0.41818181818181815,0.0,0.005169561621174525,2.0995462399179482e-14,2,outandin,Xiping Dai
1824,4,88,0.41818181818181815,0.0,0.005169561621174525,2.0995462399179482e-14,2,outandin,Frank Hardisty
1399,4,88,0.41818181818181815,0.0,0.005169561621174525,2.0995462399179482e-14,2,incoming,Diansheng Guo
1688,4,88,0.41818181818181815,0.0,0.005169561621174525,2.0995462399179482e-14,2,outandin,Eugene Lengerich
2412,4,88,0.41818181818181815,0.0,0.005169561621174525,2.0995462399179482e-14,2,outandin,Isaac Brewer
2106,4,88,0.41818181818181815,0.0,0.005169561621174525,2.0995462399179482e-14,2,outandin,Hadi Abdo
2462,4,88,0.41818181818181815,0.0,0.005169561621174525,2.0995462399179482e-14,2,outandin,Jack Gundrum
1933,4,88,0.41818181818181815,0.0,0.005169561621174525,2.0995462399179482e-14,2,outandin,George Otto
100,10,88,0.41818181818181815,4.382144950399597e-05,0.008271298593879239,3.880417215805639e-14,2,,Alan M. MacEachren
4,0,89,0.0,0.0,0.0,2.2509198940630926e-37,2,outandin,A. James Stewart
5015,1,90,1.0,0.0,0.0008271298593879239,2.416906832729192e-28,2,outgoing,Roger C. Tam
6122,1,90,1.0,0.0,0.0008271298593879239,2.416906832729192e-28,2,outgoing,Wolfgang Heidrich
5427,1,91,0.6060606060606061,0.0,0.057524260697600305,0.0013795619892276035,2,outandin,Stanislav L. Stoev
4085,3,91,0.6060606060606061,0.0,0.06664441638974745,0.018973212973212715,2,outandin,Michael Wand 0001
3054,3,91,0.6060606060606061,0.0,0.06664441638974745,0.018973212973212715,2,outandin,Julius Gonser
1423,8,91,0.6060606060606061,0.0,0.05763740198023115,0.0026208792213228195,2,,Dirk Bartz
1426,8,91,0.6060606060606061,0.0,0.05763740198023115,0.0026208792213228195,2,outandin,Dirk Mayer
2546,8,91,0.6060606060606061,0.0,0.05763740198023115,0.0026208792213228195,2,incoming,Jan Fischer
5246,8,91,0.6060606060606061,0.0,0.05763740198023115,0.0026208792213228195,2,outandin,Sebastian Ley
6608,8,91,0.6060606060606061,0.0,0.05763740198023115,0.0026208792213228195,2,outandin,Ángel del Río
5463,8,91,0.6060606060606061,0.0,0.05763740198023115,0.0026208792213228195,2,outandin,Steffi Thust
1029,8,91,0.6060606060606061,0.0,0.05763740198023115,0.0026208792213228195,2,outandin,Claus Peter Heussel
2177,8,91,0.6060606060606061,0.0,0.05763740198023115,0.0026208792213228195,2,outandin,Hans-Ulrich Kauczor
6129,12,91,0.6060606060606061,0.006037774089472444,0.06683985456097839,0.020389383958176112,1,,Wolfgang Straßer
4347,1,92,1.0,0.0,0.0008271298593879239,2.416906832729192e-28,1,incoming,Niklas Elmqvist
4636,1,92,1.0,0.0,0.0008271298593879239,2.416906832729192e-28,2,incoming,Philippas Tsigas
5477,1,93,0.6666666666666666,0.0,0.001488833746898263,1.3245330539394858e-22,2,outandin,Stephen A. Linton
4204,2,93,0.6666666666666666,0.0,0.0018610421836228288,2.4565289098639773e-22,2,outandin,Monica K. Hurdal
3279,2,93,0.6666666666666666,0.0,0.0018610421836228288,2.4565289098639773e-22,2,outandin,Kevin W. Kurtz
1225,3,93,0.6666666666666666,2.738840593999748e-06,0.0024813895781637717,2.874351281439754e-22,1,,David C. Banks
1403,2,94,1.0,0.0,0.0016542597187758478,4.634444452430177e-23,2,outandin,Dieter Hönigmann
2855,2,94,1.0,0.0,0.0016542597187758478,4.634444452430177e-23,2,outandin,Johannes Ruisz
944,2,94,1.0,0.0,0.0016542597187758478,4.634444452430177e-23,2,outandin,Christoph Haider
2624,1,95,0.8222222222222222,0.0,0.003941030506495402,1.2786223402823392e-09,2,outandin,Jeanette C. Meng
6046,8,95,0.8222222222222222,0.0,0.006699751861042184,1.0105079203607344e-08,2,outandin,Wendy Plesniak
5524,8,95,0.8222222222222222,0.0,0.006699751861042184,1.0105079203607344e-08,2,outandin,Steven D. Pieper
6091,8,95,0.8222222222222222,0.0,0.006699751861042184,1.0105079203607344e-08,2,outandin,William M. Wells III
3721,8,95,0.8222222222222222,0.0,0.006699751861042184,1.0105079203607344e-08,2,outandin,Marianna Jakab
1442,8,95,0.8222222222222222,0.0,0.006699751861042184,1.0105079203607344e-08,2,outandin,Dominik S. Meier
5475,8,95,0.8222222222222222,0.0,0.006699751861042184,1.0105079203607344e-08,2,outandin,Stephen A. Benton
832,8,95,0.8222222222222222,0.0,0.006699751861042184,1.0105079203607344e-08,2,outandin,Charles R. G. Guttmann
5038,8,95,0.8222222222222222,0.0,0.006699751861042184,1.0105079203607344e-08,1,outgoing,Ron Kikinis
4025,9,95,0.8222222222222222,1.0955362375998992e-05,0.007444168734491315,1.0246927112530257e-08,2,outandin,Michael Halle
4503,1,96,1.0,0.0,0.0008271298593879239,2.416906832729192e-28,2,outandin,Paul Craig
2685,1,96,1.0,0.0,0.0008271298593879239,2.416906832729192e-28,2,incoming,Jessie Kennedy
315,1,97,1.0,0.0,0.0008271298593879239,2.416906832729192e-28,4,outgoing,Andrzej Szymczak
2534,1,97,1.0,0.0,0.0008271298593879239,2.416906832729192e-28,2,outandin,James Vanderhyde
182,2,98,1.0,0.0,0.0016542597187758478,4.634444452430177e-23,2,outandin,Alistair Morrison
3892,2,98,1.0,0.0,0.0016542597187758478,4.634444452430177e-23,2,outgoing,Matthew Chalmers
2019,2,98,1.0,0.0,0.0016542597187758478,4.634444452430177e-23,2,outandin,Greg Ross
3408,2,99,1.0,0.0,0.0016542597187758478,4.634444452430177e-23,2,outandin,Laurent Saroul
5243,2,99,1.0,0.0,0.0016542597187758478,4.634444452430177e-23,2,outandin,Sebastian Gerlach
5017,2,99,1.0,0.0,0.0016542597187758478,4.634444452430177e-23,2,outandin,Roger D. Hersch
3753,3,100,1.0,0.0,0.0024813895781637717,2.5951339510127053e-19,2,outgoing,Mark Derthick
4011,3,100,1.0,0.0,0.0024813895781637717,2.5951339510127053e-19,2,outandin,Michael G. Christel
125,3,100,1.0,0.0,0.0024813895781637717,2.5951339510127053e-19,2,outandin,Alex Hauptmann 0001
2325,3,100,1.0,0.0,0.0024813895781637717,2.5951339510127053e-19,2,outandin,Howard D. Wactlar
1446,1,101,1.0,0.0,0.0008271298593879239,2.416906832729192e-28,2,,Dominique Brodbeck
3547,1,101,1.0,0.0,0.0008271298593879239,2.416906832729192e-28,2,outandin,Luc Girardin
5925,1,102,1.0,0.0,0.0008271298593879239,2.416906832729192e-28,2,outandin,Vasily Volkov
3486,1,102,1.0,0.0,0.0008271298593879239,2.416906832729192e-28,2,outandin,Ling Li 0006
3091,3,103,0.5714285714285714,0.0,0.0036844875554552974,8.068533621275271e-16,2,outandin,Justin Jang
896,3,103,0.5714285714285714,0.0,0.0036844875554552974,8.068533621275271e-16,2,,Chris Shaw 0002
4602,3,103,0.5714285714285714,0.0,0.0036844875554552974,8.068533621275271e-16,3,incoming,Peter Wonka
1282,4,103,0.5714285714285714,0.0,0.004052936311000827,1.4176957836229704e-15,2,incoming,David M. Krum
4417,4,103,0.5714285714285714,0.0,0.004052936311000827,1.4176957836229704e-15,2,outandin,Olugbenga Omoteso
5676,4,103,0.5714285714285714,0.0,0.004052936311000827,1.4176957836229704e-15,2,outandin,Thad Starner
3372,4,103,0.5714285714285714,0.0,0.004052936311000827,1.4176957836229704e-15,2,outgoing,Larry F. Hodges
6093,7,103,0.5714285714285714,1.6433043563998488e-05,0.005789909015715467,1.87261276419539e-15,1,,William Ribarsky
4876,2,104,1.0,0.0,0.0016542597187758478,4.634444452430177e-23,2,outandin,Rhazes Spell
4756,2,104,1.0,0.0,0.0016542597187758478,4.634444452430177e-23,2,outandin,Rachael Brady
1849,2,104,1.0,0.0,0.0016542597187758478,4.634444452430177e-23,2,outandin,Fred Dietrich
3662,4,105,1.0,0.0,0.0033085194375516956,2.0963325109920386e-16,2,outandin,Marc P. Persoon
2435,4,105,1.0,0.0,0.0033085194375516956,2.0963325109920386e-16,2,outandin,Iwo Serlie
1862,4,105,1.0,0.0,0.0033085194375516956,2.0963325109920386e-16,1,,Frits H. Post
5009,4,105,1.0,0.0,0.0033085194375516956,2.0963325109920386e-16,2,incoming,Roel Truyen
1838,4,105,1.0,0.0,0.0033085194375516956,2.0963325109920386e-16,2,,Frans Vos
1562,1,106,0.22875816993464052,0.0,0.05296450132910991,1.0170692306027022e-07,2,outandin,Eitan Bachmant
4755,1,106,0.22875816993464052,0.0,0.04710252896616365,1.0819972039810365e-08,2,outandin,Raanan Fattal
3670,2,106,0.22875816993464052,0.0,0.05310160850314333,1.4201063331024075e-07,2,outandin,Marc Weber
6127,2,106,0.22875816993464052,0.0,0.05310160850314333,1.4201063331024075e-07,2,outandin,Wolfgang Müller 0004
4317,2,106,0.22875816993464052,0.0,0.06074371147398362,1.4706281024494768e-06,2,outandin,Neta Sokolovsky
5993,3,106,0.22875816993464052,0.0,0.06074371147398362,1.5876579980650207e-06,2,outandin,Walter Jiménez
5985,3,106,0.22875816993464052,0.0,0.06074371147398362,1.5876579980650207e-06,2,outandin,Wagner Toledo Corrêa
394,3,106,0.22875816993464052,0.0,0.06074371147398362,1.5876579980650207e-06,2,outandin,António M. Baptista
4405,3,106,0.22875816993464052,0.0,0.053156650336263975,1.5454520790821442e-07,4,outandin,Olga Sorkine-Hornung
5056,3,106,0.22875816993464052,0.0,0.053156650336263975,1.545452079082144e-07,2,outandin,Rony Goldenthal
2758,3,106,0.22875816993464052,0.0006806018876089374,0.060761704279515015,1.4772167616798743e-06,2,outgoing,Jihad El-Sana
1128,4,106,0.22875816993464052,0.0006806018876089374,0.0531704286282122,1.5525663722447454e-07,3,outandin,Dani Lischinski
2846,5,106,0.22875816993464052,0.0,0.06088795299722252,1.8956608133366532e-06,2,outandin,Johannes Behr
5275,5,106,0.22875816993464052,0.0,0.06088795299722252,1.8956608133366532e-06,2,outandin,Shachar Fleishman
1277,5,106,0.22875816993464052,0.0,0.06088795299722252,1.8956608133366532e-06,2,outgoing,David Levin
3651,7,106,0.22875816993464052,0.001358464934623875,0.060924120477470346,1.9141314823549014e-06,2,outandin,Marc Alexa
1143,8,106,0.22875816993464052,0.002705974506871751,0.06096033095026528,1.9258917789321205e-06,4,outgoing,Daniel Cohen-Or
1041,11,106,0.22875816993464052,0.011300456290842961,0.0711767916889808,1.9987500230165592e-05,0,,Cláudio T. Silva
4497,1,107,1.0,0.0,0.0008271298593879239,2.416906832729192e-28,2,outandin,Paul Adams
1486,1,107,1.0,0.0,0.0008271298593879239,2.416906832729192e-28,2,outandin,Douglas Dommermuth
1687,1,108,0.2571428571428571,0.0,0.005229595240001067,2.588040876337834e-15,2,outandin,Eugene I. Kelton
88,1,108,0.2571428571428571,0.0,0.0041568577548726435,1.7137682009112302e-15,1,outgoing,Alan D. Kalvin
6445,2,108,0.2571428571428571,0.0,0.006004350090371595,3.558598782684605e-15,2,outandin,Yuk Yin Sham
1208,3,108,0.2571428571428571,0.0,0.005590256980690796,4.570429413267346e-15,2,outandin,David A. Rabenhorst
220,3,108,0.2571428571428571,0.0,0.005590256980690796,4.570429413267346e-15,2,outandin,Amnon Shabo
5330,3,108,0.2571428571428571,0.0,0.005590256980690796,4.570429413267346e-15,2,outandin,Shimon Slavin
2531,3,108,0.2571428571428571,0.0,0.004631927212572374,1.7140968330648204e-15,4,outgoing,James T. Klosowski
6092,3,108,0.2571428571428571,0.0,0.004631927212572374,1.7140968330648204e-15,2,outgoing,William P. Horn
2097,3,108,0.2571428571428571,0.0,0.004631927212572374,1.7140968330648204e-15,2,outandin,Gérard Lecina
4777,4,108,0.2571428571428571,0.0,0.006004350090371595,7.59687126862651e-15,2,outandin,Raimond L. Winslow
1239,4,108,0.2571428571428571,0.0,0.006004350090371595,7.59687126862651e-15,2,outandin,David F. Scollan
931,4,108,0.2571428571428571,0.0,0.006004350090371595,7.59687126862651e-15,2,outandin,Christina K. Yung
578,5,108,0.2571428571428571,1.7802463860998362e-05,0.006235286632308964,7.902297139955104e-15,1,,Bernice E. Rogowitz
1833,5,108,0.2571428571428571,4.519086980099584e-05,0.006754893851668046,4.4751176754385756e-15,2,outandin,Frank Suits
1472,10,108,0.2571428571428571,9.312058019599143e-05,0.009006525135557393,1.1933541990633118e-14,1,outgoing,Donna L. Gresh
3241,3,109,1.0,0.0,0.0024813895781637717,2.5951339510127053e-19,2,outandin,Kenneth L. Summers
5783,3,109,1.0,0.0,0.0024813895781637717,2.5951339510127053e-19,2,outandin,Timothy E. Goldsmith
5513,3,109,1.0,0.0,0.0024813895781637717,2.5951339510127053e-19,2,outandin,Steve Kubica
5729,3,109,1.0,0.0,0.0024813895781637717,2.5951339510127053e-19,2,outandin,Thomas P. Caudell
3052,5,110,0.9166666666666666,0.0,0.004812391909166103,9.626357905141293e-10,2,outandin,Julio C. Bermudez
4934,7,110,0.9166666666666666,0.0,0.005881812333425236,1.3169782704764691e-09,2,outandin,Robert Albert
6354,7,110,0.9166666666666666,0.0,0.005881812333425236,1.3169782704764691e-09,2,outandin,Yinqi Zhang
1928,7,110,0.9166666666666666,0.0,0.005881812333425236,1.3169782704764694e-09,2,outandin,George Hutchinson
4373,8,110,0.9166666666666666,8.216521781999245e-07,0.006617038875103391,1.431124395386957e-09,2,outandin,Noah Syroid
2497,8,110,0.9166666666666666,8.216521781999245e-07,0.006617038875103391,1.431124395386957e-09,2,incoming,James Agutter
1820,8,110,0.9166666666666666,8.216521781999245e-07,0.006617038875103391,1.431124395386957e-09,2,outandin,Frank Drews
1274,8,110,0.9166666666666666,8.216521781999245e-07,0.006617038875103391,1.431124395386957e-09,2,outandin,David L. Strayer
1506,8,110,0.9166666666666666,8.216521781999245e-07,0.006617038875103391,1.431124395386957e-09,2,outandin,Dwayne R. Westenskow
521,0,111,0.0,0.0,0.0,2.2509198940630926e-37,2,outandin,Ben Shedd
1141,3,112,1.0,0.0,0.0024813895781637717,2.5951339510127053e-19,2,outandin,Daniel C. Glaser
5019,3,112,1.0,0.0,0.0024813895781637717,2.5951339510127053e-19,2,outandin,Roger Tan
2881,3,112,1.0,0.0,0.0024813895781637717,2.5951339510127053e-19,2,outandin,John F. Canny
1594,3,112,1.0,0.0,0.0024813895781637717,2.5951339510127053e-19,3,outandin,Ellen Yi-Luen Do
1051,0,113,0.0,0.0,0.0,2.2509198940630926e-37,4,incoming,Colin Ware
2908,4,114,1.0,0.0,0.0033085194375516956,2.0963325109920386e-16,3,outandin,John R. Wright
5203,4,114,1.0,0.0,0.0033085194375516956,2.0963325109920386e-16,2,outandin,Scott C. Burleigh
3630,4,114,1.0,0.0,0.0033085194375516956,2.0963325109920386e-16,2,outandin,Makoto Maruya
5214,4,114,1.0,0.0,0.0033085194375516956,2.0963325109920386e-16,2,outandin,Scott Maxwell
4868,4,114,1.0,0.0,0.0033085194375516956,2.0963325109920386e-16,2,outandin,René Pischel
5976,0,115,0.0,0.0,0.0,2.2509198940630926e-37,2,outandin,W. Bradford Paley
2304,0,116,0.0,0.0,0.0,2.2509198940630926e-37,3,outandin,Hong Chen
6321,0,117,0.0,0.0,0.0,2.2509198940630926e-37,2,,Yi-Jen Chiang
5894,1,118,1.0,0.0,0.0008271298593879239,2.416906832729192e-28,2,incoming,Ulrik Brandes
5540,1,118,1.0,0.0,0.0008271298593879239,2.416906832729192e-28,4,outandin,Steven R. Corman
2142,3,119,0.5714285714285714,0.0,0.0036844875554552974,8.068533621275271e-16,2,outandin,Han Chen
4776,3,119,0.5714285714285714,0.0,0.0036844875554552974,8.068533621275271e-16,2,outandin,Rahul Sukthankar
2009,3,119,0.5714285714285714,0.0,0.0036844875554552974,8.068533621275271e-16,2,outandin,Grant Wallace
6465,4,119,0.5714285714285714,0.0,0.004052936311000827,1.4176957836229704e-15,2,outandin,Yuqun Chen
1492,4,119,0.5714285714285714,0.0,0.004052936311000827,1.4176957836229704e-15,2,outandin,Douglas W. Clark
41,4,119,0.5714285714285714,0.0,0.004052936311000827,1.4176957836229704e-15,2,outandin,Adam Finkelstein
5781,4,119,0.5714285714285714,0.0,0.004052936311000827,1.4176957836229704e-15,2,outandin,Timothy C. Housel
3130,7,119,0.5714285714285714,1.6433043563998488e-05,0.005789909015715467,1.87261276419539e-15,2,outandin,Kai Li 0001
3004,0,120,0.0,0.0,0.0,2.2509198940630926e-37,2,outandin,Joshua Levenberg
183,1,121,1.0,0.0,0.0008271298593879239,2.416906832729192e-28,2,outandin,Alla Sheffer
2874,1,121,1.0,0.0,0.0008271298593879239,2.416906832729192e-28,3,incoming,John C. Hart
2822,1,122,0.6666666666666666,0.0,0.0011028398125172319,5.846033390175997e-26,4,,Jock D. Mackinlay
194,1,122,0.6666666666666666,0.0,0.0011028398125172319,5.846033390175997e-26,2,outandin,Allison Woodruff
989,2,122,0.6666666666666666,1.369420296999874e-06,0.0016542597187758478,8.26753970647286e-26,2,outandin,Christopher Olston
4731,1,123,1.0,0.0,0.0008271298593879239,2.416906832729192e-28,2,outandin,Quang Vinh Nguyen
3647,1,123,1.0,0.0,0.0008271298593879239,2.416906832729192e-28,2,outandin,Mao Lin Huang
541,2,124,1.0,0.0,0.0016542597187758478,4.634444452430177e-23,2,outandin,Benjamin Mora
2623,2,124,1.0,0.0,0.0016542597187758478,4.634444452430177e-23,2,outandin,Jean-Pierre Jessel
4865,2,124,1.0,0.0,0.0016542597187758478,4.634444452430177e-23,2,outandin,René Caubet
928,3,125,0.7333333333333333,0.0,0.0029540352120997282,6.277130555532485e-17,4,outandin,Christian Tietjen
6117,3,125,0.7333333333333333,0.0,0.0029540352120997282,6.277130555532485e-17,2,outandin,Wolf Spindler
2321,3,125,0.7333333333333333,0.0,0.0029540352120997282,6.277130555532485e-17,4,outandin,Horst K. Hahn
1428,3,125,0.7333333333333333,0.0,0.0029540352120997282,6.277130555532485e-17,2,outandin,Dirk Selle
576,5,125,0.7333333333333333,2.738840593999748e-06,0.0041356492969396195,8.877203164420601e-17,2,incoming,Bernhard Preim
2246,5,125,0.7333333333333333,2.738840593999748e-06,0.0041356492969396195,8.877203164420601e-17,2,incoming,Heinz-Otto Peitgen
4681,2,126,1.0,0.0,0.0016542597187758478,4.634444452430177e-23,2,outandin,Prashant Chopra
3102,2,126,1.0,0.0,0.0016542597187758478,4.634444452430177e-23,2,outandin,Jörg Meyer 0003
388,2,126,1.0,0.0,0.0016542597187758478,4.634444452430177e-23,2,outandin,Antonio Fernandez
5496,1,127,1.0,0.0,0.0008271298593879239,2.416906832729192e-28,2,outandin,Stephen Mann
201,1,127,1.0,0.0,0.0008271298593879239,2.416906832729192e-28,1,outgoing,Alyn P. Rockwood
271,3,128,1.0,0.0,0.0024813895781637717,2.5951339510127053e-19,2,outandin,Andreas Sigfridsson
5800,3,128,1.0,0.0,0.0024813895781637717,2.5951339510127053e-19,2,outandin,Tino Ebbers
1560,3,128,1.0,0.0,0.0024813895781637717,2.5951339510127053e-19,2,outandin,Einar Heiberg
3386,3,128,1.0,0.0,0.0024813895781637717,2.5951339510127053e-19,2,outandin,Lars Wigström
660,1,129,1.0,0.0,0.0008271298593879239,2.416906832729192e-28,2,outandin,Brandon Lloyd
4457,1,129,1.0,0.0,0.0008271298593879239,2.416906832729192e-28,2,outgoing,Parris K. Egbert
6401,2,130,1.0,0.0,0.0016542597187758478,4.634444452430177e-23,2,outandin,Youwei Zhang
4980,2,130,1.0,0.0,0.0016542597187758478,4.634444452430177e-23,2,outandin,Robert Rohling
1415,2,130,1.0,0.0,0.0016542597187758478,4.634444452430177e-23,2,outandin,Dinesh K. Pai
5081,0,131,0.0,0.0,0.0,2.2509198940630926e-37,2,outandin,Rumi Hiraga
4110,2,132,1.0,0.0,0.0016542597187758478,4.634444452430177e-23,2,,Michelle X. Zhou
4140,2,132,1.0,0.0,0.0016542597187758478,4.634444452430177e-23,2,outandin,Min Chen
6338,2,132,1.0,0.0,0.0016542597187758478,4.634444452430177e-23,2,outandin,Ying Feng
2262,1,133,0.7619047619047619,0.0,0.0027069704489059328,1.2366135914782531e-14,2,outandin,Henk Huitema
6106,5,133,0.7619047619047619,0.0,0.004253810705423609,6.020225041850009e-14,1,,Wim C. de Leeuw
4554,5,133,0.7619047619047619,0.0,0.004253810705423609,6.020225041850009e-14,2,incoming,Pernette J. Verschure
5011,5,133,0.7619047619047619,0.0,0.004253810705423609,6.020225041850009e-14,2,outandin,Roel van Driel
446,5,133,0.7619047619047619,0.0,0.004253810705423609,6.020225041850009e-14,2,outandin,Astrid E. Visser
1661,5,133,0.7619047619047619,0.0,0.004253810705423609,6.020225041850009e-14,2,outandin,Erik M. M. Manders
4992,6,133,0.7619047619047619,6.84710148499937e-06,0.004962779156327543,6.225164554224732e-14,1,,Robert van Liere
4746,3,134,1.0,0.0,0.0024813895781637717,2.5951339510127053e-19,2,outandin,R. Mark Adams
620,3,134,1.0,0.0,0.0024813895781637717,2.5951339510127053e-19,2,outandin,Blaze Stancampiano
4051,3,134,1.0,0.0,0.0024813895781637717,2.5951339510127053e-19,2,outandin,Michael McKenna
1318,3,134,1.0,0.0,0.0024813895781637717,2.5951339510127053e-19,2,outandin,David Small
4687,1,135,1.0,0.0,0.0008271298593879239,2.416906832729192e-28,2,outandin,Praveen R. Thiagarajan
2047,1,135,1.0,0.0,0.0008271298593879239,2.416906832729192e-28,2,outandin,Guang R. Gao
3515,0,136,0.0,0.0,0.0,2.2509198940630926e-37,1,outgoing,Lloyd Treinish
4205,1,137,0.6666666666666666,0.0,0.001488833746898263,1.3245330539394872e-22,2,outandin,Monica Tavanti
1913,2,137,0.6666666666666666,0.0,0.0018610421836228288,2.4565289098639787e-22,2,outandin,Geoffrey P. Bingham
749,2,137,0.6666666666666666,0.0,0.0018610421836228288,2.4565289098639787e-22,2,incoming,Camilla Forsell
3881,3,137,0.6666666666666666,2.738840593999748e-06,0.0024813895781637717,2.8743512814397563e-22,2,incoming,Mats Lind
3955,0,138,0.0,0.0,0.0,2.2509198940630926e-37,2,outgoing,Mei C. Chuah
6095,0,139,0.0,0.0,0.0,2.2509198940630926e-37,2,incoming,William S. Cleveland
5493,0,140,0.0,0.0,0.0,2.2509198940630926e-37,3,outandin,Stephen M. Kosslyn
5150,0,141,0.0,0.0,0.0,2.2509198940630926e-37,1,outgoing,Samuel P. Uselton
2039,1,142,1.0,0.0,0.0008271298593879239,2.416906832729192e-28,2,outandin,Gregory W. Shirah
2320,1,142,1.0,0.0,0.0008271298593879239,2.416906832729192e-28,2,outandin,Horace Mitchell
667,1,143,0.6666666666666666,0.0,0.0011028398125172319,5.846033390175997e-26,2,outandin,Brent M. Dennis
2583,1,143,0.6666666666666666,0.0,0.0011028398125172319,5.846033390175997e-26,2,outandin,Jason D. Walter
972,2,143,0.6666666666666666,1.369420296999874e-06,0.0016542597187758478,8.26753970647286e-26,4,,Christopher G. Healey
58,3,144,0.3333333333333333,0.0,0.005590256980690796,1.1405268026892407e-13,2,incoming,Aditi Majumder
6575,3,144,0.3333333333333333,0.0,0.005590256980690796,1.1405268026892407e-13,2,outandin,Zhu He
5077,4,144,0.3333333333333333,0.0,0.006754893851668046,1.6145006878482506e-13,2,outgoing,Ruigang Yang
1248,4,144,0.3333333333333333,0.0,0.006754893851668046,1.6145006878482506e-13,1,incoming,David Gotz
3090,4,144,0.3333333333333333,0.0,0.006754893851668046,1.6145006878482506e-13,2,outandin,Justin Hensley
988,4,144,0.3333333333333333,0.0,0.005403915081334436,1.0026108718833887e-13,2,outandin,Christopher O. Jaynes
5478,4,144,0.3333333333333333,0.0,0.005403915081334436,1.0026108718833887e-13,2,outandin,Stephen B. Webb
4747,4,144,0.3333333333333333,0.0,0.005403915081334436,1.0026108718833887e-13,2,outandin,R. Matt Steele
5977,4,144,0.3333333333333333,0.0,0.005403915081334436,1.0026108718833887e-13,2,outgoing,W. Brent Seales
6020,4,144,0.3333333333333333,0.0,0.005789909015715467,1.491341418385236e-13,2,outgoing,Wei-Chao Chen
3383,4,144,0.3333333333333333,0.0,0.005789909015715467,1.491341418385236e-13,2,outandin,Lars S. Nyland
2267,4,144,0.3333333333333333,0.0,0.005789909015715467,1.491341418385236e-13,1,outgoing,Henry Fuchs
2023,6,144,0.3333333333333333,4.108260890999622e-06,0.006235286632308964,1.8562510223918505e-13,2,outgoing,Greg Welch
4066,8,144,0.3333333333333333,5.477681187999496e-05,0.008105872622001653,2.2561548560377038e-13,4,outgoing,Michael S. Brown
2275,10,144,0.3333333333333333,6.984043514699357e-05,0.009006525135557393,2.992084794070571e-13,2,outgoing,Herman Towles
5117,1,145,1.0,0.0,0.0008271298593879239,2.416906832729192e-28,2,outandin,S. Todd Barlow
4441,1,145,1.0,0.0,0.0008271298593879239,2.416906832729192e-28,2,outandin,Padraic Neville
1935,2,146,1.0,0.0,0.0016542597187758478,4.634444452430177e-23,2,outgoing,George S. Davidson
691,2,146,1.0,0.0,0.0016542597187758478,4.634444452430177e-23,2,,Brian N. Wylie
3278,2,146,1.0,0.0,0.0016542597187758478,4.634444452430177e-23,2,outandin,Kevin W. Boyack
5968,2,147,1.0,0.0,0.0016542597187758478,4.634444452430177e-23,2,outandin,Vladimir Pekar
4768,2,147,1.0,0.0,0.0016542597187758478,4.634444452430177e-23,2,outandin,Rafael Wiemker
1140,2,147,1.0,0.0,0.0016542597187758478,4.634444452430177e-23,2,outandin,Daniel Bystrov
3458,1,148,0.6666666666666666,0.0,0.001488833746898263,1.3245330539394872e-22,2,outandin,Lexing Ying
2718,2,148,0.6666666666666666,0.0,0.0018610421836228288,2.456528909863979e-22,2,outandin,Jianbo Peng
5924,2,148,0.6666666666666666,0.0,0.0018610421836228288,2.456528909863979e-22,2,outandin,Vasily Strela
1361,3,148,0.6666666666666666,2.738840593999748e-06,0.0024813895781637717,2.8743512814397563e-22,2,outandin,Denis Zorin
2637,2,149,1.0,0.0,0.0016542597187758478,4.634444452430177e-23,2,outandin,Jeffrey Ho
3337,2,149,1.0,0.0,0.0016542597187758478,4.634444452430177e-23,2,outandin,Kuang-chih Lee
1263,2,149,1.0,0.0,0.0016542597187758478,4.634444452430177e-23,2,outandin,David J. Kriegman
3269,6,150,1.0,0.0,0.004962779156327543,5.0734249459377035e-12,2,outgoing,Kevin Montgomery
6113,6,150,1.0,0.0,0.004962779156327543,5.0734249459377035e-12,2,outandin,Wm. LeRoy Heinrichs
1085,6,150,1.0,0.0,0.004962779156327543,5.0734249459377035e-12,2,outandin,Cynthia Bruyns
5390,6,150,1.0,0.0,0.004962779156327543,5.0734249459377035e-12,2,outandin,Simon Wildermuth
977,6,150,1.0,0.0,0.004962779156327543,5.0734249459377035e-12,2,outandin,Christopher J. Hasser
5474,6,150,1.0,0.0,0.004962779156327543,5.0734249459377035e-12,2,outandin,Stephanie Ozenne
1217,6,150,1.0,0.0,0.004962779156327543,5.0734249459377035e-12,2,incoming,David Bailey
4778,1,151,1.0,0.0,0.0008271298593879239,2.416906832729192e-28,3,outandin,Raimund Dachselt
3110,1,151,1.0,0.0,0.0008271298593879239,2.416906832729192e-28,2,outandin,Jürgen Ebert
2635,1,152,1.0,0.0,0.0008271298593879239,2.416906832729192e-28,2,outandin,Jeffrey Brainerd
498,1,152,1.0,0.0,0.0008271298593879239,2.416906832729192e-28,1,outgoing,Barry G. Becker
6517,2,153,1.0,0.0,0.0016542597187758478,4.634444452430177e-23,2,outgoing,Zhaohua Ding
2873,2,153,1.0,0.0,0.0016542597187758478,4.634444452430177e-23,2,outandin,John C. Gore
53,2,153,1.0,0.0,0.0016542597187758478,4.634444452430177e-23,2,outandin,Adam W. Anderson
714,3,154,1.0,0.0,0.0024813895781637717,2.5951339510127053e-19,2,incoming,Bruno Lévy 0001
2061,3,154,1.0,0.0,0.0024813895781637717,2.5951339510127053e-19,2,outandin,Guillaume Caumon
5554,3,154,1.0,0.0,0.0024813895781637717,2.5951339510127053e-19,2,outandin,Stéphane Conreaux
6142,3,154,1.0,0.0,0.0024813895781637717,2.5951339510127053e-19,2,,Xavier Cavin
2563,1,155,1.0,0.0,0.0008271298593879239,2.416906832729192e-28,2,outandin,Janet M. Six
2407,1,155,1.0,0.0,0.0008271298593879239,2.416906832729192e-28,2,outandin,Ioannis G. Tollis
6047,0,156,0.0,0.0,0.0,2.2509198940630926e-37,2,outandin,Wendy S. Koegler
1763,2,157,1.0,0.0,0.0016542597187758478,4.634444452430177e-23,4,outandin,Feng Dong 0005
1991,2,157,1.0,0.0,0.0016542597187758478,4.634444452430177e-23,4,outandin,Gordon Clapworthy
3957,2,157,1.0,0.0,0.0016542597187758478,4.634444452430177e-23,2,outandin,Mel Krokos
134,2,158,1.0,0.0,0.0016542597187758478,4.634444452430177e-23,2,outandin,Alexander Gubin
6102,2,158,1.0,0.0,0.0016542597187758478,4.634444452430177e-23,2,outandin,William Yurcik
3370,2,158,1.0,0.0,0.0016542597187758478,4.634444452430177e-23,2,outandin,Larry Brumbaugh
4053,2,159,1.0,0.0,0.0016542597187758478,4.634444452430177e-23,2,outgoing,Michael Meißner
2577,2,159,1.0,0.0,0.0016542597187758478,4.634444452430177e-23,2,outandin,Jasmina Orman
5466,2,159,1.0,0.0,0.0016542597187758478,4.634444452430177e-23,2,outandin,Stephan J. Braun
1529,0,160,0.0,0.0,0.0,2.2509198940630926e-37,2,,Ed H. Chi
4415,1,161,1.0,0.0,0.0008271298593879239,2.416906832729192e-28,2,incoming,Olivier Devillers
4662,1,161,1.0,0.0,0.0008271298593879239,2.416906832729192e-28,2,outandin,Pierre-Marie Gandoin
3109,2,162,1.0,0.0,0.0016542597187758478,4.634444452430177e-23,2,incoming,Jürgen Döllner
3310,2,162,1.0,0.0,0.0016542597187758478,4.634444452430177e-23,2,outandin,Konstantin Baumann
3300,2,162,1.0,0.0,0.0016542597187758478,4.634444452430177e-23,2,incoming,Klaus H. Hinrichs
322,0,163,0.0,0.0,0.0,2.2509198940630926e-37,2,outandin,André Skupin
384,1,164,1.0,0.0,0.0008271298593879239,2.416906832729192e-28,2,outandin,Anton Leuski
2498,1,164,1.0,0.0,0.0008271298593879239,2.416906832729192e-28,2,outandin,James Allan
2249,5,165,1.0,0.0,0.0041356492969396195,4.97619683957906e-14,2,outandin,Helen H. Hu
221,5,165,1.0,0.0,0.0041356492969396195,4.97619683957906e-14,2,outandin,Amy Ashurst Gooch
6072,5,165,1.0,0.0,0.0041356492969396195,4.97619683957906e-14,2,outandin,William B. Thompson
682,5,165,1.0,0.0,0.0041356492969396195,4.97619683957906e-14,2,outandin,Brian E. Smits
2892,5,165,1.0,0.0,0.0041356492969396195,4.97619683957906e-14,2,outandin,John J. Rieser
4597,5,165,1.0,0.0,0.0041356492969396195,4.97619683957906e-14,2,,Peter Shirley
1112,3,166,1.0,0.0,0.0024813895781637717,2.5951339510127053e-19,2,outandin,Dale A. Lawrence
970,3,166,1.0,0.0,0.0024813895781637717,2.5951339510127053e-19,2,outandin,Christopher D. Lee
3557,3,166,1.0,0.0,0.0024813895781637717,2.5951339510127053e-19,2,outandin,Lucy Y. Pao
5036,3,166,1.0,0.0,0.0024813895781637717,2.5951339510127053e-19,2,outandin,Roman Y. Novoselov
5584,2,167,1.0,0.0,0.0016542597187758478,4.634444452430177e-23,2,outgoing,Suresh K. Lodha
2978,2,167,1.0,0.0,0.0016542597187758478,4.634444452430177e-23,2,outandin,Jose C. Renteria
3323,2,167,1.0,0.0,0.0016542597187758478,4.634444452430177e-23,2,outandin,Krishna M. Roskin
5714,1,168,1.0,0.0,0.0008271298593879239,2.416906832729192e-28,2,outandin,Thomas J. Overbye
2539,1,168,1.0,0.0,0.0008271298593879239,2.416906832729192e-28,2,outandin,Jamie D. Weber
5425,1,169,1.0,0.0,0.0008271298593879239,2.416906832729192e-28,2,outgoing,Staffan Björk
2839,1,169,1.0,0.0,0.0008271298593879239,2.416906832729192e-28,2,outgoing,Johan Redström
1080,5,170,1.0,0.0,0.0041356492969396195,4.97619683957906e-14,2,outandin,Cristina Russo Dos Santos
4461,5,170,1.0,0.0,0.0041356492969396195,4.97619683957906e-14,2,outandin,Pascal Gros
4653,5,170,1.0,0.0,0.0041356492969396195,4.97619683957906e-14,2,outandin,Pierre Abel
1400,5,170,1.0,0.0,0.0041356492969396195,4.97619683957906e-14,2,outandin,Didier Loisel
4237,5,170,1.0,0.0,0.0041356492969396195,4.97619683957906e-14,2,outandin,N. Trichaud
2453,5,170,1.0,0.0,0.0041356492969396195,4.97619683957906e-14,2,outandin,J. P. Paris
1005,2,171,1.0,0.0,0.0016542597187758478,4.634444452430177e-23,2,outgoing,Chuan-Kai Yang
5869,2,171,1.0,0.0,0.0016542597187758478,4.634444452430177e-23,2,outandin,Tulika Mitra
5875,2,171,1.0,0.0,0.0016542597187758478,4.634444452430177e-23,2,outgoing,Tzi-cker Chiueh
4811,1,172,1.0,0.0,0.0008271298593879239,2.416906832729192e-28,2,outandin,Randy L. Ribler
3650,1,172,1.0,0.0,0.0008271298593879239,2.416906832729192e-28,2,outandin,Marc Abrams
3050,1,173,1.0,0.0,0.0008271298593879239,2.416906832729192e-28,2,outandin,Julie Yang-Peláez
6135,1,173,1.0,0.0,0.0008271298593879239,2.416906832729192e-28,2,outandin,Woodie Flowers
1286,0,174,0.0,0.0,0.0,2.2509198940630926e-37,2,outgoing,David M. Weinstein
4987,4,175,1.0,0.0,0.0033085194375516956,2.0963325109920386e-16,2,outandin,Robert Stein
101,4,175,1.0,0.0,0.0033085194375516956,2.0963325109920386e-16,2,outandin,Alan M. Shih
3598,4,175,1.0,0.0,0.0033085194375516956,2.0963325109920386e-16,2,outandin,M. Pauline Baker
753,4,175,1.0,0.0,0.0033085194375516956,2.0963325109920386e-16,2,outgoing,Carl F. Cerco
3767,4,175,1.0,0.0,0.0033085194375516956,2.0963325109920386e-16,2,outandin,Mark R. Noel
2441,7,176,1.0,0.0,0.005789909015715467,2.7865038620847094e-10,4,,J. Edward Swan II
3687,7,176,1.0,0.0,0.005789909015715467,2.7865038620847094e-10,2,outgoing,Marco Lanzagorta
1484,7,176,1.0,0.0,0.005789909015715467,2.7865038620847094e-10,2,outandin,Doug Maxwell
1532,7,176,1.0,0.0,0.005789909015715467,2.7865038620847094e-10,2,outgoing,Eddy Kuo
2644,7,176,1.0,0.0,0.005789909015715467,2.7865038620847094e-10,2,outandin,Jeffrey Uhlmann
6041,7,176,1.0,0.0,0.005789909015715467,2.7865038620847094e-10,2,outandin,Wendell Anderson
2230,7,176,1.0,0.0,0.005789909015715467,2.7865038620847094e-10,2,outandin,Haw-Jye Shyu
6097,7,176,1.0,0.0,0.005789909015715467,2.7865038620847094e-10,2,outandin,William Smith
4796,1,177,1.0,0.0,0.0008271298593879239,2.416906832729192e-28,2,outandin,Rami Hietala
2573,1,177,1.0,0.0,0.0008271298593879239,2.416906832729192e-28,2,outandin,Jarkko Oikarinen
3891,0,178,0.0,0.0,0.0,2.2509198940630926e-37,2,outandin,Matthew C. Humphrey
4750,0,179,0.0,0.0,0.0,2.2509198940630926e-37,2,outandin,R. R. Johnson
5325,2,180,1.0,0.0,0.0016542597187758478,4.634444452430177e-23,1,outgoing,Shigeru Muraki
5851,2,180,1.0,0.0,0.0016542597187758478,4.634444452430177e-23,2,outandin,Toshiharu Nakai
6298,2,180,1.0,0.0,0.0016542597187758478,4.634444452430177e-23,2,outandin,Yasuyo Kita
4540,1,181,1.0,0.0,0.0008271298593879239,2.416906832729192e-28,2,outandin,Pearl Pu
1358,1,181,1.0,0.0,0.0008271298593879239,2.416906832729192e-28,2,incoming,Denis Lalanne
4207,4,182,1.0,0.0,0.0033085194375516956,2.0963325109920386e-16,2,outandin,Monika Büscher
1123,4,182,1.0,0.0,0.0033085194375516956,2.0963325109920386e-16,2,outandin,Dan Shapiro
3997,4,182,1.0,0.0,0.0033085194375516956,2.0963325109920386e-16,2,outandin,Michael Christensen 0002
4688,4,182,1.0,0.0,0.0033085194375516956,2.0963325109920386e-16,2,outandin,Preben Holst Mogensen
4605,4,182,1.0,0.0,0.0033085194375516956,2.0963325109920386e-16,2,outandin,Peter Ørbæk
4502,3,183,1.0,0.0,0.0024813895781637717,2.5951339510127053e-19,2,outgoing,Paul Chapman
1379,3,183,1.0,0.0,0.0024813895781637717,2.5951339510127053e-19,2,outgoing,Derek Wills
4599,3,183,1.0,0.0,0.0024813895781637717,2.5951339510127053e-19,2,outgoing,Peter Stevens
2007,3,183,1.0,0.0,0.0024813895781637717,2.5951339510127053e-19,2,outgoing,Graham R. Brookes
