node,centrality,community,density,betwness,closeness,eign,volatility,type,name
3094,1,0,0.08864864864864865,0.0,0.1321174304634367,1.432599229629938e-06,2,outgoing,Justin Talbot
3968,2,0,0.08864864864864865,0.0,0.1608489480794471,1.677583242342789e-05,2,outgoing,Mengdie Hu
3325,2,0,0.08864864864864865,0.0,0.1608489480794471,1.677583242342789e-05,2,outgoing,Krist Wongsuphasawat
4271,2,0,0.08864864864864865,0.0,0.15511584580508958,1.1147386269140444e-05,2,outgoing,Narges Mahyar
2844,2,0,0.08864864864864865,0.0,0.1574702264434105,1.1922537965614898e-05,2,outandin,Johanna Fulda
1693,3,0,0.08864864864864865,0.0,0.18079551904868926,9.576307314023173e-05,2,outandin,Eun Kyoung Choe
2109,3,0,0.08864864864864865,0.0,0.14566538810654706,1.314470138623656e-05,1,incoming,Haekyu Park
746,3,0,0.08864864864864865,0.0,0.14566538810654706,1.314470138623656e-05,2,outandin,Caleb Robinson
4241,3,0,0.08864864864864865,0.0,0.17624340981737083,6.47583061705947e-05,2,outandin,Nadir Weibel
4660,3,0,0.08864864864864865,0.0,0.14566538810654706,8.100933056528891e-06,2,outandin,Pierre Y. Andrews
62,3,0,0.08864864864864865,0.0,0.14566538810654706,8.100933056528891e-06,2,outandin,Aditya Kalro
3452,3,0,0.08864864864864865,0.0,0.17557763688817254,7.031117239444133e-05,2,outandin,Leslie M. Blaha
5107,3,0,0.08864864864864865,0.0,0.15689613839129432,2.5652634835752605e-05,2,outandin,Ryan Russell
2560,3,0,0.08864864864864865,0.0,0.15689613839129432,2.5652634835752605e-05,1,incoming,Jane Hoffswell
2818,3,0,0.08864864864864865,0.0,0.15749156965653643,1.272633200158658e-05,2,outandin,Jocelyn Ng
3276,3,0,0.08864864864864865,0.0,0.15749156965653643,1.272633200158658e-05,2,outandin,Kevin Tate
1461,4,0,0.08864864864864865,0.0,0.17560417121443644,7.374603059620796e-05,2,outandin,Dongjin Choi
500,4,0,0.08864864864864865,0.0,0.17560417121443644,7.374603059620796e-05,2,outandin,Barry L. Drake
4346,4,0,0.08864864864864865,0.0,0.14723426266167333,9.341699669836729e-06,2,outandin,Nikhil Thorat
6565,4,0,0.08864864864864865,0.0,0.1479843098479274,2.0835914027682476e-05,2,outandin,Zhiyuan Wang
302,4,0,0.08864864864864865,0.0,0.1479843098479274,2.0835914027682476e-05,4,outandin,Andrew T. Wilson
4574,4,0,0.08864864864864865,0.0,0.1456836510689476,8.687417028350322e-06,2,outandin,Peter J. Polack Jr.
5286,4,0,0.08864864864864865,0.0,0.1456836510689476,8.687417028350322e-06,2,outandin,Shang-Tse Chen
4221,4,0,0.08864864864864865,0.0,0.1456836510689476,8.687417028350322e-06,2,outandin,Moushumi Sharmin
3622,5,0,0.08864864864864865,0.0,0.12859371413522863,2.7041455476470936e-06,2,outandin,Mahima Pushkarna
5822,5,0,0.08864864864864865,0.0,0.12859371413522863,2.7041455476470936e-06,2,outandin,Tolga Bolukbasi
6607,5,0,0.08864864864864865,0.0,0.14570191861140136,1.556469253682983e-05,2,outandin,Ángel Alexander Cabrera
6064,5,0,0.08864864864864865,0.0,0.14570191861140136,1.556469253682983e-05,2,outandin,Will Epperson
2541,5,0,0.08864864864864865,0.0,0.14570191861140136,1.556469253682983e-05,2,outandin,Jamie Morgenstern
173,5,0,0.08864864864864865,0.0018927524271532196,0.17987195060772848,7.164970810431206e-05,1,,Ali Sarvghad
3576,5,0,0.08864864864864865,3.285017549879548e-05,0.17759021869569402,8.031654011694876e-05,4,outandin,Lyndsey Franklin
5560,5,0,0.08864864864864865,0.0,0.17563071356195978,8.147117941959297e-05,1,incoming,Subhajit Das 0002
4828,5,0,0.08864864864864865,0.0,0.17563071356195978,8.147117941959297e-05,2,outandin,Ravish Chawla
584,5,0,0.08864864864864865,0.0,0.17563071356195978,8.147117941959297e-05,2,outandin,Bharath Kalidindi
2822,5,0,0.08864864864864865,0.0,0.1574488890143531,2.2634113581531903e-05,4,outandin,Jock D. Mackinlay
850,6,0,0.08864864864864865,0.0,0.15695971915789894,2.3423340472908726e-05,2,outandin,Chenglong Wang
2017,6,0,0.08864864864864865,0.0,0.15695971915789894,2.3423340472908726e-05,2,outandin,Greg L. Nelson
2134,6,0,0.08864864864864865,0.0,0.15695971915789894,2.3423340472908726e-05,2,outandin,Halden Lin
49,6,0,0.08864864864864865,0.0,0.15695971915789894,2.3423340472908726e-05,2,outandin,Adam M. Smith 0001
3948,6,0,0.08864864864864865,0.0,0.18040254633223504,0.00010046967731697395,2,outandin,Meeshu Agnihotri
5644,6,0,0.08864864864864865,0.0004973162264316406,0.16131789544994113,2.0603405971651762e-05,1,,Tamara Munzner
398,6,0,0.08864864864864865,0.0009489802483433054,0.1574702264434105,2.271911441174743e-05,2,outgoing,Anushka Anand
2924,7,0,0.08864864864864865,0.0,0.18660234477692725,0.00013743831661590443,2,outandin,John Thompson 0002
484,7,0,0.08864864864864865,0.00023265197083074436,0.17978845751600275,8.970941674786528e-05,2,outgoing,Bahador Saket
2110,7,0,0.08864864864864865,0.00012644304784405354,0.18544091939449822,0.00010942022359480495,2,outgoing,Haesun Park
4984,7,0,0.08864864864864865,0.0,0.1762968898385565,8.950451870300774e-05,2,outandin,Robert S. Pienta
35,7,0,0.08864864864864865,0.0,0.1762968898385565,8.950451870300774e-05,2,outandin,Acar Tamersoy
3258,7,0,0.08864864864864865,0.0,0.1762968898385565,8.950451870300774e-05,2,outandin,Kevin A. Roundy
973,7,0,0.08864864864864865,0.0,0.1762968898385565,8.950451870300774e-05,2,outandin,Christopher Gates 0002
5283,7,0,0.08864864864864865,0.0,0.1762968898385565,8.950451870300774e-05,2,outgoing,Shamkant B. Navathe
1573,7,0,0.08864864864864865,1.8988540750748816e-06,0.17568382233533805,9.395693009637297e-05,2,outgoing,Eli T. Brown
3391,8,0,0.08864864864864865,0.0006313131313131446,0.18045858066872586,0.00010294762118997212,4,outandin,Laura E. Matzen
3330,8,0,0.08864864864864865,0.0006313131313131446,0.18045858066872586,0.00010294762118997212,2,outandin,Kristin Divis
4034,8,0,0.08864864864864865,0.0006313131313131446,0.18045858066872586,0.00010294762118997212,2,outandin,Michael J. Haass
1177,8,0,0.08864864864864865,0.0,0.13828070938068854,5.851147141523047e-06,2,outandin,Daniel Smilkov
1120,8,0,0.08864864864864865,0.0,0.13828070938068854,5.851147141523047e-06,2,outandin,Dan Mané
1482,8,0,0.08864864864864865,0.0,0.13828070938068854,5.851147141523047e-06,2,outandin,Doug Fritz
1409,8,0,0.08864864864864865,0.0,0.13828070938068854,5.851147141523047e-06,2,outandin,Dilip Krishnan
2155,9,0,0.08864864864864865,0.0002579721814392648,0.18550012786173786,0.0001203374910895965,2,outandin,Hannah Kim
594,9,0,0.08864864864864865,2.2825527071811576e-05,0.15753427344440427,2.8191202034613945e-05,2,outandin,Bill Howe
2536,10,0,0.08864864864864865,0.00017604736838307665,0.13831362944005784,6.172781982510949e-06,2,outandin,James Wexler
2770,10,0,0.08864864864864865,0.00017604736838307665,0.13831362944005784,6.172781982510949e-06,2,outandin,Jimbo Wilson
1441,10,0,0.08864864864864865,2.505947304248791e-05,0.15755563402385436,3.678827789360713e-05,1,incoming,Dominik Moritz
437,11,0,0.08864864864864865,0.0029259021394600925,0.18708304635741843,0.00014474363330099722,1,incoming,Arvind Satyanarayan
3842,13,0,0.08864864864864865,0.002066468084614993,0.1524098637101162,1.3865702970064382e-05,2,outgoing,Martin Wattenberg
1775,13,0,0.08864864864864865,0.002066468084614993,0.1524098637101162,1.3865702970064382e-05,4,outandin,Fernanda B. Viégas
1850,13,0,0.08864864864864865,0.0027043508726813125,0.17645752481790825,9.505128278150588e-05,1,incoming,Fred Hohman
4179,13,0,0.08864864864864865,0.00016360989507737555,0.14740235962526016,2.028273285452391e-05,1,,Minsuk Kahng
3890,13,0,0.08864864864864865,0.005008398875560448,0.19424486809193012,0.00016823444355624923,1,,Matthew Brehmer
3154,14,0,0.08864864864864865,0.005460652905083036,0.1580915375409423,3.50046269920713e-05,2,outandin,Kanit Wongsuphasawat
1610,16,0,0.08864864864864865,0.0014933698017558078,0.18961697143047093,0.0001688311990081033,1,incoming,Emily Wall
2923,17,0,0.08864864864864865,0.008225908250625203,0.2000297471037917,0.0002487813874198166,1,,John T. Stasko
4673,21,0,0.08864864864864865,0.012709038376125343,0.17704903259575286,9.976932309919994e-05,1,,Polo Chau
2636,22,0,0.08864864864864865,0.027810602142587616,0.19392069441353904,0.00023635537710137286,1,,Jeffrey Heer
123,50,0,0.08864864864864865,0.09528943136506968,0.22328455052381357,0.0008638842569394322,1,,Alex Endert
3636,1,1,0.06225868725868726,0.0,0.12369308078836767,4.778283251975503e-07,2,outgoing,Maneesh Agrawala
5967,1,1,0.06225868725868726,0.0,0.11901800685505746,3.7049015570192547e-07,2,outandin,Vladimir Molchanov
4359,1,1,0.06225868725868726,0.0,0.16509985804574112,6.096856485060649e-05,1,incoming,Nils Rodrigues
3923,1,1,0.06225868725868726,0.0,0.12369308078836767,4.778283251975502e-07,2,outgoing,Maureen C. Stone
1635,1,1,0.06225868725868726,0.0,0.13813276282999595,5.226579613480223e-06,2,outgoing,Eric C. Alexander
4080,2,1,0.06225868725868726,0.0,0.1670941617667423,7.378476499167246e-05,2,outandin,Michael Traoré
317,2,1,0.06225868725868726,0.0,0.1749432100159479,0.0001024618016018228,2,outandin,André Calero Valdez
3845,2,1,0.06225868725868726,0.0,0.1749432100159479,0.0001024618016018228,2,outandin,Martina Ziefle
3013,2,1,0.06225868725868726,0.0,0.1391250958963034,5.733602826348721e-06,2,outandin,José Matute
5245,2,1,0.06225868725868726,0.0,0.16512331972799857,6.731523852174877e-05,2,outandin,Sebastian Koch
5880,3,1,0.06225868725868726,0.0,0.1497387630059183,2.9598672309328506e-05,1,incoming,Udo Schlegel
2153,3,1,0.06225868725868726,0.0,0.1497387630059183,2.9598672309328506e-05,2,outandin,Hanna Hauptmann
2213,3,1,0.06225868725868726,0.0,0.1651467880792959,7.184848485793506e-05,2,outandin,Haris Mumtaz
5279,3,1,0.06225868725868726,0.0,0.1651467880792959,7.184848485793506e-05,1,incoming,Shahid Latif
4017,3,1,0.06225868725868726,0.0009489802483433056,0.1660910235743176,8.326474944002052e-05,1,,Michael Gleicher
2414,3,1,0.06225868725868726,0.0,0.14562887591501766,7.5781935471948296e-06,2,outandin,Isaac Dykeman
5558,3,1,0.06225868725868726,0.0,0.16711819371867193,7.875832324573193e-05,2,outandin,Stéphane Puechmorel
1786,3,1,0.06225868725868726,0.0,0.16711819371867193,7.875832324573193e-05,2,outandin,Florence Nicol
1198,3,1,0.06225868725868726,0.0,0.15509514160783847,1.755667534858237e-05,2,outandin,Darren Edge
2951,3,1,0.06225868725868726,0.0,0.15509514160783847,1.755667534858237e-05,4,outandin,Jonathan Larson
984,3,1,0.06225868725868726,0.0,0.15509514160783847,1.755667534858237e-05,2,outandin,Christopher M. White
4532,3,1,0.06225868725868726,0.0,0.13905849699927308,6.138775865080425e-06,2,outandin,Paulo E. Rauber
5143,3,1,0.06225868725868726,0.0,0.13905849699927308,6.138775865080425e-06,2,outgoing,Samuel G. Fadel
159,3,1,0.06225868725868726,0.0,0.13905849699927308,6.138775865080425e-06,2,outandin,Alexandre X. Falcão
937,3,1,0.06225868725868726,0.0,0.16519374480038754,7.752596621527355e-05,2,outandin,Christof Seeger
1614,4,1,0.06225868725868726,0.0009489802483433056,0.14564712972247754,7.606441096103142e-06,2,outandin,Enamul Hoque
5947,4,1,0.06225868725868726,0.0009489802483433056,0.14564712972247754,7.60644109610314e-06,1,,Vidya Setlur
1429,4,1,0.06225868725868726,0.0,0.17368801209655096,0.00019885066911960435,1,incoming,Dirk Streeb
3575,4,1,0.06225868725868726,0.0,0.17095377385992733,9.70234292009303e-05,1,,Lyn Bartram
2778,4,1,0.06225868725868726,0.0,0.17252751312931344,8.482167521941424e-05,2,outandin,Jina Suh
2584,4,1,0.06225868725868726,0.0,0.17252751312931344,8.482167521941424e-05,2,outandin,Jason D. Williams
324,4,1,0.06225868725868726,0.0,0.1762968898385565,9.001822541682036e-05,2,outandin,Andrés Monroy-Hernández
4698,4,1,0.06225868725868726,0.0,0.14450600683073322,1.963976042609232e-05,2,outandin,Qi Han 0006
5238,4,1,0.06225868725868726,0.0,0.170427222195061,8.804923817624905e-05,2,outandin,Sebastian Baltes
5666,4,1,0.06225868725868726,0.0,0.11905459025880388,4.571784749833285e-07,2,outandin,Teodora Chitiboi
3872,4,1,0.06225868725868726,0.0,0.11905459025880388,4.571784749833285e-07,2,outgoing,Mathias Neugebauer
5596,4,1,0.06225868725868726,0.0,0.11905459025880388,4.571784749833285e-07,2,outandin,Susanne Schnell
4048,4,1,0.06225868725868726,0.0,0.11905459025880388,4.571784749833285e-07,2,outandin,Michael Markl 0001
4923,5,1,0.06225868725868726,0.0,0.16960630578396232,0.00010477647958258633,1,incoming,Rita Sevastjanova
198,5,1,0.06225868725868726,7.77629275870398e-05,0.17100409137982722,0.0001019412624505867,2,outandin,Alper Sarikaya
4887,5,1,0.06225868725868726,0.0,0.17906808459330034,0.00012553077452142318,2,outandin,Richard Alligier
2350,5,1,0.06225868725868726,0.0,0.14452398021466742,1.1318463430800693e-05,2,outandin,Hui Zhang 0027
5457,5,1,0.06225868725868726,0.0,0.14452398021466742,1.1318463430800693e-05,2,outgoing,Steffen Frey
2298,5,1,0.06225868725868726,0.0,0.14452398021466742,1.1318463430800693e-05,2,outandin,Holger Steeb
1325,5,1,0.06225868725868726,0.0,0.14452398021466742,1.1318463430800693e-05,2,outandin,David Uribe
6050,5,1,0.06225868725868726,0.0,0.14452398021466742,1.1318463430800693e-05,2,outandin,Wenping Wang
956,5,1,0.06225868725868726,0.0,0.17392198786497917,0.00021671379333518967,1,incoming,Christoph Schulz 0001
414,5,1,0.06225868725868726,0.0,0.17392198786497917,0.00021671379333518967,2,outgoing,Arlind Nocaj
5071,5,1,0.06225868725868726,0.0,0.16519374480038754,0.0001209620605754011,2,outgoing,Rudolf Netzel
5167,5,1,0.06225868725868726,0.0,0.16519374480038754,0.0001209620605754011,2,outandin,Sanjeev Balakrishnan
3992,5,1,0.06225868725868726,0.0,0.17810741890342213,0.00010094353538955247,2,outandin,Michael Brooks
439,5,1,0.06225868725868726,0.0,0.17810741890342213,0.00010094353538955247,2,outandin,Ashish Kapoor
4469,5,1,0.06225868725868726,0.0,0.17810741890342213,0.00010094353538955247,2,outandin,Patrice Y. Simard
4841,6,1,0.06225868725868726,4.2840590588616406e-05,0.18195627950609553,0.00020734316192189107,1,incoming,Rebecca Kehlbeck
5798,6,1,0.06225868725868726,0.0,0.194765806390534,0.0005373601517272873,2,outandin,Tingting Liu
6512,6,1,0.06225868725868726,0.0,0.194765806390534,0.0005373601517272873,1,incoming,Zhanglin Cheng
1713,6,1,0.06225868725868726,4.2840590588616406e-05,0.18195627950609553,0.00020734316192189107,1,incoming,Fabian Sperrle
4162,6,1,0.06225868725868726,0.0,0.18687243501542714,0.0005228388960157738,1,incoming,Mingliang Xue
6234,6,1,0.06225868725868726,0.0,0.18687243501542714,0.0005228388960157738,2,outandin,Xinyuan Yan
5032,6,1,0.06225868725868726,0.0006668186938803783,0.17928912219193424,0.00012643315742653634,1,,Romain Vuillemot
1773,6,1,0.06225868725868726,0.0004416301644946647,0.17871005858596217,9.953775485927001e-05,2,outandin,Fereshteh Amini
4675,6,1,0.06225868725868726,0.0004416301644946647,0.17871005858596217,9.953775485927001e-05,2,outgoing,Pourang Irani
3791,6,1,0.06225868725868726,9.630430087634643e-05,0.15511584580508958,3.8068917151925256e-05,2,outgoing,Markus John
5459,6,1,0.06225868725868726,9.630430087634643e-05,0.15511584580508958,3.806891715192526e-05,1,,Steffen Koch 0001
5689,7,1,0.06225868725868726,0.000769367796398512,0.17379192356056325,0.00021564705832742112,2,outandin,Thilo Spinner
2821,7,1,0.06225868725868726,4.157315426857985e-06,0.17402617956057,0.00024132067069709167,1,incoming,Jochen Görtler
1707,7,1,0.06225868725868726,0.00011208344150891385,0.1705022451835548,0.00010057247059760289,1,,Fabian Beck 0001
1195,7,1,0.06225868725868726,0.004338318551610701,0.1845866244520931,0.00011875810431111143,2,outgoing,Danyel Fisher
2120,7,1,0.06225868725868726,0.0,0.19257089839673946,0.0006749656031289845,2,outandin,Haifeng Zhang
3382,7,1,0.06225868725868726,0.004734178301057282,0.1392084342788937,5.864336326304167e-06,4,outandin,Lars Linsen
4043,7,1,0.06225868725868726,0.0,0.15108214808554493,1.4912784830746698e-05,4,outandin,Michael Krone
1791,7,1,0.06225868725868726,0.0,0.15108214808554493,1.4912784830746698e-05,2,outandin,Florian Frieß
3198,7,1,0.06225868725868726,0.0,0.15108214808554493,1.4912784830746698e-05,2,outandin,Katrin Scharnowski
5369,7,1,0.06225868725868726,0.0,0.15108214808554493,1.4912784830746698e-05,2,outandin,Silvia Fademrecht
5810,7,1,0.06225868725868726,0.0,0.15108214808554493,1.4912784830746698e-05,2,outandin,Tobias Kulschewski
3114,7,1,0.06225868725868726,0.0,0.15108214808554493,1.4912784830746698e-05,2,outandin,Jürgen Pleiss
6203,8,1,0.06225868725868726,1.384037654197688e-05,0.19260281798871637,0.0007423085284090415,1,,Xin Chen
5840,8,1,0.06225868725868726,1.384037654197688e-05,0.19260281798871637,0.0007423085284090415,2,outandin,Tong Ge
3208,8,1,0.06225868725868726,0.0,0.19260281798871637,0.0007285876315039565,1,incoming,Kecheng Lu
5132,8,1,0.06225868725868726,7.10590151998789e-05,0.1781893576025036,0.00012020694808575837,2,outandin,Saleema Amershi
1794,8,1,0.06225868725868726,0.0004600634874530656,0.16620981274866628,0.00010098151914042925,1,,Florian Heimerl
3994,8,1,0.06225868725868726,2.159262952780898e-05,0.16620981274866628,0.0001417976557020571,2,outgoing,Michael Burch
3971,9,1,0.06225868725868726,0.0012388532290650376,0.18204179867239947,0.00022366134136980945,1,incoming,Mennatallah El-Assady
6508,9,1,0.06225868725868726,0.00032366827372021223,0.1996859943161928,0.0007362384244449004,2,outandin,Zeyu Wang 0005
3141,9,1,0.06225868725868726,0.0,0.19581611070541388,0.0007668598778432113,2,outandin,Kaiyi Zhang
6190,9,1,0.06225868725868726,0.0,0.19581611070541388,0.0007668598778432113,2,outandin,Xiaotong Li
6353,9,1,0.06225868725868726,1.9148108320082842e-07,0.19263474816411238,0.0007686475714922123,2,outandin,Yinqi Sun
2181,9,1,0.06225868725868726,0.0008905867094890668,0.18603471036278033,0.0005416689490778587,2,outandin,Hansjörg Schmauder
160,9,1,0.06225868725868726,0.009444229985631259,0.16738300215009017,8.492434698346551e-05,2,outgoing,Alexandru C. Telea
3342,9,1,0.06225868725868726,0.00026659576091526624,0.17055229721501922,0.00011596172749195684,1,,Kuno Kurzhals
3675,9,1,0.06225868725868726,2.9652387454870508e-05,0.16623359097652732,0.0001463989907747158,2,outgoing,Marcel Hlawatsch
1460,10,1,0.06225868725868726,0.0002998639200039945,0.1866922880665048,0.00015465641568308288,2,outgoing,Donghao Ren
3471,10,1,0.06225868725868726,6.382702773360947e-07,0.192666688928192,0.0008497444682028231,2,outandin,Lifeng Zhu
3959,11,1,0.06225868725868726,0.006782369171332921,0.17694119094349411,0.00010544648020465927,1,,Melanie Tory
5647,11,1,0.06225868725868726,0.0054724357991454255,0.1898028096906119,0.00019445112380117588,2,outandin,Tanja Blascheck
2057,11,1,0.06225868725868726,0.0036921135514735963,0.16446890317422871,2.7727155914469934e-05,1,,Guido Reina
2713,12,1,0.06225868725868726,6.750475763415775e-05,0.1959151578023817,0.0009237910565910623,1,incoming,Jian Zhang 0070
6192,12,1,0.06225868725868726,0.0005275310936667798,0.20324869703094733,0.0009764118379241818,2,outandin,Xiaowei Chu
6288,12,1,0.06225868725868726,0.0005854290928131173,0.1990702074569001,0.0008950710247152498,2,outandin,Yanyan Wang
839,14,1,0.06225868725868726,0.0005872988669457268,0.20331982518388905,0.0010645306994909029,2,outandin,Chen Bao
4280,15,1,0.06225868725868726,0.004616192218834224,0.19117683463736854,0.0002427783030660725,1,,Nathalie Henry Riche
5536,16,1,0.06225868725868726,0.015432010687021368,0.2015564268735344,0.00029280951409041975,1,,Steven Mark Drucker
493,17,1,0.06225868725868726,0.0006348131402252953,0.19924087807371843,0.0011591879452202995,1,,Baoquan Chen
3998,19,1,0.06225868725868726,0.03563216828205487,0.20812695699909114,0.0012195496543137754,1,,Michael Correll
5703,23,1,0.06225868725868726,0.010471277287978165,0.1753127339960661,0.00013403948863572088,1,,Thomas Ertl
870,28,1,0.06225868725868726,0.017530589601743474,0.21642257420859115,0.0018425258702189165,1,,Chi-Wing Fu
959,28,1,0.06225868725868726,0.046845407664954514,0.2094021987612049,0.0010839183207311481,1,,Christophe Hurter
634,32,1,0.06225868725868726,0.03123435197055838,0.21833385962531493,0.0009838977711308563,1,,Bongshin Lee
1182,33,1,0.06225868725868726,0.02350259619733334,0.20668317341265133,0.0009666917893130163,1,,Daniel Weiskopf
4071,34,1,0.06225868725868726,0.047275625608333725,0.22230204724046795,0.0015222304608826427,1,,Michael Sedlmair
4407,39,1,0.06225868725868726,0.02958222934743553,0.21821085463397671,0.0017281475514331966,1,,Oliver Deussen
6459,40,1,0.06225868725868726,0.06177192344107744,0.22094938218785434,0.0027849148173455167,1,incoming,Yunhai Wang
5935,3,2,1.0,0.0,0.001736111111111111,1.0891785287131612e-107,2,outgoing,Veronika Soltészová
3684,3,2,1.0,0.0,0.001736111111111111,1.0891785287131612e-107,2,outandin,Marco Foscato
5405,3,2,1.0,0.0,0.001736111111111111,1.0891785287131612e-107,2,outandin,Sondre H. Eliasson
5946,3,2,1.0,0.0,0.001736111111111111,1.0891785287131612e-107,2,outandin,Vidar R. Jensen
5788,1,3,0.08824188129899216,0.0,0.15607425129965427,1.2021047487185088e-05,2,outgoing,Timothy Major
5152,3,3,0.08824188129899216,0.0,0.17632364202214354,5.5265341051147176e-05,1,incoming,Sana Malik
2369,3,3,0.08824188129899216,0.0,0.17632364202214354,7.32466246361249e-05,2,outandin,Hyunwoo Park
3964,4,3,0.08824188129899216,0.0,0.16491240433237664,0.0002466913993188132,1,incoming,Meng Xia
6214,4,3,0.08824188129899216,0.0,0.16491240433237664,0.0002466913993188132,2,outandin,Xing Mu
2184,4,3,0.08824188129899216,0.0,0.18321866933552913,0.0004883914928192296,2,outandin,Hao Dong 0008
6551,5,3,0.08824188129899216,0.0,0.18085179780948263,0.0005974565432931973,1,incoming,Zhihua Jin
5665,5,3,0.08824188129899216,0.0,0.18085179780948263,0.0005974565432931973,2,outandin,Tengfei Ma 0001
6548,5,3,0.08824188129899216,0.0,0.18946238397618229,0.0005100962602390788,2,outandin,Zhiguang Yang
3491,5,3,0.08824188129899216,0.0,0.18946238397618229,0.0005100962602390788,2,outandin,Lingyun Yu 0005
412,5,3,0.08824188129899216,0.00011340859430218218,0.18394377092384454,0.0001054236146599983,1,incoming,Arjun Srinivasan
3326,5,3,0.08824188129899216,0.0,0.15796258848911446,0.00013511503695032658,2,outandin,Kristanto Sean Njotoprawiro
2140,5,3,0.08824188129899216,0.0,0.15796258848911446,0.00013511503695032658,2,outandin,Hammad Haleem
4711,5,3,0.08824188129899216,0.0,0.15796258848911446,0.00013511503695032658,2,outandin,Qiaoan Chen
900,5,3,0.08824188129899216,0.0,0.15796258848911446,0.00013511503695032658,2,outandin,Chris Yi
4714,5,3,0.08824188129899216,0.0,0.17713000014114724,0.000428384659385303,1,incoming,Qing Chen 0001
4164,5,3,0.08824188129899216,0.0,0.17713000014114724,0.000428384659385303,2,outandin,Mingqian Zhao
5251,5,3,0.08824188129899216,0.0,0.17713000014114724,0.000428384659385303,2,outandin,Sebastien Boyer
3145,5,3,0.08824188129899216,0.0,0.17713000014114724,0.000428384659385303,1,incoming,Kalyan Veeramachaneni
5842,5,3,0.08824188129899216,0.0,0.18090811161854678,0.0005815451529846315,1,incoming,Tongshuang Wu
2131,5,3,0.08824188129899216,0.0,0.18090811161854678,0.0005815451529846315,2,outgoing,Haiyan Yang
4298,5,3,0.08824188129899216,0.0,0.18298784266550014,0.0004894183488942176,2,outandin,Naveen Pitipornvivat
2080,5,3,0.08824188129899216,0.0,0.18298784266550014,0.0004894183488942177,2,outandin,Guowei Huang
6545,6,3,0.08824188129899216,0.0,0.16335903288709772,0.00044632808517670555,2,outandin,Zhida Sun
6215,6,3,0.08824188129899216,0.0,0.1940178328478754,0.0005775918516402568,1,incoming,Xingbo Wang 0001
402,6,3,0.08824188129899216,0.0,0.1940178328478754,0.0005775918516402568,1,incoming,Aoyu Wu
2735,6,3,0.08824188129899216,0.0,0.17729215760236894,0.0004047380214420636,2,outandin,Jiaxin Bai
4722,6,3,0.08824188129899216,0.0,0.17729215760236894,0.0004047380214420636,2,outandin,Qinhan Liu
6365,6,3,0.08824188129899216,0.0,0.17729215760236894,0.0004047380214420636,2,outandin,Yiyang Tang
32,6,3,0.08824188129899216,0.0,0.17729215760236894,0.0004047380214420636,2,outandin,Abishek Puri
3204,6,3,0.08824188129899216,0.0,0.17729215760236894,0.0004047380214420636,2,outandin,Ke Li
6233,6,3,0.08824188129899216,0.0,0.15102323900778866,0.00014136178228759888,2,outandin,Xinyu Zhu
6538,6,3,0.08824188129899216,0.0,0.15102323900778866,0.00014136178228759885,2,outandin,Zheqing Yu
1414,6,3,0.08824188129899216,0.0,0.15102323900778866,0.00014136178228759885,2,outandin,Dimitrios Papadopoulos 0001
5399,6,3,0.08824188129899216,0.0,0.15102323900778866,0.00014136178228759885,2,outgoing,Siyuan Liu
5396,6,3,0.08824188129899216,0.0002974885429311895,0.18482150483949833,0.000581327429413785,1,incoming,Siwei Fu
5296,6,3,0.08824188129899216,0.0,0.17860018458744634,0.0005148114044182364,2,outandin,Shaozu Cao
5078,6,3,0.08824188129899216,0.0,0.17860018458744634,0.0005148114044182364,2,outandin,Ruixiang Zhang
6279,6,3,0.08824188129899216,0.0,0.17860018458744634,0.0005148114044182364,1,,Yangqiu Song
6404,6,3,0.08824188129899216,0.0,0.1771570057822726,0.00047713470194685046,2,outandin,Yu Ye
5443,6,3,0.08824188129899216,0.0,0.1771570057822726,0.00047713470194685046,2,outgoing,Stefan Müller Arisona
5385,6,3,0.08824188129899216,0.0,0.1771570057822726,0.00047713470194685046,2,outandin,Simon Schubiger-Banz
4856,6,3,0.08824188129899216,0.0,0.1771570057822726,0.00047713470194685046,2,outandin,Remo Aslak Burkhard
4550,6,3,0.08824188129899216,0.0,0.17775322027320267,0.0005481080702930229,2,outandin,Peng Xu
6313,6,3,0.08824188129899216,0.0,0.17775322027320267,0.0005481080702930229,2,outandin,Yeukyin Chan
6557,6,3,0.08824188129899216,0.0,0.17775322027320267,0.0005481080702930229,2,outandin,Zhipeng Wang
4146,6,3,0.08824188129899216,0.0,0.18255660658694828,0.0006822298801865685,2,outandin,Min Zhu
1458,7,3,0.08824188129899216,0.0,0.17718401965933606,0.0006331529838152924,2,outandin,Dong Sun 0001
4863,7,3,0.08824188129899216,0.0,0.17718401965933606,0.0006331529838152924,2,outandin,Renfei Huang
2694,7,3,0.08824188129899216,0.0,0.17718401965933606,0.0006331529838152924,2,outandin,Jia Zeng
5795,7,3,0.08824188129899216,0.0,0.17718401965933606,0.0006331529838152924,2,outandin,Ting-Chuen Pong
6255,7,3,0.08824188129899216,0.0,0.1811054864286044,0.0007291958328935138,2,outandin,Xun Zhao
1408,7,3,0.08824188129899216,0.0,0.1811054864286044,0.0007291958328935138,2,outandin,Dik Lun Lee
4670,7,3,0.08824188129899216,0.0033612324204419413,0.19174468662143992,0.0004443567899275525,2,outandin,Po-Ming Law
6412,7,3,0.08824188129899216,0.0,0.1811054864286044,0.0007291958328935138,4,outandin,Yuan Chen
2738,7,3,0.08824188129899216,0.0,0.17718401965933606,0.0005017179837500088,1,incoming,Jiayi Xu 0001
602,7,3,0.08824188129899216,0.0,0.17718401965933606,0.0005017179837500088,2,outandin,Bing Ni
3495,7,3,0.08824188129899216,0.0,0.17718401965933606,0.0005017179837500088,2,outgoing,Lionel M. Ni
6199,8,3,0.08824188129899216,0.0,0.1631296926752669,0.0004355638402386205,1,incoming,Xiaoyu Zhang
2233,8,3,0.08824188129899216,0.0,0.1631296926752669,0.0004355638402386205,1,incoming,He Huang
516,8,3,0.08824188129899216,0.0,0.1631296926752669,0.0004355638402386205,2,outandin,Bei Chen
3429,8,3,0.08824188129899216,0.0,0.1631296926752669,0.0004355638402386205,2,outandin,Lei Fang 0004
2716,8,3,0.08824188129899216,0.0,0.1631296926752669,0.0004355638402386205,1,incoming,Jian-Guang Lou
6579,8,3,0.08824188129899216,0.0003563724800687055,0.19011335093683343,0.0007587171137942212,1,incoming,Zhutian Chen
3443,8,3,0.08824188129899216,0.0,0.17791652134832736,0.0006683875413555005,1,incoming,Leni Yang
6329,8,3,0.08824188129899216,0.0,0.17791652134832736,0.0006683875413555005,1,incoming,Yifang Wang 0001
624,8,3,0.08824188129899216,0.0,0.17791652134832736,0.0006683875413555005,2,outandin,Bo Qiao 0001
5360,8,3,0.08824188129899216,0.0,0.17791652134832736,0.0006683875413555005,2,outandin,Si Qin
6373,8,3,0.08824188129899216,0.0,0.17791652134832736,0.0006683875413555005,2,outandin,Yong Xu
4773,8,3,0.08824188129899216,0.0023350884903740494,0.19273060224347752,0.00019031442481171526,2,outgoing,Rahul C. Basole
6040,8,3,0.08824188129899216,6.043452539451315e-05,0.18116195836076177,0.0005281036272662097,2,outgoing,Wenchao Wu
6362,8,3,0.08824188129899216,6.043452539451315e-05,0.18116195836076177,0.0005281036272662097,2,outgoing,Yixian Zheng
4710,9,3,0.08824188129899216,7.952197858020415e-05,0.18278634590623344,0.000815039014544279,1,incoming,Qianwen Wang
6017,10,3,0.08824188129899216,0.00041442141563475767,0.18961697143047093,0.0006921542984430052,1,,Wei Zeng 0004
6289,10,3,0.08824188129899216,0.002438225889179489,0.19260281798871637,0.0008769768433380408,1,incoming,Yao Ming
5398,10,3,0.08824188129899216,0.0005664660247041099,0.1887545160698385,0.0008662629877170665,2,outandin,Sixiao Yang
1463,11,3,0.08824188129899216,9.661816323175131e-06,0.16347394498113757,0.0005757460517689147,1,incoming,Dongmei Zhang 0001
1135,11,3,0.08824188129899216,0.013456382375960545,0.19985772289747608,0.001505896544713339,3,incoming,Daniel Archambault
2127,12,3,0.08824188129899216,0.0006395630167965092,0.19421240195987396,0.0007790646427209487,2,outandin,Haipeng Zeng
6247,12,3,0.08824188129899216,0.0009863718493736703,0.17759021869569402,0.0005154930458048778,2,outandin,Xuanwu Yue
6549,12,3,0.08824188129899216,0.004999040569868917,0.18805191793589998,0.0012118674562627237,1,incoming,Zhiguang Zhou
4167,13,3,0.08824188129899216,1.0611243360712574e-05,0.17734627608759554,0.0008315217018251784,2,outandin,Mingxuan Yuan
6224,13,3,0.08824188129899216,0.0019841741054330534,0.1814165184896059,0.0008217598150448139,2,outandin,Xinnan Du
6524,14,3,0.08824188129899216,0.00911614264832208,0.1848509069242644,0.0007502048481305599,1,incoming,Zhen Li 0044
6170,15,3,0.08824188129899216,0.0014992683451902312,0.1817854819971724,0.0008807615949964493,1,incoming,Xiaojuan Ma
4729,15,3,0.08824188129899216,0.0033796649924007047,0.19489647784735423,0.0008531639985381304,1,incoming,Quan Li
4712,16,3,0.08824188129899216,0.0007641591799017562,0.19215690440316288,0.0011580448998195778,2,outandin,Qiaomu Shen
2119,17,3,0.08824188129899216,0.0006298768143308429,0.18184237886164725,0.0010282349063797293,1,incoming,Haidong Zhang
6421,18,3,0.08824188129899216,0.0017142964704322142,0.19092553416462799,0.001226298885325313,2,outandin,Yuanzhe Chen
6280,18,3,0.08824188129899216,0.0030855671069602137,0.19512557530242247,0.0012193777809493072,1,incoming,Yanhong Wu
3206,19,3,0.08824188129899216,0.002906682587350132,0.1869325612815196,0.0010325884118546123,2,outandin,Ke Xu
6371,28,3,0.08824188129899216,0.005759670029074945,0.20197684702345314,0.0017979000153975236,1,incoming,Yong Wang 0021
6456,32,3,0.08824188129899216,0.006363783120809142,0.18964791919796406,0.0015733476093296008,1,incoming,Yun Wang 0012
6029,35,3,0.08824188129899216,0.014641893338020946,0.2026107760986793,0.0019767429575323157,1,,Weiwei Cui
2333,86,3,0.08824188129899216,0.09940242477935614,0.2257134422933034,0.0042795643104501626,1,,Huamin Qu
3200,2,4,0.12626262626262627,0.0,0.14566538810654706,2.303799307011099e-06,1,incoming,Katy Williams
3185,2,4,0.12626262626262627,0.0,0.14566538810654706,2.303799307011099e-06,1,,Katherine E. Isaacs
3047,2,4,0.12626262626262627,0.0,0.14902819044836807,2.642890592222973e-06,2,outandin,Julie Gerdes
3420,3,4,0.12626262626262627,0.0,0.126273940548351,3.975986290326357e-07,2,outandin,Le Liu 0007
1452,3,4,0.12626262626262627,0.0,0.126273940548351,3.975986290326357e-07,6,outandin,Donald H. House
3049,3,4,0.12626262626262627,0.0,0.14904730642969805,2.8210111697005275e-06,2,outandin,Julie Lein
3184,3,4,0.12626262626262627,0.0,0.14904730642969805,2.8210111697005275e-06,2,outandin,Katherine Coles
5420,4,4,0.12626262626262627,0.0,0.12628766448493922,5.932112057603174e-07,1,incoming,Spencer C. Castro
2381,4,4,0.12626262626262627,0.0,0.12628766448493922,5.932112057603175e-07,2,outandin,Ian T. Ruginski
769,4,4,0.12626262626262627,0.0008479065574160487,0.16726253072202762,1.1675755996725037e-05,2,outandin,Carolina Nobre
6344,4,4,0.12626262626262627,0.0,0.12952544877114325,1.946751716054112e-06,2,outandin,Ying Yang
6418,4,4,0.12626262626262627,0.0,0.12952544877114325,1.946751716054112e-06,2,outandin,Yuan-Fang Li
5805,4,4,0.12626262626262627,0.0,0.12952544877114325,1.946751716054112e-06,2,outandin,Tobias Czauderna
6380,4,4,0.12626262626262627,0.0,0.12952544877114325,1.946751716054112e-06,2,outandin,Yongqun He
4363,4,4,0.12626262626262627,6.701837912028995e-07,0.1490664273157057,2.977967782802227e-06,2,outandin,Nina McCurdy
1679,4,4,0.12626262626262627,0.0,0.15695971915789894,6.081695985044299e-06,2,outandin,Ethan Kerzner
5178,4,4,0.12626262626262627,0.0,0.15695971915789894,6.081695985044299e-06,2,outgoing,Sara Jones 0001
2747,4,4,0.12626262626262627,0.0,0.15359851962008275,2.5752006364795637e-05,1,incoming,Jie Liu
2670,4,4,0.12626262626262627,0.0,0.15359851962008275,2.5752006364795637e-05,2,outandin,Jeremy Millar
362,4,4,0.12626262626262627,0.0,0.15359851962008275,2.5752006364795637e-05,2,outandin,Annette Haworth
4438,5,4,0.12626262626262627,0.0006304195529248909,0.14916210538201874,2.9022823369599103e-06,1,incoming,P. Samuel Quinan
574,5,4,0.12626262626262627,0.0,0.1616095689743986,4.341860586702722e-05,1,,Bernhard Jenny
2191,5,4,0.12626262626262627,0.0,0.1616095689743986,4.341860586702722e-05,2,outandin,Haohui Chen
985,5,4,0.12626262626262627,0.0,0.15926162293392623,1.6990598335274012e-05,2,outgoing,Christopher Mears
3711,5,4,0.12626262626262627,0.0,0.15926162293392623,1.6990598335274012e-05,2,outandin,Maria Garcia de la Banda
2058,5,4,0.12626262626262627,0.0,0.15926162293392623,1.6990598335274012e-05,1,incoming,Guido Tack
3778,5,4,0.12626262626262627,0.0,0.15926162293392623,1.6990598335274012e-05,2,outandin,Mark Wallace 0001
5912,5,4,0.12626262626262627,0.0,0.15361882614039213,2.9480390152518083e-05,1,incoming,Vahan Yoghourdjian
2000,5,4,0.12626262626262627,0.0,0.15361882614039213,2.9480390152518083e-05,2,outandin,Graeme Gange
283,6,4,0.12626262626262627,0.0,0.16728661113243964,5.257312116434731e-05,2,outandin,Andrew Cunningham
6264,6,4,0.12626262626262627,7.978774289419545e-05,0.16538183901593023,4.566828940203242e-05,1,incoming,Yalong Yang 0001
5512,6,4,0.12626262626262627,3.350918956014497e-06,0.1537204393340291,3.0963863932781496e-05,2,outandin,Steve Kieffer
236,7,4,0.12626262626262627,0.00017091119854795568,0.16731069847745514,5.323372341979584e-05,2,outandin,Andrea Batch
3362,7,4,0.12626262626262627,0.0015780594336857827,0.14920041100743783,2.949526989881145e-06,1,incoming,Lace M. K. Padilla
5185,7,4,0.12626262626262627,0.0015780594336857827,0.14920041100743783,2.949526989881145e-06,4,outandin,Sarah H. Creem-Regehr
122,7,4,0.12626262626262627,0.0023828274746098142,0.17707601355164979,3.420382829250246e-05,1,incoming,Alex Bigelow
4092,7,4,0.12626262626262627,0.0037878787878787884,0.15374077810610293,2.4946039361962713e-05,1,,Michael Wybrow
709,8,4,0.12626262626262627,0.0004062912502121846,0.16791514464247484,5.8240465150740684e-05,2,outandin,Bruce H. Thomas
3173,8,4,0.12626262626262627,0.00010919717893108224,0.16221873529609465,5.001780330903389e-05,2,outandin,Karsten Klein 0001
609,8,4,0.12626262626262627,0.011846140224159273,0.16294668362444623,4.527794972331691e-05,2,outandin,Bireswar Laha
5184,13,4,0.12626262626262627,0.007571418882525812,0.17510138651686646,3.7840890491492844e-05,1,,Sarah Goodwin
4185,16,4,0.12626262626262627,0.01556474938715074,0.18207032292791067,3.889449017074529e-05,1,,Miriah D. Meyer
3289,22,4,0.12626262626262627,0.01137104298037075,0.1887545160698385,0.00017594565033406486,1,,Kim Marriott
3933,23,4,0.12626262626262627,0.016910804760633166,0.19889982898423927,0.00024191717853090834,1,incoming,Maxime Cordeil
5772,26,4,0.12626262626262627,0.014110386443030167,0.18887724332345998,0.0001799874326783838,1,,Tim Dwyer
4767,1,5,0.12828282828282828,0.0,0.15345652415820468,1.4726492995507837e-05,2,outandin,Rafael Veras
136,2,5,0.12828282828282828,0.0,0.14887543893990082,3.1712796367687335e-06,2,outgoing,Alexander Kachkaev
3929,2,5,0.12828282828282828,0.0,0.12015022240987755,7.141886141245638e-08,1,incoming,Max Sondag
3277,2,5,0.12828282828282828,0.0,0.12015022240987755,7.141886141245638e-08,2,outgoing,Kevin Verbeek
5452,2,5,0.12828282828282828,0.0,0.13994614006093292,2.822042618924771e-06,2,outandin,Stefania Forlini
701,2,5,0.12828282828282828,0.0,0.13994614006093292,2.822042618924771e-06,2,outandin,Bridget Moynihan
1623,3,5,0.12828282828282828,0.0,0.16118363170008682,1.0826612038096332e-05,2,outandin,Erdem Kaya
5254,3,5,0.12828282828282828,0.0,0.16118363170008682,1.0826612038096332e-05,2,outandin,Selim Balcisoy
175,3,5,0.12828282828282828,0.0,0.15244985580240433,9.96095606884854e-06,2,outandin,Alice Thudt
1445,3,5,0.12828282828282828,0.0,0.15244985580240433,9.96095606884854e-06,2,outgoing,Dominikus Baur
4629,4,5,0.12828282828282828,0.0,0.15459989368359844,1.1280180623492341e-05,2,outandin,Philipp Koytek
2808,4,5,0.12828282828282828,0.0,0.15459989368359844,1.1280180623492341e-05,1,incoming,Jo Vermeulen
1578,4,5,0.12828282828282828,0.0,0.15459989368359844,1.1280180623492341e-05,2,outandin,Elisabeth André
433,4,5,0.12828282828282828,0.0,0.1407087431491797,1.0502579240576897e-06,2,outgoing,Arthur van Goethem
1832,4,5,0.12828282828282828,0.0,0.1407087431491797,1.0502579240576897e-06,2,outandin,Frank Staals
3606,4,5,0.12828282828282828,0.0,0.1407087431491797,1.0502579240576897e-06,2,outandin,Maarten Löffler
4381,4,5,0.12828282828282828,0.0,0.15459989368359844,1.2281540053897498e-05,2,outandin,Noreen Kamal
4002,4,5,0.12828282828282828,0.0,0.15459989368359844,1.2281540053897498e-05,2,outandin,Michael D. Hill
1748,5,5,0.12828282828282828,0.0,0.1500287670659685,1.3007423507643042e-05,2,outandin,Fearn Bishop
2859,5,5,0.12828282828282828,0.0,0.1500287670659685,1.3007423507643042e-05,2,outandin,Johannes Zagermann
5896,5,5,0.12828282828282828,0.0,0.1500287670659685,1.3007423507643042e-05,2,outandin,Ulrike Pfeil
1905,5,5,0.12828282828282828,0.0,0.1500287670659685,1.3007423507643042e-05,2,outandin,Gemma Sanderson
5767,5,5,0.12828282828282828,0.0,0.15462046585840664,1.8563148289984582e-05,2,outandin,Tiffany Wun
4906,5,5,0.12828282828282828,0.0,0.15462046585840664,1.8563148289984582e-05,2,outandin,Richard Pusch
5014,5,5,0.12828282828282828,0.0,0.16007339866729933,7.74675306277795e-06,2,outgoing,Roger Beecham
6137,5,5,0.12828282828282828,0.0,0.16007339866729933,7.74675306277795e-06,1,incoming,Wouter Meulemans
4202,5,5,0.12828282828282828,0.00010853885550602458,0.16228670403993378,2.6133210064078767e-05,2,outandin,Mona Hosseinkhani Loorak
904,6,5,0.12828282828282828,0.0,0.1429768427372863,6.2153561853422195e-06,2,outandin,Christian Frisson
4114,6,5,0.12828282828282828,0.0,0.1429768427372863,6.2153561853422195e-06,2,outandin,Mieka West
1477,6,5,0.12828282828282828,0.0,0.1429768427372863,6.2153561853422195e-06,2,outandin,Doris Kosminsky
5621,6,5,0.12828282828282828,0.0,0.1429768427372863,6.2153561853422195e-06,2,outgoing,Søren Knudsen
3352,6,5,0.12828282828282828,0.0,0.16554677317651031,3.0979540267041455e-05,1,incoming,Kyle Wm. Hall
45,6,5,0.12828282828282828,0.0,0.16554677317651031,3.0979540267041455e-05,2,outandin,Adam James Bradley
581,6,5,0.12828282828282828,0.0018966201291042055,0.14074282956951623,1.058750545475851e-06,1,,Bettina Speckmann
76,6,5,0.12828282828282828,0.00012259469593736328,0.16338200237991085,9.996436597783152e-06,2,outgoing,Aidan Slingsby
6059,8,5,0.12828282828282828,0.001202883780583062,0.15388330034775868,9.977831051090869e-06,1,,Wesley Willett
2481,10,5,0.12828282828282828,0.0007298513904755044,0.1548471216585722,2.0635504066623363e-05,2,outgoing,Jagoda Walny
2809,12,5,0.12828282828282828,0.006030440926408057,0.17589657900786043,3.6732078580621095e-05,2,outgoing,Jo Wood
5901,13,5,0.12828282828282828,0.0034072701896561536,0.16869523822966404,4.1836066397941145e-05,3,incoming,Uta Hinrichs
2587,14,5,0.12828282828282828,0.007932664881568005,0.16970538935678778,1.3467068688244738e-05,2,outgoing,Jason Dykes
5147,14,5,0.12828282828282828,0.0075629376957526105,0.18666229733749815,9.860461779681398e-05,2,outgoing,Samuel Huron
969,15,5,0.12828282828282828,0.00855261495049681,0.1887545160698385,0.0002332509460762022,1,,Christopher Collins 0001
742,15,5,0.12828282828282828,0.021739713803277185,0.18796066013036652,5.478456972817909e-05,1,,Cagatay Turkay
830,19,5,0.12828282828282828,0.011131409655819479,0.18732432708784877,0.000106863013098163,1,,Charles Perin
5312,23,5,0.12828282828282828,0.004437280083583181,0.16779390627089183,4.904934034275581e-05,1,,Sheelagh Carpendale
6381,1,6,0.10466269841269842,0.0,0.14033487933887995,7.275204264123746e-06,2,outandin,Yongsu Ahn
5364,3,6,0.10466269841269842,0.0,0.15698092419966575,5.528173132249235e-05,1,incoming,Sihang Li
6507,3,6,0.10466269841269842,0.0,0.13811634386377344,1.0355133157595019e-05,1,incoming,Zeyu Li 0003
805,3,6,0.10466269841269842,0.0,0.13811634386377344,1.0355133157595019e-05,2,outandin,Changhong Zhang
5323,3,6,0.10466269841269842,0.0,0.13811634386377344,1.0355133157595019e-05,1,incoming,Shichao Jia
750,3,6,0.10466269841269842,0.0,0.14714104101885853,2.715337622793711e-05,2,outandin,Can Liu 0004
1055,3,6,0.10466269841269842,0.0,0.14714104101885853,2.715337622793711e-05,2,outandin,Cong Wu 0004
2157,3,6,0.10466269841269842,0.0,0.14714104101885853,2.715337622793711e-05,2,outandin,Hanning Shao
788,3,6,0.10466269841269842,0.0,0.13590325157028374,7.869801380319474e-06,1,,Catherine Plaisant
4310,3,6,0.10466269841269842,0.0,0.13590325157028374,7.869801380319474e-06,4,outandin,Neil Spring
522,3,6,0.10466269841269842,0.0,0.13590325157028374,7.869801380319474e-06,1,outgoing,Ben Shneiderman
6258,3,6,0.10466269841269842,0.0,0.12626021959425468,1.3457534186092885e-06,2,outandin,Yael Albo
4558,3,6,0.10466269841269842,0.0,0.12626021959425468,1.3457534186092885e-06,2,outgoing,Peter Bak
5315,3,6,0.10466269841269842,0.0,0.12626021959425468,1.3457534186092885e-06,2,outandin,Sheizaf Rafaeli
2961,4,6,0.10466269841269842,0.0,0.1361740069056517,1.4187509568406967e-05,1,incoming,Jonathan Zhang
6053,4,6,0.10466269841269842,0.0,0.1361740069056517,1.4187509568406967e-05,1,incoming,Wenyuan Wang
3005,4,6,0.10466269841269842,0.0,0.1361740069056517,1.4187509568406967e-05,2,outandin,Joshua Shrestha
1222,4,6,0.10466269841269842,0.0,0.1361740069056517,1.4187509568406967e-05,1,incoming,David Borland
5079,4,6,0.10466269841269842,0.0,0.17447039052941832,0.0001352737660335539,1,incoming,Ruizhen Hu
5797,4,6,0.10466269841269842,0.0,0.17447039052941832,0.0001352737660335539,2,outandin,Tingkai Sha
4414,4,6,0.10466269841269842,0.0,0.17447039052941832,0.0001352737660335539,1,incoming,Oliver van Kaick
1009,4,6,0.10466269841269842,0.0,0.1507098315079022,5.832975757489114e-05,2,outgoing,Chufan Lai
6577,5,6,0.10466269841269842,0.0,0.16276408473538675,0.00010745579933144498,1,incoming,Zhuochen Jin
812,5,6,0.10466269841269842,0.0,0.1626274039084571,9.103480229011594e-05,2,outandin,Chaoguang Lin
4726,5,6,0.10466269841269842,0.0,0.1626274039084571,9.103480229011594e-05,2,outandin,Qiuhan Zhu
6150,5,6,0.10466269841269842,0.0,0.1626274039084571,9.103480229011594e-05,2,outandin,Xian Teng
6201,5,6,0.10466269841269842,0.0,0.1626274039084571,9.103480229011594e-05,2,outandin,Xidao Wen
5053,5,6,0.10466269841269842,0.0,0.16299239738054788,0.00016579676218775509,2,outandin,Rongwen Zhao
3476,5,6,0.10466269841269842,0.0,0.16583028413385556,0.00012026800301933133,2,outandin,Lijing Lin
5998,5,6,0.10466269841269842,0.0,0.16916185775599446,9.313769304666357e-05,2,outandin,Wan-Yi Sabrina Lin
2748,5,6,0.10466269841269842,0.0,0.16916185775599446,9.313769304666357e-05,4,outandin,Jie Lu
876,5,6,0.10466269841269842,0.0,0.16916185775599446,9.313769304666357e-05,2,outandin,Ching-Yung Lin
5348,6,6,0.10466269841269842,0.0,0.1491238194206784,1.8381343377139638e-05,2,outandin,Shuaiqi Wang
4372,6,6,0.10466269841269842,0.0,0.1491238194206784,1.8381343377139638e-05,2,outandin,Noa Fish
6278,6,6,0.10466269841269842,0.0,0.1491238194206784,1.8381343377139638e-05,2,outandin,Yang Yue
1143,6,6,0.10466269841269842,0.0,0.1491238194206784,1.8381343377139638e-05,4,outandin,Daniel Cohen-Or
2081,7,6,0.10466269841269842,0.0,0.15622113483811856,0.00013250538853769198,1,incoming,Guozheng Li 0002
6405,7,6,0.10466269841269842,0.0,0.15622113483811856,0.00013250538853769198,2,outandin,Yu Zhang 0043
6402,7,6,0.10466269841269842,0.0,0.15622113483811856,0.00013250538853769198,2,outandin,Yu Dong
2799,7,6,0.10466269841269842,0.0,0.15622113483811856,0.000132505388537692,2,outandin,Jinson Zhang
4036,7,6,0.10466269841269842,0.0,0.15622113483811856,0.000132505388537692,2,outgoing,Michael J. McGuffin
5354,7,6,0.10466269841269842,8.03156765647919e-06,0.1631067940659638,0.00017864685069429192,1,incoming,Shunan Guo
2318,7,6,0.10466269841269842,8.03156765647919e-06,0.1631067940659638,0.0001786468506942919,2,outandin,Hongyuan Zha
1052,7,6,0.10466269841269842,0.0,0.16594870050355984,0.00014174861432437633,2,outgoing,Cong Guo 0004
1728,8,6,0.10466269841269842,0.002842919642282698,0.16283251134051652,0.00010885885285153357,1,incoming,Fan Du
6390,8,6,0.10466269841269842,0.0,0.1570870354097507,0.00010968079421422552,2,outandin,Youfeng Hao
4727,8,6,0.10466269841269842,0.0,0.1570870354097507,0.00010968079421422552,2,outandin,Qiusheng Li
2132,8,6,0.10466269841269842,0.0,0.1570870354097507,0.00010968079421422552,2,outandin,Haiyang Wang
5346,9,6,0.10466269841269842,0.0003623399069187333,0.17621668197238793,0.0002114462467947314,2,outandin,Shuai Chen 0001
2835,9,6,0.10466269841269842,0.0028429196422826994,0.1491812557357717,1.862120266255383e-05,1,incoming,Joel Lanir
6410,10,6,0.10466269841269842,0.0012574514433882323,0.16928508171997755,0.00011519824231695287,2,outgoing,Yu-Ru Lin
2731,10,6,0.10466269841269842,0.0028429196422826994,0.16601983153678038,0.00014359093317236726,1,,Jiawan Zhang
2344,10,6,0.10466269841269842,0.007015666591060366,0.17761736486180463,0.00014504322119639586,1,incoming,Hui Huang 0004
4142,10,6,0.10466269841269842,0.003467102363995019,0.16058220023851932,7.241409687867228e-05,1,,Min Lu 0002
6534,10,6,0.10466269841269842,0.0004980692233036032,0.17632364202214354,0.0002286279137680065,2,outandin,Zhenhuang Wang
5646,10,6,0.10466269841269842,0.0001955073395837115,0.15978723885119994,0.0001174382182884197,2,outgoing,Tangzhi Ye
1248,11,6,0.10466269841269842,0.0037959103555352657,0.16319842709633792,0.00018201996768127642,1,,David Gotz
6257,11,6,0.10466269841269842,0.00035183356531476117,0.17199123755564327,0.00019834985741635144,2,outandin,Yadong Wu
6599,12,6,0.10466269841269842,0.00014124939538186018,0.16606728611203744,0.00018001322145437036,2,outgoing,Zuchao Wang
6176,15,6,0.10466269841269842,0.01292395343774395,0.1815866230545282,0.000673455681646444,1,,Xiaolong Zhang 0001
5373,22,6,0.10466269841269842,0.02151085029857583,0.1911453859065514,0.00028885354641816684,1,incoming,Siming Chen 0001
1003,23,6,0.10466269841269842,0.0040424551476274835,0.17734627608759554,0.00035890843045147987,2,outandin,Christy Jie Liang
4253,30,6,0.10466269841269842,0.04546857117085731,0.2026461110788151,0.0010538163000397578,1,,Nan Cao
6188,32,6,0.10466269841269842,0.036566152697002155,0.17923381164984203,0.0003764035907157855,1,,Xiaoru Yuan
647,1,7,0.0823293172690763,0.0,0.13523892003327817,9.03620303669033e-06,2,outgoing,Bowen Yu 0004
329,2,7,0.0823293172690763,0.0,0.1587611423590553,1.6993685014259985e-05,2,outandin,Angela Mayhua
3126,2,7,0.0823293172690763,0.0,0.1254423837769541,4.5996477080365643e-07,2,outgoing,Kai Bürger
5725,3,7,0.0823293172690763,0.0,0.11926232176187272,8.941813178273139e-07,2,outgoing,Thomas Müller 0005
1199,3,7,0.0823293172690763,0.0,0.12276521932656374,2.373749871984101e-06,2,outandin,Darren Treanor
1021,3,7,0.0823293172690763,0.0,0.12276521932656374,2.373749871984101e-06,2,outgoing,Claes Lundström
52,3,7,0.0823293172690763,0.0,0.13866023877397685,1.7315179008205146e-05,2,outandin,Adam Summers
3037,3,7,0.0823293172690763,0.0,0.12349588701519033,3.606985053991758e-06,2,outandin,Julian Kreiser
135,3,7,0.0823293172690763,0.0,0.12349588701519033,3.606985053991758e-06,2,outandin,Alexander Hann
1685,3,7,0.0823293172690763,0.0,0.12349588701519033,3.606985053991758e-06,2,outandin,Eugen Zizer
3871,3,7,0.0823293172690763,0.0,0.12545592754544654,5.30813319190231e-07,2,outandin,Mathias Kanzler
4119,3,7,0.0823293172690763,0.0,0.1454647973117083,5.974451647896954e-06,2,outandin,Mihaela Jarema
2420,3,7,0.0823293172690763,0.0,0.1454647973117083,5.974451647896954e-06,2,outgoing,Ismail Demir
793,3,7,0.0823293172690763,0.0,0.13527040755831501,1.0329351842291197e-05,2,outandin,Cesar Palomo
6511,3,7,0.0823293172690763,0.0,0.13527040755831501,1.0329351842291197e-05,2,outandin,Zhan Guo
3042,3,7,0.0823293172690763,0.0,0.13527040755831501,1.0329351842291197e-05,1,,Juliana Freire
5001,3,7,0.0823293172690763,0.0,0.12349588701519033,6.5953052054352855e-06,2,outandin,Robin Skånberg
270,4,7,0.0823293172690763,0.0,0.12546947423884308,6.107327931792935e-07,2,outandin,Andreas Schäfler
1789,4,7,0.0823293172690763,6.701837912028995e-07,0.12546947423884308,5.581409393273813e-07,2,outgoing,Florian Ferstl
4449,4,7,0.0823293172690763,0.0,0.13566524237313787,1.349474420355917e-05,1,incoming,Paola Valdivia
1714,4,7,0.0823293172690763,0.0,0.13566524237313787,1.349474420355917e-05,2,outandin,Fabiano Petronetto
4100,4,7,0.0823293172690763,0.0,0.12275225025627781,5.756924494089362e-06,2,outandin,Michal Marcinkowski
2815,4,7,0.0823293172690763,0.0,0.12275225025627781,5.756924494089362e-06,2,outandin,Joakim Kilby
3719,4,7,0.0823293172690763,0.0,0.14573846744336208,1.8416364299289212e-05,2,outandin,Marian Talbert
2643,4,7,0.0823293172690763,0.0,0.14573846744336208,1.8416364299289212e-05,2,outandin,Jeffrey T. Morisette
174,5,7,0.0823293172690763,0.0,0.15035879929165707,3.9476131154160895e-05,2,outandin,Alice Chu
4690,5,7,0.0823293172690763,0.0,0.15035879929165707,3.9476131154160895e-05,2,outandin,Preeti Raghavan
5961,5,7,0.0823293172690763,0.0,0.15035879929165707,3.9476131154160895e-05,2,outandin,Viswanath Aluru
137,5,7,0.0823293172690763,0.0,0.12548302385809137,6.114056002532947e-07,2,outandin,Alexander Kumpf
4064,5,7,0.0823293172690763,0.0,0.12548302385809137,6.114056002532947e-07,2,outandin,Michael Riemer
1234,5,7,0.0823293172690763,0.0,0.14008110921349318,4.091604572893896e-05,2,outandin,David Duran
4041,5,7,0.0823293172690763,4.3733241119439535e-05,0.13029522324802936,9.139384278300116e-07,2,outandin,Michael Kern
5774,5,7,0.0823293172690763,4.3733241119439535e-05,0.13029522324802936,9.139384278300116e-07,2,outandin,Tim Hewson
587,5,7,0.0823293172690763,0.0,0.12548302385809137,6.114056002532947e-07,2,outandin,Bianca Tost
3803,5,7,0.0823293172690763,0.0,0.12548302385809137,6.114056002532947e-07,2,outandin,Marlene Baumgart
2969,5,7,0.0823293172690763,0.0,0.12352214318336621,1.189009671858248e-05,2,outandin,Jorge Estrada
257,5,7,0.0823293172690763,0.0,0.1309560239970614,4.5076033403492085e-06,2,outandin,Andreas Just
438,5,7,0.0823293172690763,0.0,0.13074972442060603,8.116763361210975e-06,2,outandin,Asher Pembroke
3595,5,7,0.0823293172690763,0.0,0.13074972442060603,8.116763361210975e-06,2,outandin,M. Leila Mays
3571,5,7,0.0823293172690763,0.0,0.13074972442060603,8.116763361210975e-06,2,outandin,Lutz Rastaetter
387,6,7,0.0823293172690763,0.00018173370151249114,0.13097078459489697,4.5603871945318566e-06,2,outandin,Antoni Sagristà
5439,6,7,0.0823293172690763,0.00018173370151249114,0.13097078459489697,4.5603871945318566e-06,2,outandin,Stefan Jordan
2972,6,7,0.0823293172690763,0.011154488016365224,0.16276408473538675,3.343457964372767e-05,1,,Jorge Poco
3163,6,7,0.0823293172690763,0.0,0.12277819113756613,7.779326073749849e-06,2,outandin,Karl Bladin
1660,6,7,0.0823293172690763,0.0,0.12277819113756613,7.779326073749849e-06,2,outandin,Erik Broberg
4468,6,7,0.0823293172690763,0.0,0.12277819113756613,7.779326073749849e-06,2,outgoing,Patric Ljung
5936,6,7,0.0823293172690763,6.701837912028995e-07,0.12353527545459557,1.2278255818965925e-05,2,outandin,Victor Guallar
1664,6,7,0.0823293172690763,0.0,0.12356154837578967,4.924688759303209e-06,2,outgoing,Erik Sundén
4598,6,7,0.0823293172690763,0.0,0.12356154837578967,4.924688759303209e-06,2,outandin,Peter Steneteg
5195,6,7,0.0823293172690763,0.0,0.12356154837578967,4.924688759303209e-06,2,outandin,Sathish Kottravel
4918,6,7,0.0823293172690763,0.0,0.12356154837578967,4.924688759303209e-06,2,outandin,Rickard Englund
4542,7,7,0.0823293172690763,0.00035519656795781354,0.14011489218930737,4.23384136908298e-05,2,outandin,Pedro Hermosilla
6605,7,7,0.0823293172690763,0.00035519656795781354,0.14011489218930737,4.23384136908298e-05,2,outandin,Àlvar Vinacua
1721,7,7,0.0823293172690763,0.0,0.13533342661611064,3.264486334872834e-05,1,incoming,Fabio Miranda 0001
3136,7,7,0.0823293172690763,0.0,0.13533342661611064,3.264486334872834e-05,2,outandin,Kai Zhao
712,7,7,0.0823293172690763,0.0,0.13533342661611064,3.264486334872834e-05,2,outandin,Bruno Gonçalves
4203,7,7,0.0823293172690763,0.0,0.13533342661611064,3.264486334872834e-05,2,outandin,Mondrian Hsieh
1158,7,7,0.0823293172690763,0.0002661939422691838,0.13074972442060603,6.613030371965741e-06,2,outgoing,Daniel Jönsson
2358,7,7,0.0823293172690763,0.0,0.14332956715504205,8.31055958306646e-05,2,outgoing,Huy T. Vo
2238,7,7,0.0823293172690763,0.0,0.14332956715504205,8.31055958306646e-05,2,outandin,Heidi Werner
4222,7,7,0.0823293172690763,0.0,0.14332956715504205,8.31055958306646e-05,2,outandin,Muchan Park
2041,8,7,0.0823293172690763,0.022343767792893935,0.17627014577153002,0.00036316092993551223,2,outandin,Gromit Yeuk-Yin Chan
4553,8,7,0.0823293172690763,0.0007015550259172126,0.14013178978846189,4.2726572791213254e-05,2,outandin,Pere-Pau Vázquez
1718,8,7,0.0823293172690763,0.000910442739894232,0.13760928480884957,1.4602121306783285e-05,2,outandin,Fabio Dias
2963,9,7,0.0823293172690763,0.0,0.1388259021416877,2.1132961289407376e-05,1,incoming,Jonathas Costa
1907,9,7,0.0823293172690763,0.0,0.1388259021416877,2.1132961289407376e-05,2,outandin,Gene Payne
3978,9,7,0.0823293172690763,0.0,0.1388259021416877,2.1132961289407376e-05,2,outandin,Micah Acinapura
5966,9,7,0.0823293172690763,0.0,0.1388259021416877,2.1132961289407376e-05,2,outandin,Vivian Trakinski
823,9,7,0.0823293172690763,0.0,0.1388259021416877,2.1132961289407376e-05,0,,Charles D. Hansen
3814,9,7,0.0823293172690763,0.0005573118445377201,0.13077915598491005,6.892649577135942e-06,4,outandin,Martin Falk
1781,10,7,0.0823293172690763,0.003965278938535494,0.13950928093719844,5.134856380395697e-06,1,,Filip Sadlo
3665,11,7,0.0823293172690763,0.0005100690076382255,0.1303829444486003,1.1238992881381878e-06,2,outandin,Marc Rautenhaus
3691,11,7,0.0823293172690763,0.00019914811595793372,0.14340032098308353,9.079317360289318e-05,1,incoming,Marcos Lage
3549,11,7,0.0823293172690763,0.00019914811595793372,0.14340032098308353,9.079317360289318e-05,2,outandin,Luc Wilson
4369,11,7,0.0823293172690763,0.007653798342114335,0.1614972621161815,0.0007389875134460765,1,,Nivan Ferreira
1603,12,7,0.0823293172690763,0.0004747425503612313,0.1388756783704943,2.250768925193527e-05,2,outandin,Emil Axelsson
3562,12,7,0.0823293172690763,0.005499557460477445,0.1519713315362184,4.303479712749423e-05,1,,Luis Gustavo Nonato
781,14,7,0.0823293172690763,0.0008829019573377929,0.13890888235815013,2.3185891242874127e-05,1,incoming,Carter Emmart
5114,15,7,0.0823293172690763,0.01070612625264987,0.14805973508230452,6.726195608042905e-06,1,,Rüdiger Westermann
2214,16,7,0.0823293172690763,0.0028073699573538525,0.15295153362194627,9.798282213786291e-05,1,,Harish Doraiswamy
129,20,7,0.0823293172690763,0.006076988200511903,0.14421903945959116,3.437648092120937e-05,1,,Alexander Bock 0002
232,22,7,0.0823293172690763,0.007697102903082131,0.1442548480354967,2.8664485561964377e-05,1,,Anders Ynnerman
5780,22,7,0.0823293172690763,0.01575371109091535,0.14533743601324903,5.0464710687290914e-05,1,,Timo Ropinski
1041,36,7,0.0823293172690763,0.02939991598029122,0.1619248607756307,0.00014436859764125164,0,,Cláudio T. Silva
612,2,8,0.12119013062409288,0.0,0.150573124391075,1.1104540654384256e-05,1,incoming,Biswaksen Patnaik
5568,2,8,0.12119013062409288,0.0,0.150573124391075,8.260835830033956e-06,2,outandin,Sujin Jang
3175,2,8,0.12119013062409288,0.0,0.150573124391075,8.260835830033956e-06,2,outandin,Karthik Ramani
3954,2,8,0.12119013062409288,0.0,0.150573124391075,8.260835830033956e-06,2,outandin,Mehmet Adil Yalçin
526,2,8,0.12119013062409288,0.0,0.150573124391075,8.260835830033956e-06,3,outandin,Benjamin B. Bederson
1507,3,8,0.12119013062409288,0.0,0.16165453546548775,2.0478681247348805e-05,1,incoming,Dylan Cashman
264,4,8,0.12119013062409288,0.0,0.15061215825352248,1.1587419711463361e-05,2,outandin,Andreas Mathisen
5035,4,8,0.12119013062409288,0.0,0.15061215825352248,1.1587419711463361e-05,2,outandin,Roman Rädle
1033,4,8,0.12119013062409288,0.0,0.15061215825352248,1.1587419711463361e-05,2,outandin,Clemens Nylandsted Klokmose
5612,4,8,0.12119013062409288,0.0,0.1300764357915511,2.6853672184078684e-06,2,outandin,Svitlana Volkova
4173,4,8,0.12119013062409288,0.0,0.16118363170008682,2.0597301906968927e-05,2,outandin,Minjeong Kim
3349,4,8,0.12119013062409288,0.0,0.16118363170008682,2.0597301906968927e-05,2,outandin,Kyeongpil Kang
1654,4,8,0.12119013062409288,0.0,0.1300764357915511,3.2837988323894355e-06,4,outandin,Eric Sauda
5270,5,8,0.12119013062409288,0.0,0.1612059934691906,2.208887357422639e-05,2,outandin,Seungyeon Kim
3086,5,8,0.12119013062409288,0.0,0.1612059934691906,2.208887357422639e-05,2,outandin,Jurim Lee
4319,5,8,0.12119013062409288,0.0,0.1612059934691906,2.208887357422639e-05,2,outgoing,Nicholas Diakopoulos
178,5,8,0.12119013062409288,0.0,0.1300909987601798,2.142260612116441e-06,1,incoming,Alireza Karduni
5194,5,8,0.12119013062409288,0.0,0.1300909987601798,2.142260612116441e-06,2,outandin,Sashank Santhanam
5141,5,8,0.12119013062409288,0.0,0.1300909987601798,2.142260612116441e-06,2,outandin,Samira Shaikh
6256,5,8,0.12119013062409288,0.0,0.143613002215539,8.356875174015643e-06,2,outandin,Ya-Hsin Hung
6392,5,8,0.12119013062409288,0.0,0.143613002215539,8.356875174015643e-06,2,outgoing,Youn ah Kang
2777,5,8,0.12119013062409288,0.0,0.1665672019675926,3.408995077434118e-05,2,outandin,Jina Huh
4419,5,8,0.12119013062409288,0.0,0.15439447261837974,1.2335091682976772e-05,2,outandin,Omar ElTayeby
213,6,8,0.12119013062409288,0.0,0.16116127613397033,2.469922810858231e-05,2,outandin,Amira Chalbi
2468,6,8,0.12119013062409288,0.0,0.16116127613397033,2.469922810858231e-05,1,incoming,Jacob Ritchie
3070,6,8,0.12119013062409288,0.0,0.16116127613397033,2.469922810858231e-05,2,outandin,Jungu Choi
4335,6,8,0.12119013062409288,0.0,0.16116127613397033,2.469922810858231e-05,2,outandin,Nicolas Roussel 0001
530,6,8,0.12119013062409288,0.0,0.16580662113669034,3.283310394183491e-05,2,outandin,Benjamin Eysenbach
2568,6,8,0.12119013062409288,0.0,0.16580662113669034,3.283310394183491e-05,2,outandin,Janu Verma
3250,6,8,0.12119013062409288,0.0,0.16580662113669034,3.283310394183491e-05,2,outandin,Kenney Ng
1001,6,8,0.12119013062409288,0.0,0.16580662113669034,3.283310394183491e-05,2,outandin,Christopher deFilippi
5991,6,8,0.12119013062409288,0.0,0.16580662113669034,3.283310394183491e-05,2,outandin,Walter F. Stewart
1380,6,8,0.12119013062409288,0.00023590469450342062,0.15441499015626922,1.2530515794526451e-05,2,outgoing,Derek Xiaoyu Wang
4148,7,8,0.12119013062409288,0.0,0.16625737600886048,3.9859439673337274e-05,2,outandin,Min-Je Choi
2817,7,8,0.12119013062409288,0.0,0.16625737600886048,3.9859439673337274e-05,2,outandin,Joanne Taery Kim
1539,7,8,0.12119013062409288,0.0,0.16625737600886048,3.9859439673337274e-05,2,outandin,Edward Choi
6396,7,8,0.12119013062409288,0.0,0.16625737600886048,3.9859439673337274e-05,2,outandin,Young-bin Kim
5415,7,8,0.12119013062409288,0.0,0.16625737600886048,3.9859439673337274e-05,2,outandin,Soonwook Kwon
2771,7,8,0.12119013062409288,0.0,0.16625737600886048,3.9859439673337274e-05,2,outgoing,Jimeng Sun 0001
5423,7,8,0.12119013062409288,0.0005452438786467308,0.16990390421493287,3.770458527858235e-05,2,outandin,Sriram Karthik Badam
2237,7,8,0.12119013062409288,0.000905505573946796,0.1552194497630144,1.581001881642383e-05,4,outandin,Heidi Lam
5108,7,8,0.12119013062409288,1.340367582405799e-06,0.13012013448218657,3.0678807414145233e-06,1,incoming,Ryan Wesslen
6093,8,8,0.12119013062409288,0.0008658774582341426,0.15445604159589604,1.2872925157247062e-05,1,outgoing,William Ribarsky
5569,8,8,0.12119013062409288,0.0007431365463250837,0.16731069847745514,3.602147094085095e-05,2,outandin,Sukwon Lee
5573,8,8,0.12119013062409288,0.0007431365463250837,0.16731069847745514,3.602147094085095e-05,2,outgoing,Sung-Hee Kim
2692,8,8,0.12119013062409288,0.0007431365463250837,0.16731069847745514,3.602147094085095e-05,2,outgoing,Ji Soo Yi
2413,11,8,0.12119013062409288,0.0022846565442107497,0.15451765969759654,1.3255438680253718e-05,2,outandin,Isaac Cho
6052,11,8,0.12119013062409288,0.0022846565442107497,0.15451765969759654,1.3255438680253718e-05,1,,Wenwen Dou
1373,12,8,0.12119013062409288,0.0007050032565023384,0.16683026574672302,3.9604824434325396e-05,2,outandin,Deok Gun Park 0001
50,15,8,0.12119013062409288,0.008145306379634972,0.18600493051479525,0.00010001198768078941,2,outgoing,Adam Perer
2475,27,8,0.12119013062409288,0.018577012944606112,0.1898648367526023,0.00014317662384452745,1,,Jaegul Choo
727,29,8,0.12119013062409288,0.029760995779574684,0.20478900263058264,0.00028816798569178214,1,,Bum Chul Kwon
4347,33,8,0.12119013062409288,0.0212225189889636,0.18438159329195905,0.00012238888029191816,1,,Niklas Elmqvist
2660,1,9,0.09824561403508772,0.0,0.13955954851380326,4.171606377221275e-06,1,,Jens Schneider 0002
2408,2,9,0.09824561403508772,0.0,0.1511804320746716,4.479255639475633e-06,2,outandin,Irene Baeza Rojo
6364,2,9,0.09824561403508772,0.0,0.12129152410500271,3.8289658010470884e-07,1,incoming,Yixuan Zhang
3176,2,9,0.09824561403508772,0.0,0.12129152410500271,3.8289658010470884e-07,2,outandin,Kartik Chanana
4421,2,9,0.09824561403508772,0.0,0.1537001059425828,8.143035383091723e-06,2,outandin,Omniah H. Nagoor
3611,2,9,0.09824561403508772,0.0,0.1537001059425828,8.143035383091723e-06,2,outandin,Madhusudhanan Srinivasan
3865,3,9,0.09824561403508772,0.0,0.15374077810610293,1.2593442194325906e-05,3,incoming,Matej Mlejnek
5742,3,9,0.09824561403508772,0.0,0.15374077810610293,1.2593442194325906e-05,3,incoming,Thomas Theußl
2733,4,9,0.09824561403508772,0.0,0.1543739605322075,3.6027946108339275e-05,2,outandin,Jiawei Zhang 0003
4651,4,9,0.09824561403508772,0.0,0.1543739605322075,3.602794610833927e-05,2,outandin,Piero Molino
3459,4,9,0.09824561403508772,0.0,0.1543739605322075,3.602794610833927e-05,2,outandin,Lezhi Li
4196,4,9,0.09824561403508772,0.0,0.15592764370986661,1.4457243311632722e-05,1,incoming,Mohamed Ibrahim
4493,4,9,0.09824561403508772,0.0,0.15592764370986661,1.4457243311632722e-05,2,outandin,Patrick Wickenhauser
3916,4,9,0.09824561403508772,0.0,0.16707013672551055,6.150981620570064e-05,2,outandin,Matthias Labschutz
3679,5,9,0.09824561403508772,0.0,0.17786205432816868,4.625267863896519e-05,1,,Marco Agus
2359,5,9,0.09824561403508772,0.0,0.17923381164984203,5.7612844270182306e-05,2,outandin,Hyejin Im
5193,5,9,0.09824561403508772,0.0,0.17923381164984203,5.7612844270182306e-05,2,outandin,Sasha Schriber
3898,5,9,0.09824561403508772,0.0,0.16950733784477404,2.6482932620207693e-05,2,outandin,Matthew Hoffman 0001
5265,5,9,0.09824561403508772,0.0,0.16950733784477404,2.6482932620207693e-05,2,outandin,Seth Walker
105,5,9,0.09824561403508772,0.0,0.16950733784477404,2.6482932620207693e-05,2,outandin,Alan Wilson 0004
3177,5,9,0.09824561403508772,0.0,0.1719403375149343,4.713963213242597e-05,2,outgoing,Kasper Dinkla
721,5,9,0.09824561403508772,0.0,0.1719403375149343,4.713963213242597e-05,2,outandin,Bryan Genest
5469,5,9,0.09824561403508772,0.0,0.1719403375149343,4.713963213242597e-05,2,outandin,Stephan Reiling
5242,6,9,0.09824561403508772,1.6465503305984894e-05,0.17694119094349411,7.177407228359268e-05,2,outandin,Sebastian Gehrmann
139,6,9,0.09824561403508772,1.6465503305984894e-05,0.17694119094349411,7.177407228359268e-05,1,incoming,Alexander M. Rush
6132,6,9,0.09824561403508772,0.0,0.17135714510041675,5.002696917476715e-05,2,outandin,Won-Dong Jang
426,6,9,0.09824561403508772,0.0,0.17135714510041675,5.0026969174767145e-05,2,outandin,Artem Sokolov
4577,6,9,0.09824561403508772,0.0,0.17135714510041675,5.0026969174767145e-05,1,incoming,Peter K. Sorger
1066,6,9,0.09824561403508772,0.0,0.17788928366900275,4.937179321144217e-05,2,outandin,Corrado Calì
4659,6,9,0.09824561403508772,0.0,0.17788928366900275,4.937179321144217e-05,2,outandin,Pierre J. Magistretti
1676,6,9,0.09824561403508772,0.0,0.18127500794476223,5.8631758141580685e-05,2,outandin,Eston Schweickart
6103,6,9,0.09824561403508772,0.0,0.18127500794476223,5.8631758141580685e-05,2,outgoing,Wilmot Li
3015,6,9,0.09824561403508772,0.0,0.18127500794476223,5.8631758141580685e-05,2,outandin,Jovan Popovic
4269,6,9,0.09824561403508772,0.0,0.17788928366900275,4.946916336999755e-05,2,outgoing,Narayanan Kasthuri
2628,6,9,0.09824561403508772,0.0,0.17788928366900275,4.946916336999755e-05,2,outgoing,Jeff Lichtman
2986,6,9,0.09824561403508772,0.0,0.18397289438345882,6.826645371104859e-05,2,outandin,Joseph Botros
662,6,9,0.09824561403508772,0.0,0.18397289438345882,6.826645371104859e-05,2,outandin,Brant Peterson
3786,7,9,0.09824561403508772,0.010738208222807938,0.18116195836076177,5.860649799374115e-05,3,incoming,Markus H. Gross
1154,7,9,0.09824561403508772,6.370479516506252e-05,0.17791652134832736,5.355831095560291e-05,2,outgoing,Daniel Haehn
2146,7,9,0.09824561403508772,2.680735164811598e-07,0.17791652134832736,5.212010080604635e-05,2,outandin,Haneen Mohammed
6594,7,9,0.09824561403508772,0.0,0.17163556882214562,4.675499883288464e-05,2,outgoing,Zoya Bylinskii
1062,7,9,0.09824561403508772,0.0,0.17163556882214562,4.675499883288464e-05,2,outandin,Constance May Bainbridge
838,7,9,0.09824561403508772,0.0,0.17163556882214562,4.675499883288464e-05,2,outgoing,Chelsea S. Yeh
1139,7,9,0.09824561403508772,0.0,0.17163556882214562,4.675499883288464e-05,2,outandin,Daniel Borkin
453,7,9,0.09824561403508772,0.0,0.17163556882214562,4.675499883288464e-05,2,outgoing,Aude Oliva
57,8,9,0.09824561403508772,0.0,0.14227657657964074,5.620182267853395e-06,1,incoming,Aditeya Pandey
2223,8,9,0.09824561403508772,0.0,0.14227657657964074,5.620182267853395e-06,2,outandin,Harsh Shukla
1915,8,9,0.09824561403508772,0.0,0.14227657657964074,5.620182267853395e-06,2,outandin,Geoffrey S. Young
3430,8,9,0.09824561403508772,0.0,0.14227657657964074,5.620182267853395e-06,2,outandin,Lei Qin
210,8,9,0.09824561403508772,0.0,0.14227657657964074,5.620182267853395e-06,2,outandin,Amir A. Zamani
3468,8,9,0.09824561403508772,0.0,0.14227657657964074,5.620182267853395e-06,2,outandin,Liangge Hsu
4835,8,9,0.09824561403508772,0.0,0.14227657657964074,5.620182267853395e-06,2,outandin,Raymond Huang
4966,9,9,0.09824561403508772,3.0147100874277103e-05,0.17204216774147554,7.01675130294522e-05,1,,Robert Krüger
6275,9,9,0.09824561403508772,0.004951130035849161,0.1775630808260889,5.901316797932571e-05,2,outandin,Yang Wang
4097,9,9,0.09824561403508772,0.0,0.17204216774147554,6.556677406159458e-05,1,incoming,Michail Schwab
1043,9,9,0.09824561403508772,0.0,0.17204216774147554,6.556677406159458e-05,2,outandin,Colin Fredericks
1059,9,9,0.09824561403508772,0.0,0.17204216774147554,6.556677406159458e-05,2,outandin,Connor Huff
1126,9,9,0.09824561403508772,0.0,0.17204216774147554,6.556677406159458e-05,2,outandin,Dana Higgins
385,9,9,0.09824561403508772,0.0,0.17204216774147554,6.556677406159458e-05,2,outandin,Anton Strezhnev
3939,9,9,0.09824561403508772,0.0,0.17204216774147554,6.556677406159458e-05,2,outandin,Mayya Komisarchik
1898,9,9,0.09824561403508772,0.0,0.17204216774147554,6.556677406159458e-05,2,outandin,Gary King
3749,9,9,0.09824561403508772,0.0002310166138619532,0.18406032012132517,7.667505895492908e-05,2,outandin,Mark Borowsky
138,10,9,0.09824561403508772,0.008671475537547374,0.18887724332345998,7.546240172954132e-05,1,,Alexander Lex
1042,10,9,0.09824561403508772,0.0018966201291042055,0.14231142693520218,5.665789117818083e-06,1,incoming,Cody Dunne
2532,10,9,0.09824561403508772,7.807641167513774e-06,0.17206764414718287,6.874959393649692e-05,1,incoming,James Tompkin 0001
4593,10,9,0.09824561403508772,0.0026224313377158238,0.16815814774615426,6.659694370499708e-05,1,,Peter Rautek
171,10,9,0.09824561403508772,2.2786248900898583e-06,0.17799828445556465,6.118195932384794e-05,2,outgoing,Ali K. Al-Awami
4182,10,9,0.09824561403508772,0.0016487155835929622,0.1840311689778153,6.685056301112097e-05,2,outandin,Mira Dontcheva
4106,15,9,0.09824561403508772,0.009429485942224796,0.1718894675925926,4.943429694809735e-05,1,,Michelle Borkin
588,17,9,0.09824561403508772,0.03602388916795865,0.2020822262479871,0.0002865755251392045,2,outgoing,Bilal Alsallakh
2841,18,9,0.09824561403508772,0.00378083111007467,0.18774806930456067,0.00011806386875146741,1,,Johanna Beyer
4250,21,9,0.09824561403508772,0.003783273184421391,0.18832622381295397,0.00012330413335625854,1,incoming,Nam Wook Kim
3787,21,9,0.09824561403508772,0.026252673263302967,0.18909240047614742,0.0001213178918148189,1,,Markus Hadwiger
6542,22,9,0.09824561403508772,0.023420064168510772,0.20716220376643357,0.0002404949197565099,1,,Zhicheng Liu
2259,27,9,0.09824561403508772,0.01636680190510353,0.19774894501802687,0.0001952588700284506,1,,Hendrik Strobelt
2182,65,9,0.09824561403508772,0.07024445093037414,0.21638227205324506,0.0003797173846146649,0,,Hanspeter Pfister
3057,1,10,0.10650281618023553,0.0,0.11173889805999865,3.992824101613068e-07,1,incoming,Jun Han 0010
1311,1,10,0.10650281618023553,0.0,0.10431571962706938,3.5550251350801615e-07,2,outgoing,David Schroeder
6207,2,10,0.10650281618023553,0.0,0.11606960352871101,5.543949746468658e-07,2,outandin,Xin Tong
844,2,10,0.10650281618023553,0.0,0.11606960352871101,5.543949746468658e-07,2,outandin,Cheng Li
288,2,10,0.10650281618023553,0.0,0.10183810700490148,3.4578607040864195e-07,2,outandin,Andrew H. Stevens
5698,2,10,0.10650281618023553,0.0,0.10183810700490148,3.4578607040864195e-07,2,outgoing,Thomas Butkiewicz
4913,2,10,0.10650281618023553,0.0,0.148703967356786,2.605809703983861e-05,2,outgoing,Richen Liu
2187,3,10,0.10650281618023553,0.0,0.12157070526531973,1.1402121504290664e-06,2,outandin,Hao Yang 0007
2203,4,10,0.10650281618023553,0.0,0.11609279657567448,1.1406054072244184e-06,1,incoming,Haoyu Li
875,4,10,0.10650281618023553,0.0,0.11609279657567448,1.1406054072244184e-06,2,outandin,Ching-Shan Chou
1168,4,10,0.10650281618023553,0.0,0.11939712298868947,4.8292377936530154e-06,2,outandin,Daniel Orban
2721,4,10,0.10650281618023553,0.0,0.14878012815952957,3.01581700384161e-05,2,outgoing,Jiang Zhang 0002
1729,4,10,0.10650281618023553,0.0,0.14878012815952957,3.01581700384161e-05,2,outgoing,Fan Hong
2046,4,10,0.10650281618023553,0.0006496546253009512,0.12333858411271902,1.5271102399192833e-06,2,outandin,Guang Lin
6315,4,10,0.10650281618023553,0.0,0.12925170199398509,3.1968976885975393e-06,2,outgoing,Yi Gu
4968,4,10,0.10650281618023553,0.0,0.12925170199398509,3.1968976885975393e-06,2,outandin,Robert L. Jacob
774,4,10,0.10650281618023553,0.0,0.12925170199398509,5.18141335973402e-06,2,outandin,Carolyn L. Phillips
1432,4,10,0.10650281618023553,0.0,0.12925170199398509,5.18141335973402e-06,2,outandin,Dmitry A. Karpeyev
253,4,10,0.10650281618023553,0.0,0.12925170199398509,5.18141335973402e-06,2,outandin,Andreas Glatz
5064,5,10,0.10650281618023553,0.0,0.11623214973751385,5.140175672964758e-06,1,incoming,Roxana Bujack
5668,5,10,0.10650281618023553,0.0,0.11623214973751385,5.140175672964758e-06,2,outandin,Terece L. Turton
1012,5,10,0.10650281618023553,0.0,0.11610439657533232,8.076842634764369e-07,2,outandin,Chun-Ming Chen
2030,5,10,0.10650281618023553,0.0,0.11610439657533232,8.076842634764369e-07,2,outandin,Gregory Heinlein
230,5,10,0.10650281618023553,0.0,0.11610439657533232,8.373306094559324e-07,4,outandin,Anbang Xu
2115,5,10,0.10650281618023553,0.0,0.11610439657533232,8.373306094559324e-07,2,outandin,Haibin Liu
4793,5,10,0.10650281618023553,0.0,0.11610439657533232,8.373306094559324e-07,2,outandin,Rama Akkiraju
3768,5,10,0.10650281618023553,0.0,0.1332232057929289,5.7222770587439624e-05,2,outgoing,Mark R. Petersen
234,5,10,0.10650281618023553,0.0,0.1332232057929289,5.7222770587439624e-05,2,outandin,Andre Schmeißer
2904,5,10,0.10650281618023553,0.0,0.1332232057929289,5.7222770587439624e-05,2,outandin,John Patchett
2161,5,10,0.10650281618023553,0.0,0.1332232057929289,5.7222770587439624e-05,0,,Hans Hagen
5419,6,10,0.10650281618023553,6.143351419359911e-07,0.11611599889336723,9.012513761784168e-07,2,outgoing,Soumya Dutta
2646,6,10,0.10650281618023553,6.143351419359911e-07,0.11611599889336723,9.012513761784168e-07,2,outandin,Jen-Ping Chen
3059,6,10,0.10650281618023553,0.0,0.12929484821697185,3.856668042578718e-06,1,incoming,Jun Tao 0002
3821,6,10,0.10650281618023553,0.0,0.12929484821697185,3.856668042578718e-06,2,outandin,Martin Imre
4367,6,10,0.10650281618023553,0.0,0.12929484821697185,3.856668042578718e-06,2,outandin,Nitesh V. Chawla
1983,6,10,0.10650281618023553,0.0,0.12929484821697185,3.856668042578718e-06,2,outandin,Gokhan Sever
6038,7,10,0.10650281618023553,0.0,0.1334373910112455,6.899510935941465e-06,1,incoming,Wenbin He
4224,7,10,0.10650281618023553,0.0,0.1334373910112455,6.899510935941466e-06,2,outandin,Mukund Raj
6400,7,10,0.10650281618023553,0.0,0.1334373910112455,6.899510935941466e-06,2,outandin,Youssef S. G. Nashed
5561,7,10,0.10650281618023553,0.00014210150416536237,0.11802669384722458,1.5787303257562355e-06,2,outandin,Subhashis Hazarika
3464,7,10,0.10650281618023553,0.00022317932341283072,0.12162160361376657,1.405565124435064e-06,1,,Liang Gou
1051,7,10,0.10650281618023553,0.0018966201291042055,0.11625540779649085,5.18089892559582e-06,4,outandin,Colin Ware
2959,7,10,0.10650281618023553,0.01872690393882778,0.15727839752651948,0.0006832511164847936,1,,Jonathan Woodring
5264,8,10,0.10650281618023553,0.0,0.1044282197291207,1.1658279994228102e-06,2,outandin,Seth Johnson
2012,8,10,0.10650281618023553,0.0,0.1044282197291207,1.1658279994228102e-06,4,outgoing,Greg Abram
1167,8,10,0.10650281618023553,0.0,0.1044282197291207,1.1658279994228102e-06,2,outandin,Daniel Olson
291,8,10,0.10650281618023553,0.0,0.1044282197291207,1.1658279994228102e-06,2,outandin,Andrew J. Solis
699,8,10,0.10650281618023553,0.0,0.1044282197291207,1.1658279994228102e-06,2,outandin,Bridger Herman
4644,8,10,0.10650281618023553,0.0,0.1044282197291207,1.1658279994228102e-06,2,outandin,Phillip J. Wolfram
960,8,10,0.10650281618023553,0.0,0.1044282197291207,1.1658279994228102e-06,2,outandin,Christophe Lenglet
471,8,10,0.10650281618023553,0.00472176249205059,0.12460834326283388,5.618150334406695e-06,1,,Ayan Biswas
1254,8,10,0.10650281618023553,0.0003930682928594265,0.11947077944950915,6.090300927706673e-06,4,outandin,David H. Rogers 0001
5266,9,10,0.10650281618023553,4.356194642818847e-06,0.12933802325533458,6.3038232815081755e-06,2,outandin,Seung Hyun Kim
3305,10,10,0.10650281618023553,0.0012658655596830804,0.1334833774756951,7.128469975704386e-06,2,outandin,Ko-Chih Wang
813,10,10,0.10650281618023553,0.0009533364429861248,0.12935242134319558,6.327530453289251e-06,1,,Chaoli Wang 0001
6191,12,10,0.10650281618023553,0.0015728163411032987,0.1234434081510598,1.962357808159158e-06,2,outandin,Xiaotong Liu
1808,13,10,0.10650281618023553,0.0025793851731366058,0.11633688435381717,5.955332800126402e-06,2,outandin,Francesca Samsel
1148,13,10,0.10650281618023553,0.005025708518029675,0.11950764176961082,5.681434789148691e-06,2,outgoing,Daniel F. Keefe
2518,13,10,0.10650281618023553,0.015065643778409804,0.13520744716382663,5.9792597526006226e-05,2,outgoing,James P. Ahrens
3076,15,10,0.10650281618023553,0.011087763553713742,0.14137642060176736,8.442997686671366e-06,1,incoming,Junpeng Wang
5832,17,10,0.10650281618023553,0.012971426339736636,0.15325412832048613,3.485062316778539e-05,2,outandin,Tom Peterka
2159,20,10,0.10650281618023553,0.014951984104183498,0.1533147909916778,3.693262014502477e-05,1,,Hanqi Guo 0001
2145,24,10,0.10650281618023553,0.012241697744001951,0.1351759889397308,8.235104990319117e-06,0,,Han-Wei Shen
3982,1,11,0.08909995477159656,0.0,0.12346964200679268,6.742884877161432e-07,2,outandin,Michael Ankele
2656,1,11,0.08909995477159656,0.0,0.14343572409899097,8.278601073065023e-06,2,outandin,Jens G. Magnus
255,1,11,0.08909995477159656,0.0,0.14343572409899097,8.278601073065023e-06,2,outandin,Andreas J. Lind
5745,2,11,0.08909995477159656,0.0,0.11555019897831403,5.6666805753258566e-08,2,outandin,Thomas Wilde
5262,2,11,0.08909995477159656,0.0,0.14345343221307727,8.831583370369824e-06,1,incoming,Sergej Stoppel
3617,2,11,0.08909995477159656,0.0,0.14345343221307727,8.831583370369824e-06,2,outandin,Magnus Paulson Erga
5773,2,11,0.08909995477159656,0.0,0.11555019897831403,5.6666805753258566e-08,2,outandin,Tim Gerrits
3628,2,11,0.08909995477159656,0.0,0.13436318234573613,8.260393657767541e-07,2,outandin,Maik Schulze
922,3,11,0.08909995477159656,3.3509189560144973e-07,0.11556169079322984,6.002593234977314e-08,4,outandin,Christian Rössl
244,3,11,0.08909995477159656,0.0,0.10134956833196039,3.865904906899057e-09,2,outgoing,Andrea Unger
4240,3,11,0.08909995477159656,0.0,0.10134956833196039,3.865904906899057e-09,2,outandin,Nadine Drager
4131,3,11,0.08909995477159656,0.0,0.10134956833196039,3.865904906899057e-09,2,outgoing,Mike Sips
1665,3,11,0.08909995477159656,0.0,0.14387974256140737,6.692647572735236e-06,2,outandin,Erik Trostmann
3301,3,11,0.08909995477159656,0.0,0.14387974256140737,6.692647572735236e-06,2,outandin,Klaus Hildebrandt
5461,3,11,0.08909995477159656,0.0,0.14089642305395003,2.969504955361512e-06,2,outgoing,Steffen Oeltze-Jafra
3021,3,11,0.08909995477159656,0.0,0.14089642305395003,2.969504955361512e-06,2,outandin,Juan R. Cebral
2094,3,11,0.08909995477159656,0.0,0.14089642305395003,2.969504955361512e-06,2,outgoing,Gábor Janiga
208,3,11,0.08909995477159656,0.0,0.12349588701519033,7.777163611407936e-07,2,outandin,Amin Abbasloo
5962,3,11,0.08909995477159656,0.0,0.12349588701519033,7.777163611407936e-07,2,outandin,Vitalis Wiens
338,3,11,0.08909995477159656,0.0,0.12349588701519033,7.777163611407936e-07,2,outandin,Anja C. Schunke
4851,3,11,0.08909995477159656,0.0,0.12349588701519033,7.777163611407936e-07,6,outandin,Reinhard Klein
4552,4,11,0.08909995477159656,0.0,0.14384411994626467,4.529369460430918e-06,1,incoming,Pepe Eulzer
5159,4,11,0.08909995477159656,0.0,0.14384411994626467,4.529369460430918e-06,2,outandin,Sandy Engelhardt
4358,4,11,0.08909995477159656,0.0,0.14384411994626467,4.529369460430918e-06,2,outandin,Nils Lichtenberg
4769,4,11,0.08909995477159656,0.0,0.14384411994626467,4.529369460430918e-06,2,outandin,Raffaele De Simone
1425,4,11,0.08909995477159656,0.0028429196422826994,0.11560768091990109,5.3615280723975555e-08,1,,Dirk J. Lehmann
5151,4,11,0.08909995477159656,0.0,0.14389756048618277,7.294998346296835e-06,2,outandin,Samuel Voß
4406,4,11,0.08909995477159656,0.0,0.14389756048618277,7.294998346296835e-06,2,outgoing,Oliver Beuing
804,4,11,0.08909995477159656,0.0,0.14522844655992076,1.0466890787534907e-05,2,outandin,Changgong Zhang
4859,4,11,0.08909995477159656,0.0,0.14405812062062062,6.99447870613662e-06,2,outandin,Renata G. Raidou
3813,4,11,0.08909995477159656,0.0,0.14405812062062062,6.99447870613662e-06,2,outgoing,Martin Eisemann
3673,4,11,0.08909995477159656,0.0,0.14405812062062062,6.99447870613662e-06,2,outgoing,Marcel Breeuwer
5000,5,11,0.08909995477159656,0.0,0.13430106344497525,1.0336278554480157e-06,2,outandin,Robin Bader
4074,5,11,0.08909995477159656,0.0,0.13430106344497525,1.0336278554480157e-06,2,outandin,Michael Sprenger
4353,5,11,0.08909995477159656,0.0,0.13430106344497525,1.0336278554480157e-06,2,outandin,Nikolina Ban
5445,5,11,0.08909995477159656,0.0,0.13430106344497525,1.0336278554480157e-06,2,outandin,Stefan Rüdisühli
957,5,11,0.08909995477159656,0.0,0.13430106344497525,1.0336278554480157e-06,2,outandin,Christoph Schär
4627,5,11,0.08909995477159656,0.0,0.14878012815952957,8.120132547211476e-06,2,outandin,Philipp Berg
4792,5,11,0.08909995477159656,0.0,0.14878012815952957,8.120132547211476e-06,2,outandin,Ralph Wickenhöfer
2545,5,11,0.08909995477159656,0.0,0.14407598275584946,8.076908505675292e-06,2,outgoing,Jan C. van Gemert
5957,5,11,0.08909995477159656,0.0,0.14302964068512136,5.909254834203307e-06,2,outandin,Vincent van Unen
1863,5,11,0.08909995477159656,0.0,0.14302964068512136,5.909254834203307e-06,2,outandin,Frits Koning
3928,5,11,0.08909995477159656,1.340367582405799e-06,0.12352214318336621,8.696039341677779e-07,2,outandin,Max Hermann
2300,6,11,0.08909995477159656,0.006623091316562654,0.13447202880753684,8.394941184505324e-07,2,outgoing,Holger Theisel
4514,6,11,0.08909995477159656,0.0,0.1439332095783384,1.058754360929089e-05,2,outgoing,Paul Klemm
5886,6,11,0.08909995477159656,0.0,0.1439332095783384,1.058754360929089e-05,2,outandin,Uli Niemann
3196,6,11,0.08909995477159656,0.0,0.1439332095783384,1.058754360929089e-05,2,outgoing,Katrin Hegenscheid
2271,6,11,0.08909995477159656,0.0,0.1439332095783384,1.058754360929089e-05,2,outgoing,Henry Völzke
3041,7,11,0.08909995477159656,0.0,0.14411172031823463,9.236209034453646e-06,2,outandin,Julian Thijssen
140,7,11,0.08909995477159656,0.0,0.14411172031823463,9.236209034453646e-06,2,outandin,Alexander Mordvintsev
488,7,11,0.08909995477159656,0.0,0.14411172031823463,9.236209034453646e-06,2,outandin,Baldur van Lew
4210,7,11,0.08909995477159656,7.147435209311738e-05,0.14881823782350487,8.982569866383494e-06,1,incoming,Monique Meuschke
4377,7,11,0.08909995477159656,0.0,0.15429196666125694,2.2257976172909352e-05,2,outandin,Noeska N. Smit
359,7,11,0.08909995477159656,0.0,0.15429196666125694,2.2257976172909352e-05,2,outandin,Annelot Kraima
3682,7,11,0.08909995477159656,0.0,0.15429196666125694,2.2257976172909352e-05,2,outandin,Marco C. DeRuiter
2277,7,11,0.08909995477159656,0.0,0.15429196666125694,2.2257976172909352e-05,2,outandin,Hessam Sokooti
5615,8,11,0.08909995477159656,0.0009028878162717405,0.16673451010559992,3.6916292715371355e-05,2,outgoing,Sylvia Saalfeld
4332,10,11,0.08909995477159656,1.8030731438223366e-05,0.14416535991636797,1.0411333228746846e-05,2,outandin,Nicola Pezzotti
5712,10,11,0.08909995477159656,1.8030731438223366e-05,0.14416535991636797,1.0411333228746846e-05,1,,Thomas Höllt
645,10,11,0.08909995477159656,1.8030731438223366e-05,0.14416535991636797,1.0411333228746846e-05,1,,Boudewijn P. F. Lelieveldt
5738,10,11,0.08909995477159656,0.005678467262862167,0.14533743601324903,1.0741871528385135e-05,2,outgoing,Thomas Schultz 0001
5806,14,11,0.08909995477159656,0.016068058420213558,0.16049348079087375,1.2277040196658528e-05,1,,Tobias Günther
576,19,11,0.08909995477159656,0.008801211926315625,0.1700530954084481,4.1315418196278774e-05,2,outgoing,Bernhard Preim
5434,20,11,0.08909995477159656,0.016524860353085064,0.17381792085653341,0.00013222688541413295,1,,Stefan Bruckner
1597,23,11,0.08909995477159656,0.004739997504449832,0.15689613839129432,4.0495417630026906e-05,1,incoming,Elmar Eisemann
354,24,11,0.08909995477159656,0.013738498487386588,0.17311871289122852,5.6992868178362134e-05,2,outgoing,Anna Vilanova
3129,28,11,0.08909995477159656,0.01831350831980536,0.17433950501514267,5.854450151147795e-05,1,,Kai Lawonn
2968,2,12,1.0,0.0,0.0011574074074074073,8.364742661475062e-129,2,outandin,Jorge A. Wagner Filho
6130,2,12,1.0,0.0,0.0011574074074074073,8.364742661475062e-129,2,outandin,Wolfgang Stuerzlinger
3554,2,12,1.0,0.0,0.0011574074074074073,8.364742661475062e-129,4,outandin,Luciana Porcher Nedel
2727,1,13,0.09730848861283643,0.0,0.15472340891157468,0.0005489860215410928,1,incoming,Jianping Kelvin Li
3016,2,13,0.09730848861283643,0.0,0.15474401397335544,0.000585611191764539,1,,Joyce Ma
2647,2,13,0.09730848861283643,0.0,0.15474401397335544,0.000585611191764539,1,,Jennifer Frazier
4144,2,13,0.09730848861283643,0.0,0.15474401397335544,0.000585611191764539,2,outandin,Min Shih
833,2,13,0.09730848861283643,0.0,0.15474401397335544,0.000585611191764539,2,outandin,Charles Rozhon
5655,2,13,0.09730848861283643,0.0,0.15474401397335544,0.0006142269800327985,1,,Tarik Crnovrsanin
4395,3,13,0.09730848861283643,3.3509189560144973e-07,0.15476462452396456,0.0010433180561459704,2,outandin,Oh-Hyun Kwon
6501,3,13,0.09730848861283643,0.0,0.17229727178616933,0.00034512835500409615,1,incoming,Zeng Dai
3312,3,13,0.09730848861283643,0.0,0.1813315856625977,7.17192405010146e-05,2,outgoing,Konstantinos Efstathiou 0001
6250,3,13,0.09730848861283643,0.0,0.15476462452396456,0.0007095801517905332,2,outandin,Xue Wu
5588,3,13,0.09730848861283643,0.0,0.15476462452396456,0.0007095801517905332,2,outandin,Susan M. Mniszewski
111,3,13,0.09730848861283643,0.0,0.1367670434234847,0.005634599404174556,2,outandin,Alberto Gonzalez
2593,3,13,0.09730848861283643,0.0,0.1367670434234847,0.005634599404174556,4,outandin,Jason Leigh
1874,4,13,0.09730848861283643,0.0,0.18933889537655627,0.000647565658934073,1,incoming,Furui Cheng
209,4,13,0.09730848861283643,0.0,0.1815866230545282,0.00022162245668544373,2,outandin,Amin Jourabloo
3648,4,13,0.09730848861283643,0.0,0.1815866230545282,0.00022162245668544373,2,outandin,Mao Ye
6181,4,13,0.09730848861283643,0.0,0.1815866230545282,0.00022162245668544373,2,outandin,Xiaoming Liu 0002
5328,5,13,0.09730848861283643,0.0,0.17358422481713862,0.0014702992536729659,1,incoming,Shilpika
4800,5,13,0.09730848861283643,0.0,0.16953206899998918,0.0002804809942166667,1,incoming,Ran Chen
1756,5,13,0.09730848861283643,0.0,0.16953206899998918,0.0002804809942166667,2,outgoing,Feiran Wu
2792,5,13,0.09730848861283643,0.0,0.16953206899998918,0.0002804809942166667,2,outandin,Jingmin Chen
5645,5,13,0.09730848861283643,0.0,0.18187084065204662,0.0003361724206811354,1,incoming,Tan Tang
5126,5,13,0.09730848861283643,0.0,0.18187084065204662,0.0003361724206811354,2,outandin,Sadia Rubab
2755,5,13,0.09730848861283643,0.0,0.18187084065204662,0.0003361724206811354,2,outandin,Jiewen Lai
4689,5,13,0.09730848861283643,0.0,0.15776955884941288,0.0067065332485887865,2,outandin,Preeti Malakar
5928,5,13,0.09730848861283643,0.0,0.15776955884941288,0.0067065332485887865,4,outandin,Venkatram Vishwanath
2689,6,13,0.09730848861283643,0.0,0.16970538935678778,0.0003658086145900758,2,outandin,Ji Lan
855,6,13,0.09730848861283643,0.0,0.16970538935678778,0.0003658086145900758,2,outandin,Chenyang Ji
5760,6,13,0.09730848861283643,0.0,0.17095377385992733,0.001273663098469476,2,outandin,Tianyi Lao
6439,6,13,0.09730848861283643,0.0,0.1840311689778153,0.0006522948935757018,1,incoming,Yuhong Li
2703,7,13,0.09730848861283643,0.0,0.17926146265441623,0.0005731819315480432,2,outandin,Jiahui Chen
6541,7,13,0.09730848861283643,0.0,0.17926146265441623,0.0005731819315480432,2,outandin,Zhibin Wang
367,7,13,0.09730848861283643,0.0,0.16958155296642236,0.00044355440289540804,2,outandin,Anqi Cao
6527,7,13,0.09730848861283643,0.0,0.16958155296642236,0.00044355440289540804,1,incoming,Zheng Zhou
2317,7,13,0.09730848861283643,0.0,0.17851786771023598,0.0007357619513040405,1,incoming,Hongye Liang
5342,7,13,0.09730848861283643,0.0,0.17851786771023598,0.0007357619513040405,1,incoming,Shoubin Cheng
5086,7,13,0.09730848861283643,0.0,0.17097892891788197,0.0013898678380865408,2,outandin,Rusheng Pan
3283,7,13,0.09730848861283643,0.000702649459952324,0.15781241354419745,0.007369422109841208,1,incoming,Khairi Reda
2029,7,13,0.09730848861283643,0.0,0.1548471216585722,0.0009679605257703623,2,outandin,Gregory Guterman
2218,7,13,0.09730848861283643,0.0,0.1548471216585722,0.0009679605257703623,2,outandin,Harris A. Lewin
1360,7,13,0.09730848861283643,0.0,0.1548471216585722,0.0009679605257703623,2,outandin,Denis M. Larkin
2474,7,13,0.09730848861283643,0.0,0.1548471216585722,0.0009679605257703623,2,outandin,Jaebum Kim
2710,7,13,0.09730848861283643,0.0,0.1548471216585722,0.0009679605257703623,2,outandin,Jian Ma 0004
3805,7,13,0.09730848861283643,0.0,0.1548471216585722,0.0009679605257703623,2,outandin,Marta Farre
2314,7,13,0.09730848861283643,0.0,0.1914918920444835,0.0008702103078560905,2,outandin,Hongsen Liao
3460,7,13,0.09730848861283643,0.0,0.1914918920444835,0.0008702103078560905,3,incoming,Li Chen
5723,7,13,0.09730848861283643,0.0,0.1914918920444835,0.0008702103078560905,2,outandin,Thomas M. Hamill
3149,7,13,0.09730848861283643,0.0,0.1914918920444835,0.0008702103078560905,2,outandin,Kan Dai
1469,8,13,0.09730848861283643,4.636127021720352e-05,0.19333990032045356,0.000955599480643491,1,incoming,Dongyu Liu
6254,8,13,0.09730848861283643,2.2339459706763314e-07,0.17100409137982722,0.0014649551686690477,1,incoming,Xumeng Wang
2352,8,13,0.09730848861283643,2.2339459706763314e-07,0.17100409137982722,0.0014649551686690477,2,outandin,Huihua Guan
6049,8,13,0.09730848861283643,2.2339459706763314e-07,0.17100409137982722,0.0014649551686690477,2,outandin,Wenlong Chen
3490,8,13,0.09730848861283643,0.013952268921418048,0.19644510582010583,0.00038505221804307853,1,,Lingyun Yu 0001
5636,10,13,0.09730848861283643,0.007257434028624521,0.17659161108296745,0.007292470216714304,1,incoming,Takanori Fujiwara
6587,10,13,0.09730848861283643,0.00019541932883029335,0.1793444668816061,0.00062304061568524,1,incoming,Zikun Deng
2744,10,13,0.09730848861283643,0.00017121500206673378,0.19340426113946835,0.0009224325500196832,1,incoming,Jie Bao 0003
6406,10,13,0.09730848861283643,0.00017121500206673378,0.19340426113946835,0.0009224325500196832,1,incoming,Yu Zheng 0004
3217,10,13,0.09730848861283643,5.674222765517881e-06,0.16980458876602747,0.0005152826786537175,2,outandin,Kejian Zhao
1338,10,13,0.09730848861283643,0.00011141029133701332,0.17860018458744634,0.000818830394151518,1,incoming,Dazhen Deng
6160,10,13,0.09730848861283643,0.00011141029133701332,0.17860018458744634,0.000818830394151518,1,incoming,Xiao Xie
2695,12,13,0.09730848861283643,0.0006276948637932203,0.1857967382356773,0.0022839583249812286,2,outandin,Jia-Kai Chou
6219,12,13,0.09730848861283643,0.0011349149400860803,0.17015270184886894,0.00047878730336198613,1,incoming,Xinhuan Shu
1392,13,13,0.09730848861283643,0.0007308291815490922,0.19350088275202762,0.00097229123415688,1,incoming,Di Weng
2698,13,13,0.09730848861283643,0.00040778775533710065,0.1788475913384525,0.0008905586699098273,1,incoming,Jiachen Wang
4447,14,13,0.09730848861283643,0.019848203210636108,0.20099858172045076,0.0023365516405480353,1,,Panpan Xu
882,16,13,0.09730848861283643,0.005485905820341992,0.17222066117176907,0.00185557763101662,1,incoming,Chris Bryan
2351,18,13,0.09730848861283643,0.001782352705372578,0.19202987951180397,0.001261739360082575,1,incoming,Hui Zhang 0051
4857,25,13,0.09730848861283643,0.05299315068338858,0.21391251857988328,0.002800567652272707,3,incoming,Ren Liu
3348,32,13,0.09730848861283643,0.04698520278347078,0.1906748934896498,0.008778183059949566,0,,Kwan-Liu Ma
6347,36,13,0.09730848861283643,0.021143739830966093,0.21351944155198935,0.002297944079273423,1,,Yingcai Wu
4339,3,14,0.1229260935143288,0.0,0.1502033093234134,1.4742324248169947e-05,1,incoming,Nicole Sultanum
1388,3,14,0.1229260935143288,0.0,0.1502033093234134,1.4742324248169947e-05,2,outandin,Devin Singh
83,3,14,0.1229260935143288,0.0,0.13414601719301844,4.939978503528196e-06,2,outandin,Akhilesh Camisetty
796,3,14,0.1229260935143288,0.0,0.13414601719301844,4.939978503528196e-06,2,outandin,Chaitanya Chandurkar
1269,3,14,0.1229260935143288,0.0,0.13414601719301844,4.939978503528196e-06,2,outgoing,David Koop
1810,3,14,0.1229260935143288,0.0,0.1596993953993851,6.534284632780714e-05,1,incoming,Francine Chen 0001
4475,3,14,0.1229260935143288,0.0,0.1596993953993851,6.534284632780714e-05,2,outandin,Patrick Chiu
5130,3,14,0.1229260935143288,0.0,0.13754412889748174,1.2041366256064546e-06,2,outandin,Sai Prashanth Dasari
5171,3,14,0.1229260935143288,0.0,0.13754412889748174,1.2041366256064546e-06,2,outandin,Santhosh Nandhakumar
965,3,14,0.1229260935143288,0.0,0.13754412889748174,1.2041366256064546e-06,2,outgoing,Christopher Andrews
2743,3,14,0.1229260935143288,0.0,0.18514544310483205,7.340270646085943e-05,2,outgoing,Jibonananda Sanyal
4549,3,14,0.1229260935143288,0.0,0.14481216362486612,6.147960220232062e-06,2,outandin,Peng Mi
5189,3,14,0.1229260935143288,0.0,0.16512331972799857,1.6453531857421954e-05,2,outandin,Sarang Joshi
3400,4,14,0.1229260935143288,0.0,0.13819847775046692,1.8824476984485279e-06,2,outgoing,Lauren Bradel
3205,5,14,0.1229260935143288,0.0,0.15934898531622682,8.727428507609875e-05,2,outandin,Ke Wu
6429,5,14,0.1229260935143288,0.0,0.15934898531622682,8.727428507609873e-05,2,outandin,Yue Li
6111,5,14,0.1229260935143288,0.0,0.15934898531622682,8.727428507609873e-05,2,outandin,Winter Wei
3282,5,14,0.1229260935143288,0.0,0.15934898531622682,8.727428507609873e-05,2,outandin,Khai N. Truong
2457,5,14,0.1229260935143288,0.0,0.1382149162514483,2.045873347016927e-06,2,outandin,J. T. Fry
6544,5,14,0.1229260935143288,0.0,0.16326721946408965,0.00019815687097844017,2,outandin,Zhicong Lu
4105,5,14,0.1229260935143288,0.0,0.16326721946408965,0.00019815687097844017,2,outandin,Michelle Annett
2377,5,14,0.1229260935143288,0.0,0.1382149162514483,2.336808167514291e-06,2,outandin,Ian Crandell
176,5,14,0.1229260935143288,0.0,0.15281073131587664,4.669306772834147e-05,2,outandin,Alina Gvozdik
4107,6,14,0.1229260935143288,3.3509189560144973e-07,0.1382313586635648,2.1577230378863354e-06,2,outandin,Michelle Dowling
3621,6,14,0.1229260935143288,0.0,0.15283083005733605,4.9844066961477954e-05,2,outandin,Mahdi Pakdaman Naeini
1782,6,14,0.1229260935143288,0.0,0.15283083005733605,4.9844066961477954e-05,2,outandin,Finale Doshi-Velez
2111,6,14,0.1229260935143288,0.0028429196422826994,0.16519374480038754,1.6668080606836297e-05,2,outgoing,Haeyong Chung
4569,6,14,0.1229260935143288,0.0,0.15283083005733605,5.345278448096257e-05,2,outandin,Peter Hamilton
2907,7,14,0.1229260935143288,0.0,0.15131824468367314,7.800808927203422e-06,3,incoming,John R. Goodall
794,7,14,0.1229260935143288,0.0,0.15131824468367314,7.800808927203422e-06,4,outandin,Chad A. Steed
2837,7,14,0.1229260935143288,0.0,0.15131824468367314,7.800808927203422e-06,2,outandin,Joel W. Reed
1878,7,14,0.1229260935143288,0.0,0.15131824468367314,7.800808927203422e-06,1,incoming,G. David Richardson
3222,7,14,0.1229260935143288,0.0,0.15131824468367314,7.800808927203422e-06,2,outandin,Kelly M. T. Huffer
4930,7,14,0.1229260935143288,0.0,0.15131824468367314,7.800808927203422e-06,2,outandin,Robert A. Bridges
2578,7,14,0.1229260935143288,0.0,0.15131824468367314,7.800808927203422e-06,2,outandin,Jason A. Laska
5199,7,14,0.1229260935143288,6.701837912028995e-07,0.13824780498821249,2.5865856065915822e-06,2,outgoing,Scotland Leman
4270,7,14,0.1229260935143288,0.00033450163550483166,0.14488438914288354,6.761251834234026e-06,1,,Naren Ramakrishnan
5375,7,14,0.1229260935143288,8.699682418939287e-05,0.16379656060416212,0.00010697149539581003,2,outandin,Simon Breslav
2880,8,14,0.1229260935143288,1.4520648809396155e-06,0.13826425522678795,2.6984352974609904e-06,1,,John E. Wenskovitch
3423,8,14,0.1229260935143288,1.4520648809396155e-06,0.13826425522678795,2.6984352974609904e-06,2,outgoing,Leanna House
4163,9,14,0.1229260935143288,9.984665868190158e-05,0.16335903288709772,0.00021890267368244093,1,incoming,Mingming Fan 0001
3649,9,14,0.1229260935143288,0.004873068374490893,0.16031633566858802,6.831267973642922e-05,1,,Maoyuan Sun
1638,10,14,0.1229260935143288,0.006614714019172617,0.18535217752846161,7.664911452290763e-05,1,incoming,Eric D. Ragan
2705,10,14,0.1229260935143288,0.0285480086200394,0.20598702374152206,0.0002218421136401378,1,,Jian Chen 0006
3993,11,14,0.1229260935143288,3.853414994528462e-05,0.1529314031226541,6.390941602774977e-05,1,incoming,Michael Brudno
4018,11,14,0.1229260935143288,0.001038399323429717,0.17753595124918653,0.00013734109762572646,2,outandin,Michael Glueck
474,11,14,0.1229260935143288,0.001038399323429717,0.17753595124918653,0.00013734109762572646,2,outandin,Azam Khan
893,13,14,0.1229260935143288,0.008069232296988702,0.1661147678235777,2.2254742462739785e-05,1,,Chris North 0001
1157,14,14,0.1229260935143288,0.0014034459327406297,0.1675761178145264,0.00024570904754060545,2,outandin,Daniel J. Wigdor
4608,16,14,0.1229260935143288,0.021931056553946834,0.2089127653588504,0.0003649942546585131,1,,Petra Isenberg
1738,19,14,0.1229260935143288,0.009309871514804153,0.18379829182630908,0.0001546046005344057,1,,Fanny Chevalier
2714,25,14,0.1229260935143288,0.019191176558620886,0.1976144219261779,0.0009010600695725882,1,,Jian Zhao 0010
407,3,15,0.13343253968253968,0.0,0.14404026291383737,3.2927610389003676e-05,2,outandin,Arif Ghafoor
6322,4,15,0.13343253968253968,0.0,0.14405812062062062,3.56213510903659e-05,2,outandin,Yi-Shan Lin
1116,4,15,0.13343253968253968,0.0,0.14405812062062062,3.56213510903659e-05,2,outandin,Dan Goldwasser
4218,4,15,0.13343253968253968,2.2339459706763314e-07,0.14405812062062062,3.531837642446706e-05,2,outandin,Mosab Khayat
877,5,15,0.13343253968253968,0.0,0.14407598275584946,3.833294742296258e-05,2,outandin,Chittayong Surakitbanharn
860,5,15,0.13343253968253968,0.0,0.14407598275584946,3.833294742296258e-05,2,outgoing,Cheryl Z. Qian
2786,5,15,0.13343253968253968,0.0,0.16881778307800754,0.0004116891477825018,2,outgoing,Jing Xia
6451,5,15,0.13343253968253968,0.0,0.16881778307800754,0.0004116891477825018,2,outandin,Yumeng Hou
5999,5,15,0.13343253968253968,0.0,0.16881778307800754,0.0004116891477825018,2,outandin,Wanqi Hu
6228,5,15,0.13343253968253968,0.0,0.16881778307800754,0.0004116891477825018,2,outgoing,Xinxin Huang
6171,5,15,0.13343253968253968,0.0,0.13954278863047026,0.00019926009488061886,2,outandin,Xiaoke Huang
878,5,15,0.13343253968253968,0.0,0.13954278863047026,0.00019926009488061886,2,outandin,Chong Zhang
2193,6,15,0.13343253968253968,0.0,0.16769704155374887,0.0006210421118680766,2,outandin,Haojing Jiang
2754,6,15,0.13343253968253968,6.701837912028994e-07,0.14409384932117136,4.0421804012324476e-05,2,outgoing,Jieqiong Zhao
3492,6,15,0.13343253968253968,0.0,0.1749432100159479,0.0006014434131525167,2,outandin,Linhao Meng
845,6,15,0.13343253968253968,0.0,0.1749432100159479,0.0006014434131525167,2,outandin,Cheng Tang
6562,6,15,0.13343253968253968,0.0,0.1749432100159479,0.0006014434131525167,2,outandin,Zhiyong Guo
3977,6,15,0.13343253968253968,0.0,0.1749432100159479,0.0006014434131525167,2,outandin,Miaoxin Hu
1737,6,15,0.13343253968253968,0.0,0.17242510772012554,0.0005518882513244546,2,outandin,Fangzhou Guo
1464,6,15,0.13343253968253968,0.0,0.17242510772012554,0.0005518882513244546,2,outandin,Dongming Han
2460,6,15,0.13343253968253968,0.0,0.17242510772012554,0.0005518882513244546,2,outandin,Jacheng Pan
6189,6,15,0.13343253968253968,0.0,0.17242510772012554,0.0005518882513244546,2,outandin,Xiaotao Nie
1772,6,15,0.13343253968253968,0.0,0.16923577059800843,0.0005422720921820903,2,outandin,Fenjin Ye
6469,6,15,0.13343253968253968,0.0,0.16923577059800843,0.0005422720921820903,2,outandin,Yusi Wang
6023,6,15,0.13343253968253968,0.0,0.16923577059800843,0.0005422720921820903,2,outgoing,Weifeng Chen 0002
377,6,15,0.13343253968253968,0.0,0.16923577059800843,0.0005422720921820903,2,outandin,Anthony K. H. Tung
3569,7,15,0.13343253968253968,1.3403675824057987e-06,0.14411172031823463,4.254651491898018e-05,2,outandin,Luke S. Snyder
6422,7,15,0.13343253968253968,0.0,0.16845068149114611,0.000720186401725736,1,incoming,Yuanzhe Hu
6162,8,15,0.13343253968253968,0.0,0.17015270184886894,0.0007560416771427545,2,outandin,Xiaobo Luo
6187,8,15,0.13343253968253968,0.0,0.17015270184886894,0.0007560416771427545,2,outandin,Xiaoru Lin
2129,8,15,0.13343253968253968,0.0,0.17015270184886894,0.0007560416771427545,2,outandin,Hairong Wang
6195,8,15,0.13343253968253968,0.0,0.17015270184886894,0.0007560416771427545,2,outandin,Xiaoyan Kui
6520,8,15,0.13343253968253968,0.0,0.16779390627089183,0.0005849975045260865,2,outandin,Zhaosong Huang
5319,8,15,0.13343253968253968,0.0,0.16779390627089183,0.0005849975045260865,2,outandin,Shengjie Gao
3218,8,15,0.13343253968253968,0.0,0.16779390627089183,0.0005849975045260865,2,outandin,Kejie Yu
6032,8,15,0.13343253968253968,0.0,0.16779390627089183,0.0005849975045260865,2,outandin,Weixia Xu
4158,8,15,0.13343253968253968,0.0,0.16779390627089183,0.0005849975045260865,1,incoming,MingJie Tang
4147,8,15,0.13343253968253968,0.0,0.16779390627089183,0.0005849975045260865,1,incoming,Min-Feng Zhu
4161,8,15,0.13343253968253968,0.0,0.16779390627089183,0.0005849975045260865,1,incoming,Mingliang Xu
6300,8,15,0.13343253968253968,3.4103941409480864e-06,0.16847510525241785,0.0007569185626180858,2,outandin,Yating Wei
5356,8,15,0.13343253968253968,3.4103941409480864e-06,0.16847510525241785,0.0007569185626180858,1,incoming,Shuyue Zhou
606,8,15,0.13343253968253968,3.4103941409480864e-06,0.16847510525241785,0.0007569185626180858,2,outandin,Bingru Lin
1764,8,15,0.13343253968253968,0.0,0.18591564814814815,0.0009555264675505791,1,incoming,Feng Luo
4160,8,15,0.13343253968253968,0.0,0.18591564814814815,0.0009555264675505791,2,outandin,Minghui Chen
6349,8,15,0.13343253968253968,0.0,0.18591564814814815,0.0009555264675505791,2,outandin,Yingchao Wang
6474,9,15,0.13343253968253968,0.015309907261827464,0.17027737410989535,0.000549863842430032,1,incoming,Yuxin Ma
4217,9,15,0.13343253968253968,4.579589239886479e-06,0.1441474756141826,4.6582796857106845e-05,1,incoming,Morteza Karimzadeh
5282,9,15,0.13343253968253968,0.0,0.1678181399373088,0.0006586126183902147,2,outandin,Shamal Al-Dohuki
6352,9,15,0.13343253968253968,0.0,0.1678181399373088,0.0006586126183902147,2,outandin,Yingyu Wu
1739,9,15,0.13343253968253968,0.0,0.1678181399373088,0.0006586126183902147,2,outandin,Farah Kamw
6205,9,15,0.13343253968253968,0.0,0.1678181399373088,0.0006586126183902147,2,outandin,Xin Li
1754,9,15,0.13343253968253968,0.0,0.1678181399373088,0.0006586126183902147,2,outgoing,Fei Wang 0016
2312,10,15,0.13343253968253968,0.0009229734041313692,0.18275759687416263,0.0010602231496858756,2,outgoing,Honghui Mei
2788,11,15,0.13343253968253968,0.0004708041133200368,0.1678666282759211,0.0006821849568564147,1,,Jing Yang 0001
6236,11,15,0.13343253968253968,0.0004708041133200368,0.1678666282759211,0.0006821849568564147,2,outandin,Xinyue Ye
810,11,15,0.13343253968253968,0.0004708041133200368,0.1678666282759211,0.0006821849568564147,2,outandin,Chao Ma 0023
1735,13,15,0.13343253968253968,0.0011902039199723408,0.18866257524369637,0.0011840905312352934,1,incoming,Fangfang Zhou
6314,13,15,0.13343253968253968,0.0011902039199723408,0.18866257524369637,0.0011840905312352934,2,outandin,Yi Chen 0007
2800,15,15,0.13343253968253968,0.007713175194336552,0.17518058207838472,0.0008389036597747361,2,outandin,Jinsong Wang
1306,18,15,0.13343253968253968,0.010990267739610144,0.1746539607584437,0.00044202767586038345,0,,David S. Ebert
6304,18,15,0.13343253968253968,0.0004989518325505586,0.1680365583406979,0.0009243298632883464,1,,Ye Zhao 0003
6345,24,15,0.13343253968253968,0.003207124140067612,0.1939854425585853,0.0016745711209015643,1,incoming,Ying Zhao 0001
2742,28,15,0.13343253968253968,0.018320393547931874,0.19228409745588715,0.0015760506367677465,1,incoming,Jiazhi Xia
6008,76,15,0.13343253968253968,0.08199334929813519,0.21057861560817792,0.004875601633119045,1,,Wei Chen 0001
6328,1,16,0.13122171945701358,0.0,0.12446152537766987,3.0246913349961384e-06,2,outandin,Yifan Zhang 0007
5758,3,16,0.13122171945701358,0.0,0.14225915780190082,4.011259208443213e-05,1,incoming,Tiankai Xie
3067,3,16,0.13122171945701358,0.0,0.14225915780190082,4.011259208443213e-05,2,outandin,Jundong Li
509,3,16,0.13122171945701358,0.0,0.10827178540122305,5.615273814951369e-07,2,outgoing,Bastian Rieck
5884,3,16,0.13122171945701358,0.0,0.10827178540122305,5.615273814951369e-07,2,outandin,Ulderico Fugacci
2147,4,16,0.13122171945701358,0.0,0.14375514053271382,2.9282645025696387e-05,2,outandin,Hang Su 0006
807,4,16,0.13122171945701358,0.0,0.1444880379166782,1.9290037269175596e-05,2,outandin,Changjian Chen
1733,4,16,0.13122171945701358,0.0,0.1444880379166782,1.9290037269175596e-05,2,outandin,Fang-Xin Ou-Yang
598,4,16,0.13122171945701358,0.0,0.1444880379166782,1.9290037269175596e-05,2,outandin,Bin Wang 0021
5343,5,16,0.13122171945701358,0.0,0.16138511123971194,0.00014296093710531758,1,incoming,Shouxing Xiang
6147,5,16,0.13122171945701358,0.0,0.16138511123971194,0.00014296093710531758,2,outandin,Xi Ye
941,5,16,0.13122171945701358,0.0,0.12460834326283388,4.062052053842717e-06,1,,Christoph Garth
2068,5,16,0.13122171945701358,0.0,0.12460834326283388,4.062052053842717e-06,2,outgoing,Gunther H. Weber
5770,5,16,0.13122171945701358,0.0,0.12460834326283388,4.062052053842717e-06,2,outandin,Tim Biedert
3220,5,16,0.13122171945701358,1.6754594780072487e-07,0.1437729276077612,3.41292654556462e-05,1,incoming,Kelei Cao
2724,5,16,0.13122171945701358,0.0,0.1437729276077612,3.721706686602317e-05,2,outandin,Jiannan Xiao
3074,5,16,0.13122171945701358,0.0,0.1437729276077612,3.721706686602317e-05,2,outandin,Junlin Liu
879,5,16,0.13122171945701358,0.0,0.15613716755252968,7.962465959597621e-05,2,outandin,Chongxuan Li
6243,5,16,0.13122171945701358,0.0,0.1437729276077612,2.5648115861859893e-05,2,outandin,Xizhou Zhu
4723,5,16,0.13122171945701358,0.0,0.1437729276077612,2.5648115861859893e-05,2,outandin,Qinying Liao
1873,5,16,0.13122171945701358,0.0,0.1437729276077612,2.5648115861859893e-05,2,outgoing,Furu Wei
5329,5,16,0.13122171945701358,0.0,0.1437729276077612,2.5648115861859893e-05,2,outandin,Shimei Pan
991,5,16,0.13122171945701358,0.0,0.10829196653550101,3.5605846135163885e-07,2,outandin,Christopher P. Kappe
3552,5,16,0.13122171945701358,0.0,0.10829196653550101,3.5605846135163885e-07,2,outandin,Lucas Schutz
5437,5,16,0.13122171945701358,0.0,0.10829196653550101,3.5605846135163885e-07,2,outandin,Stefan Gunther
3380,5,16,0.13122171945701358,0.0,0.10829196653550101,3.5605846135163885e-07,2,outandin,Lars Hufnagel
5460,5,16,0.13122171945701358,0.0,0.10829196653550101,3.5605846135163885e-07,2,outandin,Steffen Lemke
5276,6,16,0.13122171945701358,0.0,0.13297926309520783,7.001743940306607e-06,2,outandin,Shade T. Shutters
1769,6,16,0.13122171945701358,0.0,0.13297926309520783,7.001743940306607e-06,2,outgoing,Feng Wang 0012
5534,6,16,0.13122171945701358,0.0,0.13297926309520783,7.001743940306607e-06,2,outandin,Steven Landis
2736,6,16,0.13122171945701358,9.029466832819299e-05,0.15615815091062032,8.164963658848856e-05,2,outandin,Jiaxin Shi
5631,6,16,0.13122171945701358,0.0,0.15151555625582552,3.6298111140671716e-05,1,,Tai-Quan Peng
2784,6,16,0.13122171945701358,0.0,0.15151555625582552,3.6298111140671716e-05,2,outandin,Jing Su
487,6,16,0.13122171945701358,0.0,0.15151555625582552,3.6298111140671716e-05,4,outgoing,Baining Guo
2939,7,16,0.13122171945701358,0.0009442889618048854,0.12463507464613599,4.128549744320311e-06,1,incoming,Jonas Lukasczyk
5182,8,16,0.13122171945701358,0.0,0.13300970706569665,8.180725862662214e-06,2,outandin,Sarah Burke
2807,8,16,0.13122171945701358,0.0,0.13300970706569665,8.180725862662214e-06,2,outandin,Jiun-Yi Tsai
2228,8,16,0.13122171945701358,0.0,0.13300970706569665,8.180725862662214e-06,2,outandin,Hasan Davulcu
1485,8,16,0.13122171945701358,0.0,0.13300970706569665,8.180725862662214e-06,2,outandin,Douglas C. Montgomery
5540,8,16,0.13122171945701358,0.0,0.13300970706569665,8.180725862662214e-06,4,outandin,Steven R. Corman
2785,9,16,0.13122171945701358,0.0006659292187214454,0.16147481947275236,0.00015664863557108785,1,incoming,Jing Wu 0004
2787,9,16,0.13122171945701358,0.0059473703681487185,0.16733479276007,5.137672734802267e-05,2,outandin,Jing Yang
6270,10,16,0.13122171945701358,0.0009546825892064478,0.16623359097652732,0.00015578136744727556,1,,Yang Chen
6240,10,16,0.13122171945701358,0.000266649037915282,0.15159462503925974,5.594639431256695e-05,2,outgoing,Xiting Wang
3966,11,16,0.13122171945701358,0.0008669627928904525,0.15626315235690236,8.947219240823538e-05,1,,Mengchen Liu
3064,11,16,0.13122171945701358,0.0006841643283122862,0.15626315235690236,0.00010039420808839728,2,outandin,Jun Zhu 0001
4076,11,16,0.13122171945701358,2.513189217010873e-06,0.13305539916705897,9.425156238929414e-06,2,outandin,Michael Steptoe
2242,12,16,0.13122171945701358,0.005675786527697356,0.1247019533082127,4.233971310912979e-06,1,,Heike Leitte
2307,14,16,0.13122171945701358,0.005808584438486217,0.14566538810654706,1.2587537154564774e-05,2,outandin,Hong Wang
6259,15,16,0.13122171945701358,0.003383343784515908,0.14645485265010408,2.710831912476523e-05,1,,Yafeng Lu
5061,20,16,0.13122171945701358,0.016311934910509168,0.1467137374906472,4.808751471441496e-05,1,,Ross Maciejewski
5338,27,16,0.13122171945701358,0.015333704440468993,0.17420881573102337,0.00024045281437382488,1,,Shixia Liu
6326,2,17,0.8,0.0,0.0015432098765432098,3.749761693615295e-102,1,incoming,Yifan Wang
2734,3,17,0.8,0.0,0.001851851851851852,5.3636701004343446e-102,2,outgoing,Jiaxi Hu
2133,3,17,0.8,0.0,0.001851851851851852,5.3636701004343446e-102,2,outandin,Hajar Hamidian
6583,4,17,0.8,6.701837912028995e-07,0.0023148148148148147,6.230987023433172e-102,1,incoming,Zichun Zhong
2781,4,17,0.8,6.701837912028995e-07,0.0023148148148148147,6.230987023433172e-102,1,,Jing Hua 0001
2232,1,18,0.6,0.0,0.0013227513227513227,4.96419699526963e-114,2,outandin,Hayeong Song
5500,2,18,0.6,0.0,0.0015432098765432098,9.426842929478163e-114,2,outandin,Stephen Smart
3885,2,18,0.6,0.0,0.0015432098765432098,9.426842929478163e-114,2,outandin,Matt Whitlock
3219,3,18,0.6,3.3509189560144973e-07,0.001851851851851852,1.1984631712271707e-113,2,outandin,Keke Wu
1189,4,18,0.6,2.3456432692101482e-06,0.0023148148148148147,1.3331569121228934e-113,1,,Danielle Albers Szafir
1897,2,19,0.06829896907216494,0.0,0.13957631242353463,6.303009981205882e-06,2,outandin,Gary K. L. Tam
5963,2,19,0.06829896907216494,0.0,0.13957631242353463,6.303009981205882e-06,2,outandin,Vivek Kothari
2849,3,19,0.06829896907216494,0.0,0.15804853113791156,1.8126757013272776e-05,2,outandin,Johannes Häußler
2476,3,19,0.06829896907216494,0.0,0.1525899935556042,1.0609016578404168e-05,1,,Jaemin Jo
1867,3,19,0.06829896907216494,0.0,0.1525899935556042,1.0609016578404168e-05,2,outandin,Frédéric Vernier
3223,3,19,0.06829896907216494,0.0,0.13959308036111556,6.758495876012749e-06,2,outgoing,Kelly P. Gaither
4342,3,19,0.06829896907216494,0.0,0.13959308036111556,6.758495876012749e-06,2,outandin,Nigel W. John
673,3,19,0.06829896907216494,0.0,0.13959308036111556,6.758495876012749e-06,2,outandin,Brian C. McCann
1310,3,19,0.06829896907216494,0.0,0.15582309252057475,1.4660749237317813e-05,2,outandin,David Scarlatti
1916,3,19,0.06829896907216494,0.0,0.15582309252057475,1.4660749237317813e-05,2,outandin,Georg Fuchs
5857,3,19,0.06829896907216494,0.0,0.14815412481523982,9.881082696648141e-06,2,outgoing,Tran Minh Quan
2108,3,19,0.06829896907216494,0.0,0.14815412481523982,9.881082696648141e-06,2,outandin,Haejin Jeong
1709,3,19,0.06829896907216494,0.0,0.17510138651686646,8.077603377002176e-05,2,outgoing,Fabian Fischer 0001
3534,3,19,0.06829896907216494,0.0,0.1471596759024729,7.664429332352898e-06,2,outandin,Louis Eveillard
1846,3,19,0.06829896907216494,0.0,0.1471596759024729,7.664429332352898e-06,2,outandin,Françoise Détienne
3876,4,19,0.06829896907216494,0.0,0.16127311602025343,1.7818337742085195e-05,2,outandin,Mathieu Le Goc
5227,4,19,0.06829896907216494,0.0,0.16127311602025343,1.7818337742085195e-05,2,outandin,Sean Follmer
3085,4,19,0.06829896907216494,0.0,0.16906340767145728,8.197243731512718e-05,1,,Juri Buchmüller
1625,4,19,0.06829896907216494,0.0,0.16906340767145728,8.197243731512718e-05,1,incoming,Eren Cakmak
2982,4,19,0.06829896907216494,2.2339459706763314e-07,0.15584399154049436,1.5531873404616626e-05,2,outandin,Jose Manuel Cordero Garcia
3685,4,19,0.06829896907216494,0.0,0.17791652134832736,0.00012868278266306728,2,outandin,Marco Hutter 0002
3919,4,19,0.06829896907216494,0.0,0.17791652134832736,0.00012868278266306728,2,outandin,Matthias Zeppelzauer
1406,4,19,0.06829896907216494,0.0,0.17791652134832736,0.00012868278266306728,2,outandin,Dieter W. Fellner
2664,4,19,0.06829896907216494,0.0002028898312245301,0.15551027849651042,1.5176693876487426e-05,2,outgoing,Jeremy Boy
2180,4,19,0.06829896907216494,0.0,0.1788475913384525,0.00010253090794066141,2,outandin,Hansi Senaratne
1914,4,19,0.06829896907216494,0.0,0.1788475913384525,0.00010253090794066141,2,outgoing,Geoffrey P. Ellis
4350,5,19,0.06829896907216494,0.0,0.1731445091530213,8.080861788372296e-05,2,outandin,Niklas Weiler
2847,5,19,0.06829896907216494,0.0,0.1731445091530213,8.080861788372296e-05,2,outgoing,Johannes Fuchs 0001
1865,5,19,0.06829896907216494,0.0,0.18054269747139928,7.166442919777812e-05,1,incoming,Fritz Lekschas
4578,5,19,0.06829896907216494,0.0,0.18054269747139928,7.166442919777812e-05,2,outandin,Peter Kerpedjiev
4356,5,19,0.06829896907216494,0.0,0.18054269747139928,7.166442919777812e-05,1,,Nils Gehlenborg
1857,5,19,0.06829896907216494,0.0,0.17882006785563648,7.637917757434573e-05,2,outandin,Frederik L. Dennig
6600,5,19,0.06829896907216494,0.0,0.17882006785563648,7.637917757434573e-05,2,outandin,Zudi Lin
1724,5,19,0.06829896907216494,0.0,0.12703321317655253,3.784490299168226e-07,2,outandin,Faisal Taher
2960,5,19,0.06829896907216494,0.0,0.12703321317655253,3.784490299168226e-07,2,outandin,Jonathan Woodruff
2888,5,19,0.06829896907216494,0.0,0.12703321317655253,3.784490299168226e-07,2,outandin,John Hardy
3178,5,19,0.06829896907216494,0.0,0.12703321317655253,3.784490299168226e-07,1,,Kasper Hornbæk
2579,5,19,0.06829896907216494,0.0,0.12703321317655253,3.784490299168226e-07,2,outandin,Jason Alexander
2343,5,19,0.06829896907216494,0.0,0.13962662832563397,7.900473133315576e-06,1,incoming,Hui Fang 0003
5381,5,19,0.06829896907216494,0.0,0.13962662832563397,7.900473133315576e-06,2,outgoing,Simon J. Walton
1512,5,19,0.06829896907216494,0.0,0.13962662832563397,7.900473133315576e-06,2,outandin,E. Delahaye
2445,5,19,0.06829896907216494,0.0,0.13962662832563397,7.900473133315576e-06,2,outandin,J. Harris
1090,5,19,0.06829896907216494,0.0,0.13962662832563397,7.900473133315576e-06,2,outandin,D. A. Storchak
5658,5,19,0.06829896907216494,0.0,0.1558648961671262,1.687855444435294e-05,1,,Tatiana von Landesberger
1760,5,19,0.06829896907216494,0.0,0.1558648961671262,1.687855444435294e-05,2,outandin,Felix Brodkorb
4632,5,19,0.06829896907216494,0.0,0.1558648961671262,1.687855444435294e-05,2,outandin,Philipp Roskosch
258,5,19,0.06829896907216494,0.0,0.1558648961671262,1.687855444435294e-05,1,incoming,Andreas Kerren
4333,5,19,0.06829896907216494,0.0,0.17206764414718287,3.407695063792257e-05,1,incoming,Nicolas Heulot
5653,5,19,0.06829896907216494,0.0,0.17206764414718287,3.407695063792257e-05,2,outandin,Tara M. Madhyastha
5713,5,19,0.06829896907216494,0.0,0.17206764414718287,3.407695063792257e-05,2,outandin,Thomas J. Grabowski
4646,6,19,0.06829896907216494,0.0,0.17255313349063348,4.046130903422411e-05,2,outandin,Phong H. Nguyen
4765,6,19,0.06829896907216494,0.0,0.17255313349063348,4.046130903422411e-05,2,outandin,Rafael Henkin
4416,6,19,0.06829896907216494,0.0,0.17255313349063348,4.046130903422411e-05,2,outandin,Olivier Thonnard
2697,6,19,0.06829896907216494,0.0,0.18068306654111738,7.200877556524044e-05,2,outandin,Jiabao Li
6447,6,19,0.06829896907216494,0.0,0.17441801274781235,0.00014735084748679895,2,outandin,Yuki Asano
4005,6,19,0.06829896907216494,0.0,0.17158487904990047,8.33490684212713e-05,2,outandin,Michael Delz
3399,6,19,0.06829896907216494,0.0,0.17158487904990047,8.33490684212713e-05,2,outandin,Laura von Rüden
5046,7,19,0.06829896907216494,8.377297390036243e-07,0.18071116655146593,7.902791438692698e-05,1,,Ronell Sicat
6482,7,19,0.06829896907216494,0.00473149756589247,0.1502227279800809,4.468612070161247e-06,1,,Yvonne Jansen
3437,7,19,0.06829896907216494,0.0,0.18878518292866384,0.0003366499307440828,2,outgoing,Leishi Zhang
2862,7,19,0.06829896907216494,0.0,0.18878518292866384,0.0003366499307440828,2,outandin,John A. Lee
2459,7,19,0.06829896907216494,0.0,0.18878518292866384,0.0003366499307440828,1,incoming,Jaakko Peltonen
2850,8,19,0.06829896907216494,0.012470977810103997,0.1747064803677531,8.191799331530293e-05,2,outgoing,Johannes Kehrer
5833,8,19,0.06829896907216494,0.004300941452920699,0.1814448471152289,8.920291996662792e-05,2,outgoing,Tom Polk
3083,8,19,0.06829896907216494,0.0009476398807608999,0.18073927530345713,7.318457977390705e-05,2,outandin,Junyoung Choi
6133,8,19,0.06829896907216494,0.0009476398807608999,0.18073927530345713,7.318457977390705e-05,2,outgoing,Won-Ki Jeong
5454,8,19,0.06829896907216494,0.0,0.17457524052372686,0.00011945105206836144,2,outandin,Stefanie Schmid
5376,8,19,0.06829896907216494,0.0,0.17457524052372686,0.00011945105206836144,4,outandin,Simon Butscher
1346,8,19,0.06829896907216494,0.0,0.17457524052372686,0.00011945105206836144,2,outandin,Deborah Wahl
3171,8,19,0.06829896907216494,0.0,0.17457524052372686,0.00011945105206836144,2,outandin,Karoline Villinger
703,8,19,0.06829896907216494,0.0,0.17457524052372686,0.00011945105206836144,2,outandin,Britta Renner
1184,9,19,0.06829896907216494,0.005149475111703312,0.1923796028023056,0.00015259167997216025,2,outgoing,Daniela Oelke
5894,9,19,0.06829896907216494,0.0005663981237843298,0.1825279297715875,0.00028194713169717774,2,outgoing,Ulrik Brandes
3645,9,19,0.06829896907216494,0.0,0.17871005858596217,0.0001324112851370917,2,outgoing,Manuel Stein
2136,9,19,0.06829896907216494,0.0,0.17871005858596217,0.0001324112851370917,2,outgoing,Halldór Janetzko
261,9,19,0.06829896907216494,0.0,0.17871005858596217,0.0001324112851370917,2,outandin,Andreas Lamprecht
5749,9,19,0.06829896907216494,0.0,0.17871005858596217,0.0001324112851370917,2,outandin,Thorsten Breitkreutz
4635,9,19,0.06829896907216494,0.0,0.17871005858596217,0.0001324112851370917,2,outandin,Philipp Zimmermann
508,9,19,0.06829896907216494,0.0,0.17871005858596217,0.0001324112851370917,2,outandin,Bastian Goldlücke
4023,9,19,0.06829896907216494,0.0,0.17871005858596217,0.0001324112851370917,2,outandin,Michael Grossniklaus
3108,10,19,0.06829896907216494,0.00091314119756143,0.19020671156096347,0.0002605640697313488,1,,Jürgen Bernard
5480,10,19,0.06829896907216494,0.013386565380542996,0.194765806390534,0.0009475816443336623,4,outandin,Stephen C. North
1057,10,19,0.06829896907216494,0.010498348112304616,0.18541132933236412,0.00012008006506771798,2,outgoing,Conglei Shi
3914,11,19,0.06829896907216494,0.0008895071026553302,0.17549808200059294,0.0001764354199436361,2,outandin,Matthias Kraus
1439,11,19,0.06829896907216494,0.002940868567569179,0.17810741890342213,0.00014641995380888597,1,,Dominik Jäckle
2210,13,19,0.06829896907216494,0.0030848651194798626,0.17565726393438033,0.00012503026715925464,4,outandin,Harald Reiterer
4274,13,19,0.06829896907216494,0.001441002399540704,0.1727326893007174,4.713829048559081e-05,1,,Natalia V. Andrienko
4141,13,19,0.06829896907216494,0.009450261639752086,0.16815814774615426,9.356303980967125e-05,1,,Min Chen 0001
3989,14,19,0.06829896907216494,0.0011310199363372673,0.18198477696568927,0.000181757539405043,2,outandin,Michael Blumenschein
2612,15,19,0.06829896907216494,0.004851263657457478,0.17857273719470199,9.839337682473483e-05,1,,Jean-Daniel Fekete
4657,15,19,0.06829896907216494,0.011567672533928312,0.1824706031604783,5.880466383942296e-05,1,,Pierre Dragicevic
1443,16,19,0.06829896907216494,0.007640162832133528,0.19961738548804775,0.0004456243469893058,2,outgoing,Dominik Sacha
1909,22,19,0.06829896907216494,0.01576978394691249,0.19228409745588715,0.00016948216993067176,1,,Gennady L. Andrienko
5815,28,19,0.06829896907216494,0.012871376906885468,0.20173138904963991,0.0003446619101481199,1,,Tobias Schreck
3988,29,19,0.06829896907216494,0.008659197813146856,0.19353311141337873,0.00031871913571862505,2,outgoing,Michael Behrisch 0001
527,29,19,0.06829896907216494,0.025073291345527896,0.20037468545023726,0.00029212007487928933,1,incoming,Benjamin Bach
1130,46,19,0.06829896907216494,0.04380477002051302,0.21065496753551957,0.0007885119796628205,0,,Daniel A. Keim
1407,0,20,0.0,0.0,0.0,1.9451833205851916e-209,2,outandin,Dietmar Offenhuber
3028,2,21,0.32967032967032966,0.0,0.10830205992412396,0.00013347397483809672,1,incoming,Jules Vidal
2987,2,21,0.32967032967032966,0.0,0.10830205992412396,0.00013347397483809672,2,outandin,Joseph Budin
4388,3,21,0.32967032967032966,0.0,0.10831215519443754,0.0001449718085749336,2,outandin,Noura Faraj
694,3,21,0.32967032967032966,0.0,0.10831215519443754,0.0001449718085749336,1,,Brian Summa
827,4,21,0.32967032967032966,0.0,0.10837276636130627,0.00015541699369143997,2,outandin,Charles Gueunet
4054,4,21,0.32967032967032966,0.0,0.10837276636130627,0.00015541699369143997,2,outandin,Michael Michaux
3030,4,21,0.32967032967032966,0.0,0.0858241229725922,1.5360102477265876e-06,2,outandin,Julia Docampo-Sánchez
2648,4,21,0.32967032967032966,0.0,0.0858241229725922,1.5360102477265876e-06,2,outandin,Jennifer K. Ryan
4956,4,21,0.32967032967032966,0.0,0.0858241229725922,1.5360102477265876e-06,3,outgoing,Robert Haimes
444,5,21,0.32967032967032966,0.0014204545454545455,0.09582490523881955,1.0752378963512932e-05,2,outandin,Ashok Jallepalli
4971,5,21,0.32967032967032966,0.0014204545454545455,0.09582490523881955,1.0752378963512934e-05,2,outgoing,Robert M. Kirby
3001,6,21,0.32967032967032966,0.00473149756589247,0.10842332751011718,0.00015668194969234244,1,,Joshua A. Levine
2063,6,21,0.32967032967032966,5.361470329623196e-06,0.10839298516100054,0.00017247209987398794,2,outandin,Guillaume Favelier
3051,9,21,0.32967032967032966,0.012252300070771409,0.124755507937076,0.0020021628767365528,1,,Julien Tierny
623,1,22,0.1694915254237288,0.0,0.08355308843934176,2.227537937461918e-06,1,incoming,Bo Ma 0002
3249,1,22,0.1694915254237288,0.0,0.11126810312419093,0.0038875257247533365,4,outandin,Kenneth Weiss 0001
1568,2,22,0.1694915254237288,0.0,0.09301735518139016,3.551045420476554e-05,1,incoming,Elham Sakhaee
177,3,22,0.1694915254237288,0.0009489802483433056,0.09302480193146473,3.56414828166489e-05,1,,Alireza Entezari
5871,3,22,0.1694915254237288,0.0028429196422826994,0.10489012465480464,0.0005325397413605507,1,,Tushar M. Athawale
3481,4,22,0.1694915254237288,0.0,0.13895871812077565,0.008223543483005531,2,outandin,Lin Yan
6470,4,22,0.1694915254237288,0.0,0.13895871812077565,0.008223543483005531,2,outandin,Yusu Wang 0001
1585,4,22,0.1694915254237288,0.0,0.13895871812077565,0.008223543483005531,2,outandin,Elizabeth Munch
1591,4,22,0.1694915254237288,0.0,0.13895871812077565,0.008223543483005531,2,outandin,Ellen Gasparovic
1770,4,22,0.1694915254237288,0.0,0.12013779993030665,0.008418368013267527,2,outandin,Feng Wang 0013
4700,4,22,0.1694915254237288,0.0,0.12013779993030665,0.008418368013267527,1,incoming,Qi Wu 0015
3339,4,22,0.1694915254237288,0.0,0.13454988431286774,0.029709928229553165,2,outandin,Kui Wu 0003
536,4,22,0.1694915254237288,0.0,0.13454988431286774,0.029709928229553165,2,outandin,Benjamin J. Isaac
6555,5,22,0.1694915254237288,0.0,0.12869341022548741,0.06267858041370075,2,outandin,Zhimin Li
5650,5,22,0.1694915254237288,0.0,0.12869341022548741,0.06267858041370075,2,outandin,Tao Li 0039
992,5,22,0.1694915254237288,0.0037878787878787876,0.12018750526747268,0.008449693156208153,2,incoming,Christopher R. Johnson 0001
1502,5,22,0.1694915254237288,0.0,0.12870766514465284,0.06197334214986718,1,incoming,Duong Hoang
5518,6,22,0.1694915254237288,0.0,0.12870766514465284,0.03284371609016046,1,incoming,Steve Petruzza
5149,6,22,0.1694915254237288,0.0,0.12870766514465284,0.03284371609016046,2,outandin,Samuel Leventhal
2891,6,22,0.1694915254237288,0.0,0.12870766514465284,0.03284371609016046,2,outandin,John J. Baglino
4000,6,22,0.1694915254237288,0.0,0.12870766514465284,0.03284371609016046,2,outandin,Michael Czabaj
440,6,22,0.1694915254237288,0.0,0.12870766514465284,0.03284371609016046,2,outandin,Ashley D. Spear
4584,6,22,0.1694915254237288,0.0009489802483433061,0.1287219232221032,0.06220201457442374,1,,Peter Lindstrom 0001
6291,6,22,0.1694915254237288,0.0,0.14173857049596558,0.08022052020250142,4,outandin,Yarden Livnat
1853,7,22,0.1694915254237288,0.0,0.1288932668803024,0.06216575179535809,1,incoming,Frederick Federer
2631,7,22,0.1694915254237288,0.0,0.1288932668803024,0.06216575179535809,2,outandin,Jeff Yarch
118,7,22,0.1694915254237288,0.0,0.1288932668803024,0.06216575179535809,1,incoming,Alessandra Angelucci
2632,7,22,0.1694915254237288,0.0,0.12852259716026168,0.01565491607616142,2,outandin,Jefferson Amstutz
776,7,22,0.1694915254237288,0.0,0.12852259716026168,0.01565491607616142,2,outandin,Carson Brownlee
2766,7,22,0.1694915254237288,0.0,0.12852259716026168,0.01565491607616142,2,outandin,Jim Jeffers
2848,7,22,0.1694915254237288,0.0,0.12852259716026168,0.01565491607616142,2,outandin,Johannes Günther 0001
4496,7,22,0.1694915254237288,0.0,0.12852259716026168,0.01565491607616142,4,outandin,Paul A. Navrátil
3125,7,22,0.1694915254237288,0.0,0.1477397076828895,0.06485860268359651,2,outandin,Kah Chun Lau
3369,7,22,0.1694915254237288,0.0,0.1477397076828895,0.06485860268359651,2,outandin,Larry A. Curtiss
5964,8,22,0.1694915254237288,0.00021973493452721057,0.14177315775084504,0.08759429202039222,2,outandin,Vivek Srikumar
2035,10,22,0.1694915254237288,0.000711756586298349,0.14041967382790643,0.04300374683942293,4,outandin,Gregory P. Johnson
4537,11,22,0.1694915254237288,1.3956577451800376e-05,0.12896479477535247,0.08784868408325734,1,incoming,Pavol Klacansky
449,13,22,0.1694915254237288,0.0020529093270820575,0.1478525004359239,0.07968573263247054,1,,Attila Gyulassy
2402,13,22,0.1694915254237288,0.003905946279495238,0.14053855840903795,0.0444911494751822,3,incoming,Ingo Wald
6067,13,22,0.1694915254237288,0.003769587894586268,0.14053855840903795,0.07333798398914416,1,incoming,Will Usher 0001
2765,15,22,0.1694915254237288,0.0,0.12883610166603016,0.2202876126678869,2,outandin,Jim Gaffney
2604,15,22,0.1694915254237288,0.0,0.12883610166603016,0.2202876126678869,2,outandin,Jayson Luc Peterson
4557,15,22,0.1694915254237288,0.0,0.12883610166603016,0.2202876126678869,2,outandin,Peter B. Robinson
687,15,22,0.1694915254237288,0.0,0.12883610166603016,0.2202876126678869,2,outandin,Brian K. Spears
1391,15,22,0.1694915254237288,0.0,0.12883610166603016,0.2202876126678869,2,outandin,Di Wang
1119,15,22,0.1694915254237288,0.0,0.12883610166603016,0.2202876126678869,2,outandin,Dan Maljovec
5087,15,22,0.1694915254237288,0.0,0.12883610166603016,0.2202876126678869,2,outandin,Rushil Anirudh
5134,15,22,0.1694915254237288,0.0,0.12883610166603016,0.2202876126678869,2,outandin,Sam Ade Jacobs
695,15,22,0.1694915254237288,0.0,0.12883610166603016,0.2202876126678869,2,outandin,Brian Van Essen
1257,15,22,0.1694915254237288,0.0,0.12883610166603016,0.2202876126678869,2,outandin,David Hysom
2472,15,22,0.1694915254237288,0.0,0.12883610166603016,0.2202876126678869,2,outandin,Jae-Seung Yeom
4007,17,22,0.1694915254237288,0.02707883650110672,0.16407410349137616,0.07715037711380046,2,outandin,Michael E. Papka
2222,18,22,0.1694915254237288,1.1616519047516924e-05,0.1288932668803024,0.2327593135567137,1,incoming,Harsh Bhatia
2602,18,22,0.1694915254237288,0.0013184096071632617,0.14194634753553945,0.23644746964892882,2,outandin,Jayaraman J. Thiagarajan
517,19,22,0.1694915254237288,0.026913135729427544,0.1672143906930387,0.10690923450671508,2,outgoing,Bei Wang 0001
5355,20,22,0.1694915254237288,0.0015435060120200979,0.1419810362812715,0.24382124146681972,2,outgoing,Shusen Liu
19,22,22,0.1694915254237288,0.009813720693196137,0.15213050548912357,0.10037022302668107,2,outgoing,Aaron Knoll
4544,32,22,0.1694915254237288,0.006283831783574308,0.14836220645121628,0.29433671953698803,1,,Peer-Timo Bremer
5917,42,22,0.1694915254237288,0.017951085618908645,0.15254992791465485,0.31445223635605524,1,,Valerio Pascucci
1476,5,23,1.0,0.0,0.0028935185185185184,6.259243568945907e-78,2,outandin,Doris Jung Lin Lee
2898,5,23,1.0,0.0,0.0028935185185185184,6.259243568945907e-78,2,outandin,John Lee 0005
5657,5,23,1.0,0.0,0.0028935185185185184,6.259243568945907e-78,2,outandin,Tarique Siddiqui
2478,5,23,1.0,0.0,0.0028935185185185184,6.259243568945907e-78,2,outandin,Jaewoo Kim
3172,5,23,1.0,0.0,0.0028935185185185184,6.259243568945907e-78,2,outandin,Karrie Karahalios
60,5,23,1.0,0.0,0.0028935185185185184,6.259243568945907e-78,2,outandin,Aditya G. Parameswaran
5211,2,24,0.15714285714285714,0.0,0.11784714005333935,2.444034955983206e-07,2,outandin,Scott Houde
5314,2,24,0.15714285714285714,0.0,0.11784714005333935,2.444034955983206e-07,2,outandin,Sheila Bonde
4772,3,24,0.15714285714285714,0.0,0.10317641634930971,1.850875838192882e-08,2,outandin,Ragini Rathore
6487,3,24,0.15714285714285714,0.0,0.10317641634930971,1.850875838192882e-08,1,incoming,Zachary Leggon
3407,3,24,0.15714285714285714,0.0,0.10317641634930971,1.850875838192882e-08,1,incoming,Laurent Lessard
3975,3,24,0.15714285714285714,0.0,0.12012538001922111,4.6453829900241243e-07,1,incoming,Mi Feng
1885,3,24,0.15714285714285714,0.0,0.1399124384016768,2.080876133071386e-06,2,outandin,Gabriel Ryan
30,3,24,0.15714285714285714,0.0,0.1399124384016768,2.080876133071386e-06,2,outandin,Abigail Mosca
1690,3,24,0.15714285714285714,0.0,0.1399124384016768,2.080876133071386e-06,1,incoming,Eugene Wu 0002
843,3,24,0.15714285714285714,0.0,0.12012538001922111,4.6453829900241243e-07,2,outandin,Cheng Deng
2330,3,24,0.15714285714285714,0.0,0.1251316822018012,4.739472475899381e-07,2,outgoing,Hua Guo
5541,3,24,0.15714285714285714,0.0,0.1251316822018012,4.739472475899381e-07,2,outgoing,Steven R. Gomez
1480,3,24,0.15714285714285714,0.0,0.13652600175372176,3.300757173979354e-06,4,outandin,Doug A. Bowman
2893,3,24,0.15714285714285714,0.0,0.13652600175372176,3.300757173979354e-06,2,outandin,John J. Socha
193,4,24,0.15714285714285714,0.0,0.10318557862764637,3.6777648466587206e-08,2,outandin,Allison T. Silverman
3610,4,24,0.15714285714285714,0.0,0.10318557862764637,3.6777648466587206e-08,2,outandin,Madeline L. Parker
457,4,24,0.15714285714285714,0.0,0.10318557862764637,3.6777648466587206e-08,2,outandin,Audrey S. Wang
3436,5,24,0.15714285714285714,0.0,0.15217035109035174,7.673975084842672e-06,1,incoming,Leilani Battle
452,5,24,0.15714285714285714,0.0,0.15217035109035174,7.673975084842672e-06,2,outandin,Audace Nakeshimana
226,5,24,0.15714285714285714,0.0,0.15217035109035174,7.673975084842672e-06,2,outandin,Ananda Montoly
4077,5,24,0.15714285714285714,0.0,0.15217035109035174,7.673975084842672e-06,2,incoming,Michael Stonebraker
1058,5,24,0.15714285714285714,0.0014174387183941324,0.11795480671261048,2.5208620323103567e-07,2,outgoing,Connor Gramazio
401,6,24,0.15714285714285714,0.0,0.1399967230031236,2.8759876447745635e-06,2,outandin,Anzu Hakone
4291,6,24,0.15714285714285714,0.0,0.1399967230031236,2.8759876447745635e-06,2,outandin,Nathan Winters
743,6,24,0.15714285714285714,0.0,0.1399967230031236,2.8759876447745635e-06,2,outandin,Caitlin Gutheil
1133,7,24,0.15714285714285714,0.0,0.14060658288067834,3.1261814075130888e-06,2,outandin,Daniel Afergan
2301,7,24,0.15714285714285714,0.0,0.14060658288067834,3.1261814075130888e-06,2,outandin,Holly A. Taylor
3159,8,24,0.15714285714285714,0.004260358360676832,0.11799073933041489,2.5539281180603935e-07,1,,Karen B. Schloss
4741,8,24,0.15714285714285714,0.00765639928354523,0.17967725389298375,6.963589702384021e-05,2,outgoing,R. Jordan Crouser
1698,9,24,0.15714285714285714,0.0009456293293872911,0.14064061981674245,3.1814941727514097e-06,2,outandin,Evan M. Peck
1252,10,24,0.15714285714285714,0.010660411865424758,0.1375929900445146,3.618698126405701e-06,2,outgoing,David H. Laidlaw
200,10,24,0.15714285714285714,1.3867147082259993e-05,0.1406576444650679,3.639605313057185e-06,1,,Alvitta Ottley
4512,10,24,0.15714285714285714,1.3867147082259993e-05,0.1406576444650679,3.639605313057185e-06,2,outandin,Paul K. J. Han
772,10,24,0.15714285714285714,0.0028719940287646635,0.14260834571992217,3.397916386013961e-06,2,outgoing,Caroline Ziemkiewicz
3368,12,24,0.15714285714285714,0.0009635175792167681,0.14069170612978882,3.694918078295506e-06,1,,Lane Harrison
4855,21,24,0.15714285714285714,0.017406444776702345,0.16862179668058713,2.8744729370396583e-05,1,,Remco Chang
3084,3,25,0.1336963097398669,0.0,0.15165398080474105,2.363780667642517e-05,1,incoming,Juraj Pálenik
4509,3,25,0.1336963097398669,0.0,0.17040222920163162,3.504038588146528e-05,2,outandin,Paul Issartel
3953,3,25,0.1336963097398669,0.0,0.17040222920163162,3.504038588146528e-05,2,outandin,Mehdi Ammi
2428,3,25,0.1336963097398669,0.0,0.1607599337196909,5.2475461754376e-05,2,outandin,Ivan Kolesár
3180,4,25,0.1336963097398669,0.0,0.14876108064600255,4.816526854911158e-05,1,incoming,Katarína Furmanová
47,4,25,0.1336963097398669,0.0,0.14876108064600255,4.816526854911158e-05,2,outandin,Adam Jurcík
572,4,25,0.1336963097398669,0.0,0.15367977792962914,5.170495093679983e-05,2,outandin,Bernhard Fröhler
423,4,25,0.1336963097398669,0.0,0.15367977792962914,5.170495093679983e-05,2,outgoing,Artem Amirkhanov
3877,4,25,0.1336963097398669,0.0,0.15670570477760296,0.00011739403602883039,2,outgoing,Mathieu Le Muzic
3735,4,25,0.1336963097398669,0.0,0.14693636835178628,1.2985806682381482e-05,2,outgoing,Mario Jelovic
3626,4,25,0.1336963097398669,0.0,0.13190745838641457,1.6862814554195649e-06,1,incoming,Mai El-Shehaly
4195,4,25,0.1336963097398669,0.0,0.13190745838641457,1.6862814554195649e-06,2,outandin,Mohamed A. Gad
2279,4,25,0.1336963097398669,0.0,0.13190745838641457,1.6862814554195649e-06,2,outandin,Hicham G. Elmongui
3646,5,25,0.1336963097398669,0.0,0.1366223163934069,7.193802364321224e-06,1,,Manuela Waldner
150,5,25,0.1336963097398669,0.0,0.1366223163934069,7.193802364321224e-06,2,outandin,Alexandra Diehl
1025,5,25,0.1336963097398669,0.0,0.1366223163934069,7.193802364321224e-06,1,incoming,Claudio Delrieux
5191,5,25,0.1336963097398669,0.0,0.17420881573102337,0.00014775239917037117,2,outandin,Sarkis Halladjian
2858,5,25,0.1336963097398669,1.6754594780072487e-07,0.1537001059425828,5.474934739917968e-05,2,outandin,Johannes Weissenböck
2840,5,25,0.1336963097398669,1.6754594780072487e-07,0.1537001059425828,5.474934739917968e-05,2,outgoing,Johann Kastner
945,5,25,0.1336963097398669,1.6754594780072487e-07,0.1537001059425828,5.474934739917968e-05,2,outgoing,Christoph Heinzl
3558,6,25,0.1336963097398669,0.0,0.15672684123629968,0.00017496786022224887,1,incoming,Ludovic Autin
1110,6,25,0.1336963097398669,0.0,0.13932527589039878,0.002824812996746972,2,outandin,Daisuke Sakurai
4425,6,25,0.1336963097398669,0.0,0.13932527589039878,0.002824812996746972,2,outandin,Osamu Saeki
5635,6,25,0.1336963097398669,0.0,0.13932527589039878,0.002824812996746972,2,outandin,Takahiro Yamamoto
1260,6,25,0.1336963097398669,0.0,0.13932527589039878,0.002824812996746972,2,outgoing,David J. Duke
5324,6,25,0.1336963097398669,0.0,0.13932527589039878,0.002824812996746972,4,outandin,Shigeo Takahashi
3712,6,25,0.1336963097398669,0.0,0.15670570477760296,6.120489654442977e-05,1,,Maria Luján Ganuza
3710,6,25,0.1336963097398669,0.0,0.15670570477760296,6.120489654442977e-05,2,outgoing,Maria Florencia Gargiulo
1887,6,25,0.1336963097398669,0.0,0.15670570477760296,6.120489654442977e-05,2,outgoing,Gabriela Ferracutti
5370,6,25,0.1336963097398669,0.0,0.15670570477760296,6.120489654442977e-05,2,outgoing,Silvia Mabel Castro
1671,6,25,0.1336963097398669,0.0,0.15670570477760296,6.120489654442977e-05,2,outgoing,Ernesto A. Bjerg
4782,7,25,0.1336963097398669,0.00023713916343844047,0.14699213167943403,1.425676314257154e-05,1,,Rainer Splechtna
5809,7,25,0.1336963097398669,9.841961838321329e-06,0.15674798339753485,0.00018620747605954205,1,incoming,Tobias Klein
3523,7,25,0.1336963097398669,0.0038702680788898695,0.19036251653439154,0.0001336515409157831,1,incoming,Lonni Besançon
1180,7,25,0.1336963097398669,0.0,0.15526093010768652,0.00017995128823276432,2,outandin,Daniel Toloudis
618,7,25,0.1336963097398669,0.0,0.15526093010768652,0.00017995128823276432,2,outandin,Blair Lyons
4589,8,25,0.1336963097398669,8.935783882705329e-07,0.15528167859493866,0.00019091186733155254,1,incoming,Peter Mindek
3363,8,25,0.1336963097398669,0.0,0.15910896904367053,0.00041532551904298397,1,incoming,Ladislav Cmolík
1576,8,25,0.1336963097398669,0.0,0.17428720577859996,0.0001638815707258645,2,outandin,Elisa De Llano
6292,8,25,0.1336963097398669,0.0,0.17428720577859996,0.0001638815707258645,2,outandin,Yasaman Ahmadi
5628,8,25,0.1336963097398669,0.0,0.17428720577859996,0.0001638815707258645,2,outandin,Tadija Kekic
2426,8,25,0.1336963097398669,0.0,0.17428720577859996,0.0001638815707258645,2,outandin,Ivan Barisic
2544,9,25,0.1336963097398669,0.0008633360587011892,0.1630839018843405,0.0001385452550115245,1,incoming,Jan Byska
2117,10,25,0.1336963097398669,1.3403675824057991e-06,0.17433950501514267,0.00020245637638000166,2,outandin,Haichao Miao
1307,10,25,0.1336963097398669,2.7115309836678687e-05,0.15915255457141841,0.00043658493992003336,3,incoming,David S. Goodsell
432,10,25,0.1336963097398669,2.7115309836678687e-05,0.15915255457141841,0.00043658493992003336,4,outandin,Arthur J. Olson
1355,11,25,0.1336963097398669,0.011381926632750495,0.14876108064600255,1.5056107137782388e-05,1,,Denis Gracanin
2139,11,25,0.1336963097398669,0.022820498016945304,0.14663967704769384,0.03083852442427568,2,outgoing,Hamish A. Carr
2004,12,25,0.1336963097398669,0.00010628906823206376,0.15919616398491931,0.0004638258014122595,2,outandin,Graham Johnson
3319,13,25,0.1336963097398669,0.005993247953177344,0.1617670612454303,7.12653546433396e-05,1,,Kresimir Matkovic
2329,14,25,0.1336963097398669,0.02093811253240674,0.1621055804863178,0.003060125875121725,2,outandin,Hsiang-Yun Wu
1270,15,25,0.1336963097398669,0.005687934847137351,0.17849044561074132,0.000507422847508462,2,outandin,David Kouril
2257,15,25,0.1336963097398669,0.021848897500321512,0.17627014577153002,0.00010695072038122186,1,,Helwig Hauser
2857,17,25,0.1336963097398669,0.001351516273263843,0.17602981380486682,0.0002728175870924199,2,outandin,Johannes Sorger
496,20,25,0.1336963097398669,0.02054842533791625,0.16604355543382765,0.0004764962700448063,1,incoming,Barbora Kozlíková
5808,23,25,0.1336963097398669,0.06796838550576716,0.20595051416624,0.00038843043837481474,1,,Tobias Isenberg 0001
2430,26,25,0.1336963097398669,0.012235204017343569,0.1836530426625456,0.0005995608671508722,1,,Ivan Viola
3590,42,25,0.1336963097398669,0.039258616282566564,0.18900013027422347,0.0006622198974815781,1,,M. Eduard Gröller
784,4,26,0.43137254901960786,0.0,0.005574845679012346,1.9898076688196736e-46,2,outandin,Cassiano Sugiyama
2948,4,26,0.43137254901960786,0.0,0.005574845679012346,1.9898076688196736e-46,2,outandin,Jonathan Komperda
332,6,26,0.43137254901960786,0.0,0.0047784391534391535,7.605880654927609e-47,1,,Angus G. Forbes
3332,6,26,0.43137254901960786,0.0,0.0047784391534391535,7.605880654927609e-47,2,outandin,Kristine Lee
6213,6,26,0.43137254901960786,0.0,0.0047784391534391535,7.605880654927609e-47,2,outandin,Xing Li
4656,6,26,0.43137254901960786,0.0,0.0047784391534391535,7.605880654927609e-47,2,outandin,Pierre Boutillier
2605,6,26,0.43137254901960786,0.0,0.0047784391534391535,7.605880654927609e-47,2,outandin,Jean Krivine
5992,6,26,0.43137254901960786,0.0,0.0047784391534391535,7.605880654927609e-47,2,outandin,Walter Fontana
309,8,26,0.43137254901960786,0.0,0.005226417824074074,5.288037250581355e-46,1,incoming,Andrew Wentzel
4570,8,26,0.43137254901960786,0.0,0.005226417824074074,5.288037250581355e-46,2,outandin,Peter Hanula
485,8,26,0.43137254901960786,0.0,0.005226417824074074,5.288037250581355e-46,2,outandin,Baher Elgohari
2276,8,26,0.43137254901960786,0.0,0.005226417824074074,5.288037250581355e-46,2,outandin,Hesham Elhalawani
2044,8,26,0.43137254901960786,0.0,0.005226417824074074,5.288037250581355e-46,1,incoming,Guadalupe Canahuate
1285,8,26,0.43137254901960786,0.0,0.005226417824074074,5.288037250581355e-46,2,outandin,David M. Vock
1039,8,26,0.43137254901960786,0.0,0.005226417824074074,5.288037250581355e-46,1,incoming,Clifton D. Fuller
303,10,26,0.43137254901960786,4.423213021939137e-05,0.006968557098765433,2.4824258590700255e-46,2,outandin,Andrew Thomas Burks
5786,11,26,0.43137254901960786,2.1110789422891334e-05,0.0072715378421900154,5.985593782619021e-46,2,outandin,Timothy Luciani
1880,11,26,0.43137254901960786,2.1110789422891334e-05,0.0072715378421900154,5.985593782619021e-46,3,,G. Elisabeta Marai
4840,2,27,0.18095238095238095,0.0,0.1569385198441283,0.0006034533517963029,2,outandin,Rebecca Faust
1247,2,27,0.18095238095238095,0.0,0.1569385198441283,0.0006034533517963029,2,outandin,David Glickenstein
4456,2,27,0.18095238095238095,0.0,0.16995360551790636,0.0006604126033094488,2,outgoing,Paolo Simonetto
4165,3,27,0.18095238095238095,0.0,0.17413049616752974,0.0006859606959584603,2,outandin,Mingwei Li
1087,3,27,0.18095238095238095,0.0,0.15695971915789894,0.0006465636343440709,2,outandin,Cícero A. L. Pahins
5224,3,27,0.18095238095238095,0.0,0.15695971915789894,0.0006465636343440709,2,outandin,Sean A. Stephens
3019,3,27,0.18095238095238095,0.0,0.15695971915789894,0.0006465636343440709,4,outandin,João Luiz Dihl Comba
5388,3,27,0.18095238095238095,0.0,0.1687687437800909,0.0006668306582897985,2,outandin,Simon Urbanek
1998,3,27,0.18095238095238095,0.0,0.1687687437800909,0.0006668306582897985,2,outandin,Gordon Woodhull
442,4,27,0.18095238095238095,0.0,0.16000727085182126,0.008282727313466806,2,outandin,Ashley Suh
4232,4,27,0.18095238095238095,0.0,0.16000727085182126,0.008282727313466806,2,outandin,Mustafa Hajij
4521,4,27,0.18095238095238095,0.0,0.16000727085182126,0.008282727313466806,1,,Paul Rosen 0001
6522,4,27,0.18095238095238095,0.0,0.1585877986796678,0.0006993585365587525,2,outandin,Zhe Wang
6391,4,27,0.18095238095238095,0.0,0.1585877986796678,0.0006993585365587525,2,outandin,Youhao Wei
22,4,27,0.18095238095238095,0.0,0.1585877986796678,0.0006993585365587525,2,outandin,Aarthy Sankari Bhaskar
818,4,27,0.18095238095238095,0.0,0.1437729276077612,5.378237524144447e-05,2,outandin,Charisee Chiw
4322,4,27,0.18095238095238095,0.0,0.1437729276077612,5.378237524144447e-05,2,outandin,Nicholas Seltzer
3367,4,27,0.18095238095238095,0.0,0.1437729276077612,5.378237524144447e-05,2,outandin,Lamont Samuels
2887,4,27,0.18095238095238095,0.0,0.1437729276077612,5.378237524144447e-05,2,outandin,John H. Reppy
1995,7,27,0.18095238095238095,0.0037878787878787876,0.17423493791062017,0.0006986232841913573,2,outgoing,Gordon L. Kindlmann
764,21,27,0.18095238095238095,0.04370672005736324,0.1940178328478754,0.009050605858747498,1,,Carlos Scheidegger
3680,1,28,0.6666666666666666,0.0,0.0010416666666666667,5.099736132405385e-125,2,outgoing,Marco Ament
5812,2,28,0.6666666666666666,0.0,0.0013020833333333333,9.458162787780721e-125,1,incoming,Tobias Rapp
953,2,28,0.6666666666666666,0.0,0.0013020833333333333,9.458162787780721e-125,1,incoming,Christoph Peters 0002
778,3,28,0.6666666666666666,1.340367582405799e-06,0.001736111111111111,1.106686846629144e-124,1,,Carsten Dachsbacher
5938,1,29,0.7,0.0,0.0013227513227513227,1.4472992049294204e-106,2,outandin,Victor Matvienko
311,3,29,0.7,0.0,0.001851851851851852,4.1123557663966757e-106,2,outandin,Andrey Krekhov
5241,3,29,0.7,0.0,0.001851851851851852,4.1123557663966757e-106,2,outandin,Sebastian Cmentowski
235,3,29,0.7,0.0,0.001851851851851852,4.1123557663966757e-106,2,outandin,Andre Waschk
2658,4,29,0.7,2.0105513736086986e-06,0.0023148148148148147,4.466553781369682e-106,2,outgoing,Jens H. Krüger
934,1,30,0.08181818181818182,0.0,0.1485328903139366,3.235153453147196e-06,1,,Christine Nothelfer
6503,1,30,0.08181818181818182,0.0,0.14436238053496409,6.554756532406574e-06,2,outandin,Zening Qu
2704,2,30,0.08181818181818182,0.0,0.11708714237463985,6.515132340592686e-08,2,outandin,Jiali Liu
4238,2,30,0.08181818181818182,0.0,0.11708714237463985,6.515132340592686e-08,2,outgoing,Nadia Boukhelifa
5920,2,30,0.08181818181818182,0.0,0.15441499015626922,7.924197220519152e-06,1,incoming,Vanessa Peña Araya
1612,2,30,0.08181818181818182,0.0,0.15441499015626922,7.924197220519152e-06,2,outgoing,Emmanuel Pietriga
3183,2,30,0.08181818181818182,0.0,0.1443803182065017,7.500560709697192e-06,2,outandin,Katharina Reinecke
370,2,30,0.08181818181818182,0.0,0.15287104340559476,2.3823586339543936e-05,2,outgoing,Anshul Vikram Pandey
2220,2,30,0.08181818181818182,0.0,0.15753427344440427,8.544465233736126e-06,2,outgoing,Harry Stavropoulos
2607,2,30,0.08181818181818182,0.0,0.1471596759024729,6.658292593613277e-06,4,outandin,Jean Scholtz
3746,2,30,0.08181818181818182,0.0,0.1471596759024729,6.658292593613277e-06,4,outandin,Mark A. Whiting
2836,3,30,0.08181818181818182,0.0,0.15611618983285314,1.0480652794573669e-05,2,outandin,Joel Shapiro
4338,3,30,0.08181818181818182,0.0,0.15998524038633155,1.1713985154635555e-05,2,outandin,Nicole Jardine
678,3,30,0.08181818181818182,0.0,0.15998524038633155,1.1713985154635555e-05,1,incoming,Brian D. Ondov
1079,3,30,0.08181818181818182,0.0,0.14857087340825034,4.190285723508387e-06,1,incoming,Cristina R. Ceja
783,3,30,0.08181818181818182,0.0,0.14857087340825034,4.190285723508387e-06,2,outandin,Casimir J. H. Ludwig
4264,3,30,0.08181818181818182,0.0,0.14089642305395003,3.90873551130685e-06,2,outandin,Nancy O'Brien
5593,3,30,0.08181818181818182,0.0,0.14089642305395003,3.90873551130685e-06,2,outandin,Susannah Burrows
1814,3,30,0.08181818181818182,0.0,0.1488372999777028,1.978886142612552e-05,2,outandin,Francis Nguyen
348,3,30,0.08181818181818182,0.0,0.15443551314804968,8.497154534902288e-06,2,outandin,Anna Gogolou
5682,3,30,0.08181818181818182,0.0,0.15443551314804968,8.497154534902288e-06,1,incoming,Theophanis Tsandilas
5677,3,30,0.08181818181818182,0.0,0.15443551314804968,8.497154534902288e-06,2,outandin,Themis Palpanas
5136,3,30,0.08181818181818182,0.0,0.1488372999777028,1.4614278959733816e-05,2,outandin,Samana Shrestha
6173,4,30,0.08181818181818182,0.0,0.1682311858876395,9.632549438343675e-05,2,outandin,Xiaoli Qiao
2599,4,30,0.08181818181818182,0.0,0.15291127792155887,2.7265665830644245e-05,2,outandin,Jay Koven
2323,4,30,0.08181818181818182,0.0,0.15291127792155887,2.7265665830644245e-05,2,outandin,Hossein Siadati
3790,4,30,0.08181818181818182,0.0,0.15291127792155887,2.7265665830644245e-05,2,outandin,Markus Jakobsson
2966,4,30,0.08181818181818182,0.0,0.15976526892972995,2.8724549410478997e-05,2,outandin,Jordan Swartz
6337,4,30,0.08181818181818182,0.0,0.15976526892972995,2.8724549410478997e-05,2,outandin,Yindalon Aphinyanagphongs
6306,4,30,0.08181818181818182,3.441939508053863e-05,0.14885636701587573,1.505750569961489e-05,1,incoming,Yea-Seul Kim
459,4,30,0.08181818181818182,0.0,0.13652600175372176,9.5810898654877e-07,2,outandin,Aurélie Cohé
510,4,30,0.08181818181818182,0.0,0.13652600175372176,9.5810898654877e-07,2,outandin,Bastien Liutkus
1646,4,30,0.08181818181818182,0.0,0.13652600175372176,9.5810898654877e-07,4,outandin,Eric Lecolinet
1700,5,30,0.08181818181818182,0.001737030656697001,0.17405224699309857,2.190611647410078e-05,1,incoming,Evanthia Dimara
1020,5,30,0.08181818181818182,0.00014460795533803098,0.15615815091062032,1.0978038923026517e-05,1,incoming,Cindy Xiong
126,5,30,0.08181818181818182,0.00018530286627974912,0.1682555460361897,9.749486655630874e-05,1,incoming,Alex Kale
2519,6,30,0.08181818181818182,0.0018966201291042055,0.13655809154141801,9.6585618067881e-07,4,outandin,James R. Eagan
1074,6,30,0.08181818181818182,0.000344092475807434,0.1612059934691906,3.172311577530896e-05,2,outandin,Cristian Felix
3010,6,30,0.08181818181818182,0.0032680086232446687,0.17199123755564327,3.5179427716579985e-05,2,outgoing,Josua Krause
2965,6,30,0.08181818181818182,0.0,0.1491238194206784,1.817708186600453e-05,2,outandin,Joon-Yong Lee
5109,6,30,0.08181818181818182,0.0,0.1491238194206784,1.817708186600453e-05,2,outandin,Ryan Wilson
4933,6,30,0.08181818181818182,0.0,0.1491238194206784,1.817708186600453e-05,2,outandin,Robert A. Lafrance
5146,6,30,0.08181818181818182,0.0,0.1491238194206784,1.8177081866004527e-05,2,outandin,Samuel H. Payne
1262,6,30,0.08181818181818182,0.0,0.17669902690479408,8.196495579590164e-05,2,outandin,David J. Israel
4089,6,30,0.08181818181818182,0.0,0.17669902690479408,8.196495579590164e-05,2,outandin,Michael Wolverton
2823,6,30,0.08181818181818182,0.0,0.17669902690479408,8.196495579590164e-05,4,outandin,Joe Bruce
5088,6,30,0.08181818181818182,0.0,0.17669902690479408,8.196495579590164e-05,2,outandin,Russ Burtner
1967,7,30,0.08181818181818182,0.0056737759763237465,0.16365814097548254,1.2285748368165748e-05,2,outandin,Gilles Bailly
3901,8,30,0.08181818181818182,0.0017114821538156526,0.17563071356195978,0.0001132594441632626,1,incoming,Matthew Kay 0001
4323,11,30,0.08181818181818182,0.0033476091414384695,0.17824402529926767,8.898622501878792e-05,4,outandin,Nick Cramer
2681,12,30,0.08181818181818182,0.005664967918096687,0.17518058207838472,0.00010439222601368474,1,,Jessica Hullman
1616,12,30,0.08181818181818182,0.012915966852539769,0.18783912074457257,0.0003458478852000566,1,,Enrico Bertini
228,13,30,0.08181818181818182,0.01329545443384747,0.19017558116627264,0.0001175692374446043,1,,Anastasia Bezerianos
409,13,30,0.08181818181818182,0.008892920901355506,0.16711819371867193,4.541438366189235e-05,2,outgoing,Aritra Dasgupta
5526,14,30,0.08181818181818182,0.011667912242696494,0.1813598877674303,5.126471792235391e-05,1,,Steven Franconeri
3329,15,30,0.08181818181818182,0.00581260596142608,0.17928912219193424,9.869098500370519e-05,4,outandin,Kristin A. Cook
840,4,31,1.0,0.0,0.0023148148148148147,2.5995086669600264e-91,2,outandin,Chen Chen
803,4,31,1.0,0.0,0.0023148148148148147,2.5995086669600264e-91,1,incoming,Changbo Wang
6248,4,31,1.0,0.0,0.0023148148148148147,2.5995086669600264e-91,2,outandin,Xue Bai
4548,4,31,1.0,0.0,0.0023148148148148147,2.5995086669600264e-91,1,incoming,Peiying Zhang
854,4,31,1.0,0.0,0.0023148148148148147,2.5995086669600264e-91,1,incoming,Chenhui Li
3157,1,32,0.46153846153846156,0.0,0.0027166923868312755,2.0650424960140403e-54,2,outandin,Kaoji Xu
3854,3,32,0.46153846153846156,0.0,0.003912037037037037,1.5124385996507292e-53,2,outandin,Marzieh Berenjkoub
5007,3,32,0.46153846153846156,0.0,0.003912037037037037,1.5124385996507292e-53,1,incoming,Rodolfo Ostilla Monico
4682,4,32,0.46153846153846156,0.0,0.0036222565157750337,4.012683534013204e-53,2,outandin,Prashant Kumar
2077,4,32,0.46153846153846156,8.042205494434794e-06,0.0040750385802469135,1.5368988097409448e-53,1,,Guoning Chen
5153,4,32,0.46153846153846156,0.0,0.0036222565157750337,4.012683534013204e-53,2,outandin,Sanaz Golbabaei
1743,7,32,0.46153846153846156,0.0,0.004890046296296296,7.666582908544179e-53,2,outandin,Fariba Khan
644,7,32,0.46153846153846156,0.0,0.004890046296296296,7.66658290854418e-53,1,incoming,Botong Qu
5326,7,32,0.46153846153846156,0.0,0.004890046296296296,7.66658290854418e-53,1,incoming,Shih-Hsuan Hung
2221,7,32,0.46153846153846156,0.0,0.004890046296296296,7.66658290854418e-53,1,,Harry Yeh
3415,9,32,0.46153846153846156,4.021102747217397e-06,0.005433384773662551,8.617179154935862e-53,1,incoming,Lawrence Roy
1691,9,32,0.46153846153846156,4.021102747217397e-06,0.005433384773662551,8.617179154935862e-53,1,,Eugene Zhang
6432,9,32,0.46153846153846156,4.021102747217397e-06,0.005433384773662551,8.617179154935862e-53,1,incoming,Yue Zhang 0009
4982,10,32,0.46153846153846156,2.412661648330438e-05,0.00611255787037037,8.206920455016276e-53,2,outgoing,Robert S. Laramee
4174,5,33,1.0,0.0,0.0028935185185185184,6.259243568945907e-78,2,outandin,Minjeong Shin
146,5,33,1.0,0.0,0.0028935185185185184,6.259243568945907e-78,2,outandin,Alexander Soen
547,5,33,1.0,0.0,0.0028935185185185184,6.259243568945907e-78,2,outandin,Benjamin T. Readshaw
5504,5,33,1.0,0.0,0.0028935185185185184,6.259243568945907e-78,2,outandin,Steve Blackburn
4191,5,33,1.0,0.0,0.0028935185185185184,6.259243568945907e-78,2,outandin,Mitchell Whitelaw
3457,5,33,1.0,0.0,0.0028935185185185184,6.259243568945907e-78,2,outandin,Lexing Xie
3526,3,34,0.1649048625792812,0.0,0.1621055804863178,1.8102389012845707e-05,2,outandin,Lorenz Linhardt
1031,3,34,0.1649048625792812,0.0,0.14324122299382716,8.729186328744482e-06,2,outandin,Clemens Arbesser
918,3,34,0.1649048625792812,0.0,0.13712211481306655,5.835924414007971e-06,2,outandin,Christian Richter
275,4,34,0.1649048625792812,0.0,0.13889227837986204,1.4176945309417918e-05,1,incoming,Andreas Walch
5145,4,34,0.1649048625792812,0.0,0.1488372999777028,9.576597394304522e-06,1,,Samuel Gratzl
5748,4,34,0.1649048625792812,0.0,0.1488372999777028,9.576597394304524e-06,2,outandin,Thomas Zichner
3800,5,34,0.1649048625792812,0.0,0.1423462943679929,4.883954444190372e-06,2,outandin,Markus Wagner 0008
107,5,34,0.1649048625792812,0.0,0.1423462943679929,4.883954444190372e-06,2,outandin,Albert Amor-Amoros
5724,5,34,0.1649048625792812,0.0001895554999908834,0.162150823461614,2.0022225252103014e-05,2,outgoing,Thomas Mühlbacher
932,5,34,0.1649048625792812,0.0,0.14474001008045914,4.378756983142868e-06,2,outandin,Christina Stoiber
4846,5,34,0.1649048625792812,0.0,0.14474001008045914,4.378756983142868e-06,2,outandin,Reem Hourieh
1793,5,34,0.1649048625792812,0.0,0.14474001008045914,4.378756983142868e-06,2,outandin,Florian Grassinger
5468,5,34,0.1649048625792812,0.0,0.16623359097652732,2.2020948186622737e-05,2,outandin,Stephan Pajer
5743,5,34,0.1649048625792812,0.0,0.16623359097652732,2.2020948186622737e-05,1,,Thomas Torsney-Weir
5728,5,34,0.1649048625792812,0.0,0.15530243262843169,7.440401633156073e-05,1,incoming,Thomas Ortner
5013,6,34,0.1649048625792812,0.0,0.14564712972247754,5.776566758145001e-06,2,outandin,Roger A. Leite
5392,6,34,0.1649048625792812,0.0,0.14564712972247754,5.776566758145001e-06,2,outandin,Simone Kriglstein
3705,6,34,0.1649048625792812,0.0,0.14564712972247754,5.776566758145001e-06,2,outgoing,Margit Pohl
1658,6,34,0.1649048625792812,0.0,0.14564712972247754,5.776566758145001e-06,2,outandin,Erich Gstrein
2852,6,34,0.1649048625792812,0.0,0.14564712972247754,5.776566758145001e-06,2,outandin,Johannes Kuntner
1335,6,34,0.1649048625792812,0.0,0.1525699581047697,8.164512179412624e-06,1,incoming,Davide Ceneda
5753,6,34,0.1649048625792812,0.0,0.1525699581047697,8.164512179412624e-06,2,outgoing,Thorsten May
2170,6,34,0.1649048625792812,0.0,0.1525699581047697,8.164512179412624e-06,2,outgoing,Hans-Jörg Schulz
929,6,34,0.1649048625792812,0.0,0.1525699581047697,8.164512179412624e-06,1,,Christian Tominski
4565,6,34,0.1649048625792812,0.0,0.14572019073563156,8.494233822177393e-06,2,outgoing,Peter Filzmoser
5778,6,34,0.1649048625792812,0.0,0.14572019073563156,8.494233822177393e-06,2,outgoing,Tim Lammarsch
4455,7,34,0.1649048625792812,5.102307868655661e-05,0.14573846744336208,8.574581416290716e-06,2,outandin,Paolo Federico 0001
1804,7,34,0.1649048625792812,0.00027804877402810667,0.16628116784858699,2.372168783019714e-05,2,outandin,Florian Spechtenhauser
1828,7,34,0.1649048625792812,0.0,0.16456207349184618,3.0586447601349494e-05,2,outandin,Frank Krüger 0001
5719,7,34,0.1649048625792812,0.0,0.16456207349184618,3.0586447601349494e-05,2,outandin,Thomas Kirste
4069,8,34,0.1649048625792812,0.001279996782134717,0.15783384962319014,7.924483083194148e-05,2,outandin,Michael Schwärzler
913,8,34,0.1649048625792812,0.001279996782134717,0.15783384962319014,7.924483083194148e-05,2,outandin,Christian Luksch
2299,8,34,0.1649048625792812,0.00024234852193111647,0.14904730642969805,1.1133948724725237e-05,2,outandin,Holger Stitz
3835,8,34,0.1649048625792812,0.0003158799602536305,0.1645853825674116,3.093182684369681e-05,2,outandin,Martin Röhlig
3826,8,34,0.1649048625792812,0.0003158799602536305,0.1645853825674116,3.093182684369681e-05,4,outandin,Martin Luboschik
2239,8,34,0.1649048625792812,0.0003158799602536305,0.1645853825674116,3.093182684369681e-05,1,,Heidrun Schumann
144,9,34,0.1649048625792812,5.2184730591308304e-05,0.14577503461622454,9.579557186714288e-06,2,outgoing,Alexander Rind
5849,11,34,0.1649048625792812,0.011043658685990627,0.19479845782496663,0.00017237314826894624,2,outgoing,Torsten Möller
3784,13,34,0.1649048625792812,0.0023849130082911666,0.1682311858876395,3.50614268459976e-05,2,outgoing,Markus Bögl
6118,14,34,0.1649048625792812,0.0008463300749825053,0.15273038918584725,1.3178547421397825e-05,2,outgoing,Wolfgang Aigner
2209,16,34,0.1649048625792812,0.004215413481132154,0.17348056149983965,9.536201918790897e-05,2,outgoing,Harald Piringer
3668,20,34,0.1649048625792812,0.010468582975919946,0.17544508544857707,3.654071811608517e-05,2,outgoing,Marc Streit
5686,21,34,0.1649048625792812,0.004805152124804269,0.15850126871176182,2.7366447660280785e-05,2,outandin,Theresia Gschwandtner
5371,25,34,0.1649048625792812,0.00977327882961526,0.17201669887874552,4.1443764188634365e-05,4,outgoing,Silvia Miksch
3060,1,35,0.3333333333333333,0.0,0.003623188405797101,2.892645099399142e-78,2,outandin,Jun Wang
6015,2,35,0.3333333333333333,0.0,0.0037878787878787876,3.770963593106793e-78,1,,Wei Xu 0020
6035,2,35,0.3333333333333333,0.0,0.0037878787878787876,3.770963593106793e-78,2,outandin,Wen Zhong
1056,3,35,0.3333333333333333,3.3509189560144973e-07,0.003968253968253968,4.398620475657818e-78,1,,Cong Xie
341,4,35,0.3333333333333333,0.0,0.004166666666666667,7.214322449249462e-78,1,incoming,Anjul Tyagi
6523,4,35,0.3333333333333333,0.0,0.004166666666666667,7.214322449249462e-78,2,outandin,Zhen Cao
5872,4,35,0.3333333333333333,0.0,0.004166666666666667,7.214322449249462e-78,1,incoming,Tyler Estro
1626,4,35,0.3333333333333333,0.0,0.004166666666666667,7.214322449249462e-78,1,incoming,Erez Zadok
5318,4,35,0.3333333333333333,0.0,0.004166666666666667,7.2143224492494615e-78,2,outandin,Shenghui Cheng
6430,4,35,0.3333333333333333,0.0,0.004166666666666667,7.2143224492494615e-78,4,outandin,Yue Wang
1125,4,35,0.3333333333333333,0.0,0.004166666666666667,7.2143224492494615e-78,1,incoming,Dan Zhang
6547,4,35,0.3333333333333333,0.0,0.004166666666666667,7.2143224492494615e-78,2,outandin,Zhifang Jiang
3303,12,35,0.3333333333333333,3.451446524694932e-05,0.006944444444444444,1.448637146340606e-77,1,,Klaus Mueller 0001
6268,6,36,1.0,0.0,0.003472222222222222,1.289820571781577e-66,2,outandin,Yan Lyu
6244,6,36,1.0,0.0,0.003472222222222222,1.289820571781577e-66,2,outandin,Xu Liu 0014
2183,6,36,1.0,0.0,0.003472222222222222,1.289820571781577e-66,2,outandin,Hanyi Chen
421,6,36,1.0,0.0,0.003472222222222222,1.289820571781577e-66,2,outandin,Arpan Mangal
3132,6,36,1.0,0.0,0.003472222222222222,1.289820571781577e-66,2,outandin,Kai Liu 0001
808,6,36,1.0,0.0,0.003472222222222222,1.289820571781577e-66,2,outandin,Chao Chen 0004
696,6,36,1.0,0.0,0.003472222222222222,1.289820571781577e-66,2,outandin,Brian Y. Lim
1267,1,37,0.3602941176470588,0.0,0.003367003367003367,4.759780189446618e-55,2,outandin,David Joseph Wrisley
2983,2,37,0.3602941176470588,0.0,0.0049382716049382715,3.447475256330857e-54,2,outandin,Josef Focht
5916,2,37,0.3602941176470588,0.0,0.0047789725209080045,5.301704517415332e-54,2,outandin,Valentin Zobel
5440,3,37,0.3602941176470588,1.0052756868043492e-05,0.005108556832694763,3.504393331200981e-54,1,,Stefan Jänicke
489,5,37,0.3602941176470588,0.0,0.005291005291005291,6.50635242812042e-54,2,outandin,Baldwin Nsonga
5436,5,37,0.3602941176470588,0.0,0.005291005291005291,6.50635242812042e-54,3,incoming,Stefan Gumhold
2967,5,37,0.3602941176470588,0.0,0.005291005291005291,6.50635242812042e-54,2,outandin,Jordi Ventosa-Molina
1357,5,37,0.3602941176470588,0.0,0.005291005291005291,6.50635242812042e-54,2,outandin,Denis Koschichow
2820,5,37,0.3602941176470588,0.0,0.005291005291005291,6.50635242812042e-54,2,outandin,Jochen Fröhlich
1761,7,37,0.3602941176470588,0.0,0.005698005698005698,1.652219162394319e-53,2,outandin,Felix Raith
901,7,37,0.3602941176470588,0.0,0.005698005698005698,1.652219162394319e-53,2,outandin,Christian Blecha
5726,7,37,0.3602941176470588,0.0,0.005698005698005698,1.652219162394319e-53,2,outandin,Thomas Nagel
1809,7,37,0.3602941176470588,0.0,0.005698005698005698,1.652219162394319e-53,2,outandin,Francesco Parisio
4398,7,37,0.3602941176470588,0.0,0.005698005698005698,1.652219162394319e-53,2,outandin,Olaf Kolditz
1710,7,37,0.3602941176470588,0.0,0.005698005698005698,1.652219162394319e-53,2,outandin,Fabian Günther
3799,8,37,0.3602941176470588,2.0105513736086986e-06,0.005925925925925926,1.7156176393514244e-53,2,outandin,Markus Stommel
1956,15,37,0.3602941176470588,5.4955070878637755e-05,0.008714596949891067,2.1877680665730477e-53,1,,Gerik Scheuermann
657,1,38,0.3333333333333333,0.0,0.13910844019225738,5.387030172460754e-06,2,outandin,Bram C. M. Cappers
5430,3,38,0.3333333333333333,0.0,0.13914175558926187,6.16618637238805e-06,2,outgoing,Stef van den Elzen
1192,3,38,0.3333333333333333,0.0,0.13914175558926187,6.16618637238805e-06,4,outandin,Danny Holten
2974,3,38,0.3333333333333333,0.0,0.13914175558926187,6.16618637238805e-06,4,outandin,Jorik Blaas
5012,3,38,0.3333333333333333,0.0,0.16719033106847855,7.892851063622986e-05,2,outgoing,Roeland Scheepens
2691,4,38,0.3333333333333333,0.0,0.13915841927256598,1.2026486335108254e-05,2,outandin,Ji Qi
5954,4,38,0.3333333333333333,0.0,0.13915841927256598,1.2026486335108254e-05,2,outandin,Vincent Bloemen
5327,4,38,0.3333333333333333,0.0,0.13915841927256598,1.2026486335108254e-05,2,outandin,Shihan Wang 0001
2356,6,38,0.3333333333333333,0.001410401788586502,0.16726253072202762,8.107245538358956e-05,4,outgoing,Huub van de Wetering
1366,6,38,0.3333333333333333,0.0,0.13919175861594704,7.875034192595586e-06,2,outandin,Dennis Dingen
3678,6,38,0.3333333333333333,0.0,0.13919175861594704,7.875034192595586e-06,2,outandin,Marcel van 't Veer
4481,6,38,0.3333333333333333,0.0,0.13919175861594704,7.875034192595586e-06,2,outandin,Patrick Houthuizen
1702,6,38,0.3333333333333333,0.0,0.13919175861594704,7.875034192595586e-06,2,outandin,Eveline H. J. Mestrom
2260,6,38,0.3333333333333333,0.0,0.13919175861594704,7.875034192595586e-06,2,outandin,Hendrikus H. M. Korsten
4735,6,38,0.3333333333333333,0.0,0.13919175861594704,7.875034192595586e-06,2,outandin,R. Arthur Bouwman
2572,16,38,0.3333333333333333,0.010857982693173776,0.167503647243178,8.529992574366369e-05,0,,Jarke J. van Wijk
5173,4,39,1.0,0.0,0.0023148148148148147,2.5995086669600264e-91,2,outandin,Sara Alspaugh
4295,4,39,1.0,0.0,0.0023148148148148147,2.5995086669600264e-91,2,outandin,Nava Zokaei
242,4,39,1.0,0.0,0.0023148148148148147,2.5995086669600264e-91,2,outandin,Andrea Liu
1018,4,39,1.0,0.0,0.0023148148148148147,2.5995086669600264e-91,2,outandin,Cindy Jin
3809,4,39,1.0,0.0,0.0023148148148148147,2.5995086669600264e-91,3,incoming,Marti A. Hearst
3683,1,40,1.0,0.0,0.0005787037037037037,1.4555589672673383e-158,2,outandin,Marco Cavallo
6609,1,40,1.0,0.0,0.0005787037037037037,1.4555589672673383e-158,2,outgoing,Çagatay Demiralp
5895,2,41,0.8333333333333334,0.0,0.0013020833333333333,2.834210847202549e-116,2,outandin,Ulrike Kister
5829,2,41,0.8333333333333334,0.0,0.0013020833333333333,2.834210847202549e-116,1,incoming,Tom Horak
4880,3,41,0.8333333333333334,3.3509189560144973e-07,0.001736111111111111,3.629990383872494e-116,2,outandin,Ricardo Langner
4778,3,41,0.8333333333333334,3.3509189560144973e-07,0.001736111111111111,3.629990383872494e-116,3,incoming,Raimund Dachselt
3681,4,42,1.0,0.0,0.0023148148148148147,2.5995086669600264e-91,2,outgoing,Marco Angelini
2010,4,42,1.0,0.0,0.0023148148148148147,2.5995086669600264e-91,2,outandin,Graziano Blasilli
5804,4,42,1.0,0.0,0.0023148148148148147,2.5995086669600264e-91,2,outandin,Tiziana Catarci
5393,4,42,1.0,0.0,0.0023148148148148147,2.5995086669600264e-91,2,outandin,Simone Lenti
1977,4,42,1.0,0.0,0.0023148148148148147,2.5995086669600264e-91,2,outgoing,Giuseppe Santucci
6061,1,43,0.6666666666666666,0.0,0.0010416666666666667,5.099736132405383e-125,1,incoming,Wiebke Köpp
6569,2,43,0.6666666666666666,0.0,0.0013020833333333333,9.45816278778072e-125,2,outandin,Zhongjie Wang 0001
2175,2,43,0.6666666666666666,0.0,0.0013020833333333333,9.45816278778072e-125,2,outgoing,Hans-Peter Seidel
5802,3,43,0.6666666666666666,1.340367582405799e-06,0.001736111111111111,1.1066868466291435e-124,1,,Tino Weinkauf
749,1,44,0.7333333333333333,0.0,0.0016075102880658437,3.897404130580852e-91,2,outgoing,Camilla Forsell
4691,4,44,0.7333333333333333,0.0,0.0024112654320987653,1.5018289470602015e-90,2,outandin,Prithiviraj K. Muthumanickam
3182,4,44,0.7333333333333333,0.0,0.0024112654320987653,1.5018289470602015e-90,2,outgoing,Katerina Vrotsou
75,4,44,0.7333333333333333,0.0,0.0024112654320987653,1.5018289470602015e-90,2,outandin,Aida Nordman
3893,4,44,0.7333333333333333,0.0,0.0024112654320987653,1.5018289470602015e-90,4,outandin,Matthew Cooper 0001
2772,5,44,0.7333333333333333,2.680735164811598e-06,0.0028935185185185184,1.5789842704251414e-90,2,outgoing,Jimmy Johansson 0001
4380,3,45,1.0,0.0,0.001736111111111111,1.0891785287131612e-107,2,outgoing,Norbert Lindow
1136,3,45,1.0,0.0,0.001736111111111111,1.0891785287131612e-107,4,outgoing,Daniel Baum
4213,3,45,1.0,0.0,0.001736111111111111,1.0891785287131612e-107,2,outandin,Morgan Leborgne
2166,3,45,1.0,0.0,0.001736111111111111,1.0891785287131612e-107,2,outgoing,Hans-Christian Hege
817,2,46,0.3238095238095238,0.0,0.004362535612535612,1.6944503273364263e-70,2,outgoing,Charilaos Papadopoulos
2994,3,46,0.3238095238095238,0.0,0.004537037037037037,2.164594402020865e-70,2,outgoing,Joseph Marino
6152,3,46,0.3238095238095238,0.0,0.004537037037037037,2.164594402020865e-70,2,outgoing,Xianfeng Gu
3311,3,46,0.3238095238095238,0.0,0.004537037037037037,2.0570817902105706e-70,2,outandin,Konstantin Dmitriev
3888,3,46,0.3238095238095238,0.0,0.004537037037037037,2.0570817902105706e-70,2,outandin,Matthew A. Barish
2688,3,46,0.3238095238095238,0.0,0.004537037037037037,2.164594402020865e-70,2,outandin,Ji Hwan Park
5273,3,46,0.3238095238095238,0.0,0.004537037037037037,2.164594402020865e-70,2,outandin,Seyedkoosha Mirhosseini
2384,4,46,0.3238095238095238,6.701837912028995e-07,0.00472608024691358,2.3110213841629733e-70,2,outandin,Ievgeniia Gutenko
5127,5,46,0.3238095238095238,0.0,0.004931561996779388,4.364929396488935e-70,2,outandin,Saeed Boorboor
5345,5,46,0.3238095238095238,0.0,0.004931561996779388,4.364929396488935e-70,1,incoming,Shreeraj Jadhav
3631,5,46,0.3238095238095238,0.0,0.004931561996779388,4.364929396488935e-70,2,outandin,Mala Ananth 0001
1322,5,46,0.3238095238095238,0.0,0.004931561996779388,4.364929396488935e-70,2,outandin,David Talmage
3529,5,46,0.3238095238095238,0.0,0.004931561996779388,4.364929396488935e-70,2,outandin,Lorna Role
5119,5,46,0.3238095238095238,1.340367582405799e-06,0.004931561996779388,2.8133903149525592e-70,2,outandin,Saad Nadeem
405,14,46,0.3238095238095238,4.557249780179716e-05,0.008101851851851851,7.301004238638084e-70,0,,Arie E. Kaufman
2334,2,47,1.0,0.0,0.0011574074074074073,8.364742661475062e-129,2,outandin,Huan He
4717,2,47,1.0,0.0,0.0011574074074074073,8.364742661475062e-129,1,incoming,Qinghua Zheng
621,2,47,1.0,0.0,0.0011574074074074073,8.364742661475062e-129,1,incoming,Bo Dong 0001
2211,1,48,0.6666666666666666,0.0,0.0007716049382716049,8.114879044836295e-145,1,incoming,Hariharan Subramonyam
5335,1,48,0.6666666666666666,0.0,0.0007716049382716049,8.114879044836295e-145,1,incoming,Shiqing He
1703,2,48,0.6666666666666666,6.701837912028995e-07,0.0011574074074074073,1.1476172002224717e-144,1,,Eytan Adar
3802,1,49,1.0,0.0,0.0005787037037037037,1.4555589672673383e-158,2,outandin,Marlen Promann
5122,1,49,1.0,0.0,0.0005787037037037037,1.4555589672673383e-158,2,outandin,Sabine Brunswicker
3440,0,50,0.0,0.0,0.0,1.9451833205851916e-209,2,outgoing,Leland Wilkinson
4533,3,51,1.0,0.0,0.001736111111111111,1.0891785287131612e-107,2,outandin,Paulo Ivson 0001
1165,3,51,1.0,0.0,0.001736111111111111,1.0891785287131612e-107,2,outandin,Daniel Nascimento
5989,3,51,1.0,0.0,0.001736111111111111,1.0891785287131612e-107,2,outandin,Waldemar Celes Filho
5391,3,51,1.0,0.0,0.001736111111111111,1.0891785287131612e-107,2,outandin,Simone D. J. Barbosa
2956,3,52,1.0,0.0,0.001736111111111111,1.0891785287131612e-107,1,,Jonathan Roberts 0002
4446,3,52,1.0,0.0,0.001736111111111111,1.0891785287131612e-107,2,outandin,Panagiotis D. Ritsos
2520,3,52,1.0,0.0,0.001736111111111111,1.0891785287131612e-107,2,outandin,James R. Jackson
980,3,52,1.0,0.0,0.001736111111111111,1.0891785287131612e-107,2,outandin,Christopher James Headleand
6309,2,53,1.0,0.0,0.0011574074074074073,8.364742661475062e-129,2,outandin,Yen-Ting Kuan
6411,2,53,1.0,0.0,0.0011574074074074073,8.364742661475062e-129,2,outgoing,Yu-Shuen Wang
3068,2,53,1.0,0.0,0.0011574074074074073,8.364742661475062e-129,2,outandin,Jung-Hong Chuang
1223,2,54,1.0,0.0,0.0011574074074074073,8.364742661475062e-129,2,outandin,David Burlinson
3143,2,54,1.0,0.0,0.0011574074074074073,8.364742661475062e-129,5,outandin,Kalpathi R. Subramanian
4529,2,54,1.0,0.0,0.0011574074074074073,8.364742661475062e-129,2,outandin,Paula Goolkasian
1503,1,55,1.0,0.0,0.0005787037037037037,1.4555589672673383e-158,2,outandin,Dustin Arendt
3949,1,55,1.0,0.0,0.0005787037037037037,1.4555589672673383e-158,2,outandin,Meg Pirrung
4412,1,56,1.0,0.0,0.0005787037037037037,1.4555589672673383e-158,2,outandin,Oliver Rübel
543,1,56,1.0,0.0,0.0005787037037037037,1.4555589672673383e-158,2,outandin,Benjamin P. Bowen
4259,1,57,1.0,0.0,0.0005787037037037037,1.4555589672673383e-158,2,outandin,Nan-Chen Chen
512,1,57,1.0,0.0,0.0005787037037037037,1.4555589672673383e-158,2,outandin,Been Kim
3889,2,58,1.0,0.0,0.0011574074074074073,8.364742661475062e-129,1,incoming,Matthew Berger
3186,2,58,1.0,0.0,0.0011574074074074073,8.364742661475062e-129,2,outandin,Katherine McDonough
3426,2,58,1.0,0.0,0.0011574074074074073,8.364742661475062e-129,2,outandin,Lee M. Seversky
1780,1,59,1.0,0.0,0.0005787037037037037,1.4555589672673383e-158,2,outandin,Filip Dabek
2686,1,59,1.0,0.0,0.0005787037037037037,1.4555589672673383e-158,4,outandin,Jesus J. Caban
325,5,60,0.75,0.0,0.003367003367003367,3.4895875479042865e-64,2,outandin,Andy Bardill
582,5,60,0.75,0.0,0.003367003367003367,3.4895875479042865e-64,2,outandin,Betul Salman
3181,5,60,0.75,0.0,0.003367003367003367,3.4895875479042865e-64,2,outandin,Kate Herd
443,5,60,0.75,0.0,0.003367003367003367,3.489587547904287e-64,2,outandin,Ashley Wheat
5374,5,60,0.75,0.0,0.003367003367003367,3.489587547904287e-64,2,outgoing,Simon Attfield
628,5,60,0.75,0.0,0.003367003367003367,3.489587547904287e-64,2,outandin,Bob Fields
4647,8,60,0.75,2.0105513736086986e-06,0.004629629629629629,4.935022037334515e-64,1,,Phong Hai Nguyen
3134,8,60,0.75,2.0105513736086986e-06,0.004629629629629629,4.935022037334515e-64,2,outgoing,Kai Xu 0003
480,8,60,0.75,2.0105513736086986e-06,0.004629629629629629,4.935022037334515e-64,2,outgoing,B. L. William Wong
6226,5,61,0.6444444444444445,0.0,0.0036057692307692305,2.1208083423884976e-65,2,outandin,Xinsong Yang
3608,5,61,0.6444444444444445,0.0,0.0036057692307692305,2.1208083423884976e-65,2,outandin,Madelaine Daianu
2149,5,61,0.6444444444444445,0.0,0.0036057692307692305,2.1208083423884976e-65,1,incoming,Hanghang Tong
4517,5,61,0.6444444444444445,0.0,0.0036057692307692305,2.1208083423884976e-65,2,outandin,Paul M. Thompson
6324,5,61,0.6444444444444445,0.0,0.0036057692307692305,2.1208083423884976e-65,2,outgoing,Yifan Hu 0001
6237,5,61,0.6444444444444445,0.0,0.0036057692307692305,2.1208083423884976e-65,2,outandin,Xinzhu Mu
6472,5,61,0.6444444444444445,0.0,0.0036057692307692305,2.1208083423884976e-65,2,outandin,Yutao Zhang
2750,5,61,0.6444444444444445,0.0,0.0036057692307692305,2.1208083423884976e-65,2,outandin,Jie Tang 0001
3431,9,61,0.6444444444444445,5.361470329623196e-06,0.005208333333333333,3.3117542324851916e-65,2,outgoing,Lei Shi 0002
4719,9,61,0.6444444444444445,5.361470329623196e-06,0.005208333333333333,3.3117542324851916e-65,2,outandin,Qingsong Liu
187,3,62,0.5833333333333334,0.0,0.002849002849002849,3.691572891244373e-76,2,outandin,Allan Rocha
3053,3,62,0.5833333333333334,0.0,0.002849002849002849,3.691572891244373e-76,1,incoming,Julio Daniel Silva
3733,3,62,0.5833333333333334,0.0,0.002849002849002849,3.691572891244373e-76,2,outgoing,Mario Costa Sousa
4200,5,62,0.5833333333333334,0.0,0.003367003367003367,9.94773366547838e-76,2,outandin,Mohammad Imrul Jubair
4349,5,62,0.5833333333333334,0.0,0.003367003367003367,9.94773366547838e-76,4,outandin,Niklas Röber
2902,5,62,0.5833333333333334,0.0,0.003367003367003367,9.94773366547838e-76,4,outandin,John P. Clyne
172,5,62,0.5833333333333334,0.0,0.003367003367003367,9.94773366547838e-76,2,outandin,Ali Mahdavi-Amiri
1740,5,62,0.5833333333333334,0.0,0.003367003367003367,9.94773366547838e-76,2,outandin,Faramarz F. Samavati
5900,8,62,0.5833333333333334,1.0052756868043492e-05,0.004629629629629629,1.1739718736143025e-75,1,,Usman R. Alim
2367,5,63,1.0,0.0,0.0028935185185185184,6.259243568945907e-78,1,incoming,Hyunjoo Song
2662,5,63,1.0,0.0,0.0028935185185185184,6.259243568945907e-78,2,outandin,Jeongjin Lee
5629,5,63,1.0,0.0,0.0028935185185185184,6.259243568945907e-78,2,outandin,Tae Jung Kim
3356,5,63,1.0,0.0,0.0028935185185185184,6.259243568945907e-78,2,outandin,Kyoung Ho Lee
622,5,63,1.0,0.0,0.0028935185185185184,6.259243568945907e-78,1,,Bo Hyoung Kim
2801,5,63,1.0,0.0,0.0028935185185185184,6.259243568945907e-78,1,,Jinwook Seo
1289,2,64,1.0,0.0,0.0011574074074074073,8.364742661475062e-129,2,outandin,David McColgin
4508,2,64,1.0,0.0,0.0011574074074074073,8.364742661475062e-129,2,outandin,Paul Hoover
3761,2,64,1.0,0.0,0.0011574074074074073,8.364742661475062e-129,2,outandin,Mark Igra
3040,3,65,1.0,0.0,0.001736111111111111,1.0891785287131612e-107,2,outandin,Julian Stahnke
3718,3,65,1.0,0.0,0.001736111111111111,1.0891785287131612e-107,2,outgoing,Marian Dörk
639,3,65,1.0,0.0,0.001736111111111111,1.0891785287131612e-107,2,outandin,Boris Müller
273,3,65,1.0,0.0,0.001736111111111111,1.0891785287131612e-107,2,outandin,Andreas Thom 0002
2524,2,66,1.0,0.0,0.0011574074074074073,8.364742661475062e-129,2,outandin,James S. Walker
4922,2,66,1.0,0.0,0.0011574074074074073,8.364742661475062e-129,1,,Rita Borgo
3777,2,66,1.0,0.0,0.0011574074074074073,8.364742661475062e-129,2,outgoing,Mark W. Jones
3474,2,67,1.0,0.0,0.0011574074074074073,8.364742661475062e-129,2,outandin,Lihua Hao
972,2,67,1.0,0.0,0.0011574074074074073,8.364742661475062e-129,4,outandin,Christopher G. Healey
5456,2,67,1.0,0.0,0.0011574074074074073,8.364742661475062e-129,2,outandin,Steffen A. Bass
3465,8,68,1.0,0.0,0.004629629629629629,3.597034739720645e-48,2,outandin,Liang Yu
6014,8,68,1.0,0.0,0.004629629629629629,3.597034739720645e-48,2,outandin,Wei Wu 0020
6168,8,68,1.0,0.0,0.004629629629629629,3.597034739720645e-48,2,outandin,Xiaohui Li 0002
2052,8,68,1.0,0.0,0.004629629629629629,3.597034739720645e-48,2,outandin,Guangxia Li
6007,8,68,1.0,0.0,0.004629629629629629,3.597034739720645e-48,2,outandin,Wee Siong Ng
5252,8,68,1.0,0.0,0.004629629629629629,3.597034739720645e-48,2,outandin,See-Kiong Ng
6572,8,68,1.0,0.0,0.004629629629629629,3.597034739720645e-48,2,outandin,Zhongwen Huang
397,8,68,1.0,0.0,0.004629629629629629,3.597034739720645e-48,2,outandin,Anushiya Arunan
2346,8,68,1.0,0.0,0.004629629629629629,3.597034739720645e-48,2,outandin,Hui Min Watt
3574,2,69,1.0,0.0,0.0011574074074074073,8.364742661475062e-129,2,outandin,Lydia Byrne
1134,2,69,1.0,0.0,0.0011574074074074073,8.364742661475062e-129,2,outandin,Daniel Angus
2564,2,69,1.0,0.0,0.0011574074074074073,8.364742661475062e-129,2,outandin,Janet Wiles
5591,1,70,1.0,0.0,0.0005787037037037037,1.4555589672673383e-158,2,outandin,Susan VanderPlas
2241,1,70,1.0,0.0,0.0005787037037037037,1.4555589672673383e-158,2,outgoing,Heike Hofmann
5722,4,71,1.0,0.0,0.0023148148148148147,2.5995086669600264e-91,2,outgoing,Thomas Löwe
1613,4,71,1.0,0.0,0.0023148148148148147,2.5995086669600264e-91,2,outandin,Emmy-Charlotte Förster
1941,4,71,1.0,0.0,0.0023148148148148147,2.5995086669600264e-91,2,outgoing,Georgia Albuquerque
2661,4,71,1.0,0.0,0.0023148148148148147,2.5995086669600264e-91,2,outandin,Jens-Peter Kreiss
3692,4,71,1.0,0.0,0.0023148148148148147,2.5995086669600264e-91,2,outgoing,Marcus A. Magnor
790,2,72,1.0,0.0,0.0011574074074074073,8.364742661475062e-129,2,outandin,Cecilia di Sciascio
5927,2,72,1.0,0.0,0.0011574074074074073,8.364742661475062e-129,4,outandin,Vedran Sabol
1534,2,72,1.0,0.0,0.0011574074074074073,8.364742661475062e-129,2,outandin,Eduardo E. Veas
5164,3,73,1.0,0.0,0.001736111111111111,1.0891785287131612e-107,4,outandin,Sanghun Park
2365,3,73,1.0,0.0,0.001736111111111111,1.0891785287131612e-107,2,outandin,Hyunggoog Seo
5267,3,73,1.0,0.0,0.001736111111111111,1.0891785287131612e-107,2,outandin,Seunghoon Cha
3065,3,73,1.0,0.0,0.001736111111111111,1.0891785287131612e-107,2,outandin,Jun-yong Noh
2684,3,74,1.0,0.0,0.001736111111111111,1.0891785287131612e-107,2,outandin,Jessica Peter
5510,3,74,1.0,0.0,0.001736111111111111,1.0891785287131612e-107,2,outandin,Steve James Szigeti
223,3,74,1.0,0.0,0.001736111111111111,1.0891785287131612e-107,2,outandin,Ana Jofre
5176,3,74,1.0,0.0,0.001736111111111111,1.0891785287131612e-107,2,outandin,Sara Diamond
4249,0,75,0.0,0.0,0.0,1.9451833205851916e-209,2,outandin,Najmeh Abedzadeh
924,4,76,1.0,0.0,0.0023148148148148147,2.5995086669600264e-91,2,outgoing,Christian Schulte zu Berge
1354,4,76,1.0,0.0,0.0023148148148148147,2.5995086669600264e-91,2,outandin,Denis Declara
946,4,76,1.0,0.0,0.0023148148148148147,2.5995086669600264e-91,2,outandin,Christoph Hennersperger
3935,4,76,1.0,0.0,0.0023148148148148147,2.5995086669600264e-91,2,outgoing,Maximilian Baust
4272,4,76,1.0,0.0,0.0023148148148148147,2.5995086669600264e-91,2,outgoing,Nassir Navab
3644,3,77,1.0,0.0,0.001736111111111111,1.0891785287131612e-107,2,outgoing,Manuel Rubio-Sánchez
3396,3,77,1.0,0.0,0.001736111111111111,1.0891785287131612e-107,2,outandin,Laura Raya
1816,3,77,1.0,0.0,0.001736111111111111,1.0891785287131612e-107,2,outandin,Francisco Diaz
113,3,77,1.0,0.0,0.001736111111111111,1.0891785287131612e-107,2,outgoing,Alberto Sánchez 0001
3856,3,78,1.0,0.0,0.001736111111111111,1.0891785287131612e-107,2,outgoing,Masahiko Itoh
1109,3,78,1.0,0.0,0.001736111111111111,1.0891785287131612e-107,2,outandin,Daisaku Yokoyama
3859,3,78,1.0,0.0,0.001736111111111111,1.0891785287131612e-107,2,outgoing,Masashi Toyoda
3858,3,78,1.0,0.0,0.001736111111111111,1.0891785287131612e-107,2,outgoing,Masaru Kitsuregawa
5567,4,79,1.0,0.0,0.0023148148148148147,2.5995086669600264e-91,2,outandin,Sujan Anreddy
5408,4,79,1.0,0.0,0.0023148148148148147,2.5995086669600264e-91,2,outgoing,Song Zhang 0004
295,4,79,1.0,0.0,0.0023148148148148147,2.5995086669600264e-91,2,outgoing,Andrew Mercer 0001
2540,4,79,1.0,0.0,0.0023148148148148147,2.5995086669600264e-91,2,outgoing,Jamie L. Dyer
2441,4,79,1.0,0.0,0.0023148148148148147,2.5995086669600264e-91,4,outandin,J. Edward Swan II
3869,2,80,1.0,0.0,0.0011574074074074073,8.364742661475062e-129,2,outandin,Mathias Goldau
320,2,80,1.0,0.0,0.0011574074074074073,8.364742661475062e-129,2,outandin,André Reichenbach
3734,2,80,1.0,0.0,0.0011574074074074073,8.364742661475062e-129,2,outgoing,Mario Hlawitschka
3402,1,81,1.0,0.0,0.0005787037037037037,1.4555589672673383e-158,2,outandin,Lauren R. Samuels
4932,1,81,1.0,0.0,0.0005787037037037037,1.4555589672673383e-158,2,outandin,Robert A. Greevy Jr.
2953,1,82,1.0,0.0,0.0005787037037037037,1.4555589672673383e-158,2,outandin,Jonathan Leidig
5170,1,82,1.0,0.0,0.0005787037037037037,1.4555589672673383e-158,2,outandin,Santhosh Dharmapuri
6320,5,83,1.0,0.0,0.0028935185185185184,6.259243568945907e-78,2,outandin,Yi-Chih Tsai
3467,5,83,1.0,0.0,0.0028935185185185184,6.259243568945907e-78,2,outandin,Liang-Chi Hsieh
6037,5,83,1.0,0.0,0.0028935185185185184,6.259243568945907e-78,2,outandin,Wen-Feng Cheng
6336,5,83,1.0,0.0,0.0028935185185185184,6.259243568945907e-78,2,outandin,Yin-Hsi Kuo
6110,5,83,1.0,0.0,0.0028935185185185184,6.259243568945907e-78,2,outandin,Winston H. Hsu
6036,5,83,1.0,0.0,0.0028935185185185184,6.259243568945907e-78,2,outandin,Wen-Chin Chen
2196,4,84,1.0,0.0,0.0023148148148148147,2.5995086669600264e-91,2,outandin,Haoling Dong
5367,4,84,1.0,0.0,0.0023148148148148147,2.5995086669600264e-91,2,outandin,Siliang Tang
5359,4,84,1.0,0.0,0.0023148148148148147,2.5995086669600264e-91,2,outandin,Si Li
1755,4,84,1.0,0.0,0.0023148148148148147,2.5995086669600264e-91,2,outandin,Fei Wu 0001
6437,4,84,1.0,0.0,0.0023148148148148147,2.5995086669600264e-91,2,outandin,Yueting Zhuang
4186,1,85,1.0,0.0,0.0005787037037037037,1.4555589672673383e-158,2,outandin,Miriam Perkins
6283,1,85,1.0,0.0,0.0005787037037037037,1.4555589672673383e-158,2,outandin,Yanlai Chen
3744,2,86,1.0,0.0,0.0011574074074074073,8.364742661475062e-129,4,outgoing,Mark A. Livingston
2958,2,86,1.0,0.0,0.0011574074074074073,8.364742661475062e-129,2,outgoing,Jonathan W. Decker
6576,2,86,1.0,0.0,0.0011574074074074073,8.364742661475062e-129,2,outgoing,Zhuming Ai
