source,target,type
2536,3622,incoming
2536,5822,incoming
2536,3842,incoming
2536,1775,incoming
2536,2770,incoming
2536,3154,incoming
2536,1177,incoming
2536,1120,incoming
2536,1482,incoming
2536,1409,incoming
3622,5822,incoming
3622,3842,incoming
3622,1775,incoming
3622,2770,incoming
5822,3842,incoming
5822,1775,incoming
5822,2770,incoming
3842,1775,incoming
3842,2770,incoming
3842,4179,incoming
3842,4346,incoming
3842,4673,incoming
3842,3154,incoming
3842,1177,incoming
3842,1120,incoming
3842,1482,incoming
3842,1409,incoming
1775,2770,incoming
1775,4179,incoming
1775,4346,incoming
1775,4673,incoming
1775,3154,incoming
1775,1177,incoming
1775,1120,incoming
1775,1482,incoming
1775,1409,incoming
2770,3154,incoming
2770,1177,incoming
2770,1120,incoming
2770,1482,incoming
2770,1409,incoming
5689,5880,incoming
5689,2153,incoming
5689,3971,incoming
5689,2821,incoming
5689,1429,incoming
5689,1182,incoming
5689,4407,incoming
5880,2153,incoming
5880,3971,incoming
2153,3971,incoming
3971,4841,incoming
3971,969,incoming
3971,1130,incoming
3971,4407,incoming
3971,1713,incoming
3971,4923,incoming
6607,6064,incoming
6607,1850,incoming
6607,4179,incoming
6607,2541,incoming
6607,4673,incoming
6064,1850,incoming
6064,4179,incoming
6064,2541,incoming
6064,4673,incoming
1850,4179,incoming
1850,2541,incoming
1850,4673,incoming
1850,2109,incoming
1850,746,incoming
1850,4984,incoming
1850,123,incoming
1850,35,incoming
1850,3258,incoming
1850,973,incoming
1850,5283,incoming
4179,2541,incoming
4179,4673,
4179,4346,incoming
4179,4660,incoming
4179,62,incoming
4179,4574,incoming
4179,5286,incoming
4179,4221,incoming
2541,4673,incoming
4673,2109,incoming
4673,746,incoming
4673,4346,incoming
4673,4660,incoming
4673,62,incoming
4673,4984,incoming
4673,123,incoming
4673,35,incoming
4673,3258,incoming
4673,973,incoming
4673,5283,incoming
4673,4574,incoming
4673,5286,incoming
4673,4221,incoming
2681,1020,incoming
2681,2836,incoming
2681,5526,incoming
2681,6173,incoming
2681,3998,incoming
2681,126,incoming
2681,3901,incoming
2681,1814,incoming
2681,6503,incoming
2681,6306,incoming
2681,5136,incoming
2681,3183,incoming
6456,6545,incoming
6456,2119,incoming
6456,6029,incoming
6456,3206,incoming
6456,6170,incoming
6456,1463,incoming
6456,6199,incoming
6456,2233,incoming
6456,516,incoming
6456,3429,incoming
6456,2716,incoming
6456,6579,incoming
6456,4710,incoming
6456,6371,incoming
6456,2333,incoming
6456,3443,incoming
6456,6329,incoming
6456,624,incoming
6456,5360,incoming
6456,6373,incoming
6456,3964,incoming
6456,6214,incoming
6456,4253,incoming
6456,6544,incoming
6456,4163,incoming
6456,2714,incoming
6456,4105,incoming
6456,1157,incoming
6456,4729,incoming
6456,4550,incoming
6456,6313,incoming
6456,6557,incoming
6545,2119,incoming
6545,6029,incoming
6545,3206,incoming
6545,6170,incoming
6545,1463,incoming
2119,6029,incoming
2119,3206,incoming
2119,6170,incoming
2119,1463,incoming
2119,6199,incoming
2119,2233,incoming
2119,516,incoming
2119,3429,incoming
2119,2716,incoming
2119,3443,incoming
2119,6329,incoming
2119,624,incoming
2119,5360,incoming
2119,6373,incoming
2119,2333,incoming
6029,3206,incoming
6029,6170,incoming
6029,1463,incoming
6029,6199,incoming
6029,2233,incoming
6029,516,incoming
6029,3429,incoming
6029,2716,incoming
6029,6371,incoming
6029,6551,incoming
6029,4710,incoming
6029,5665,incoming
6029,2333,outgoing
6029,6255,incoming
6029,6280,incoming
6029,1408,incoming
6029,5645,incoming
6029,5126,incoming
6029,2755,incoming
6029,3490,incoming
6029,6347,outgoing
6029,6524,incoming
6029,5396,incoming
6029,6224,incoming
6029,6412,incoming
6029,2184,incoming
6029,2714,incoming
6029,4253,incoming
6029,1135,incoming
6029,4712,incoming
6029,5842,incoming
6029,2131,incoming
3206,6170,incoming
3206,1463,incoming
3206,3443,incoming
3206,6329,incoming
3206,624,incoming
3206,5360,incoming
3206,6373,incoming
3206,2333,incoming
3206,3964,incoming
3206,6214,incoming
3206,4253,incoming
3206,5354,incoming
3206,5053,incoming
3206,1248,incoming
3206,2318,incoming
6170,1463,incoming
6170,4729,incoming
6170,3326,incoming
6170,2140,incoming
6170,4711,incoming
6170,900,incoming
6170,4550,incoming
6170,6313,incoming
6170,6557,incoming
6170,2333,incoming
1463,6199,incoming
1463,2233,incoming
1463,516,incoming
1463,3429,incoming
1463,2716,incoming
4185,2587,incoming
4185,122,incoming
4185,769,incoming
4185,138,incoming
4185,4363,incoming
4185,3047,incoming
4185,1679,incoming
4185,5184,incoming
4185,5178,incoming
4185,5536,incoming
4185,1195,incoming
4185,3362,incoming
4185,4438,incoming
4185,5185,incoming
4185,3049,incoming
4185,3184,incoming
2587,2809,outgoing
2587,136,outgoing
2587,1679,incoming
2587,5184,outgoing
2587,5178,outgoing
2587,5014,outgoing
2587,6137,incoming
2587,76,outgoing
2587,742,outgoing
2587,433,incoming
2587,1832,incoming
2587,3606,incoming
2587,581,incoming
6381,6410,incoming
6410,4253,outgoing
6410,812,incoming
6410,4726,incoming
6410,6150,incoming
6410,6201,incoming
6410,1057,incoming
6410,5998,incoming
6410,2748,incoming
6410,876,incoming
6199,2233,incoming
6199,516,incoming
6199,3429,incoming
6199,2716,incoming
2233,516,incoming
2233,3429,incoming
2233,2716,incoming
516,3429,incoming
516,2716,incoming
3429,2716,incoming
647,1041,outgoing
1041,129,incoming
1041,232,incoming
1041,1603,incoming
1041,2963,incoming
1041,1907,incoming
1041,3978,incoming
1041,5966,incoming
1041,781,incoming
1041,823,incoming
1041,2041,incoming
1041,3562,
1041,174,incoming
1041,4690,incoming
1041,5961,incoming
1041,2214,
1041,52,incoming
1041,1721,incoming
1041,3691,incoming
1041,3136,incoming
1041,712,incoming
1041,3549,incoming
1041,4203,incoming
1041,4369,outgoing
1041,2358,outgoing
1041,2238,incoming
1041,4222,incoming
1041,793,incoming
1041,6511,incoming
1041,3042,
1041,4449,incoming
1041,1718,incoming
1041,1714,incoming
1041,2972,outgoing
1041,3719,incoming
1041,2643,incoming
236,283,incoming
236,3933,incoming
236,4347,incoming
236,5772,incoming
236,709,incoming
236,3289,incoming
236,612,incoming
283,3933,incoming
283,4347,incoming
283,5772,incoming
283,709,incoming
283,3289,incoming
3933,4347,incoming
3933,5772,incoming
3933,709,incoming
3933,3289,incoming
3933,5046,incoming
3933,2697,incoming
3933,3083,incoming
3933,6133,incoming
3933,527,incoming
3933,2182,incoming
3933,959,incoming
3933,4280,incoming
3933,5536,incoming
3933,4887,incoming
3933,5032,incoming
3933,6264,incoming
3933,574,incoming
3933,2191,incoming
3933,2841,incoming
3933,3173,incoming
3933,609,incoming
4347,5772,incoming
4347,709,incoming
4347,3289,incoming
4347,4338,incoming
4347,678,incoming
4347,5526,incoming
4347,213,incoming
4347,2468,incoming
4347,1373,incoming
4347,3070,incoming
4347,4335,incoming
4347,1738,incoming
4347,612,incoming
4347,5423,incoming
4347,264,incoming
4347,5035,incoming
4347,1033,incoming
4347,6542,incoming
4347,5270,incoming
4347,3086,incoming
4347,2475,incoming
4347,4319,incoming
4347,4173,incoming
4347,3349,incoming
4347,1773,incoming
4347,4675,incoming
4347,5568,incoming
4347,3175,incoming
4347,3954,incoming
4347,526,incoming
5772,709,incoming
5772,3289,
5772,6264,incoming
5772,574,incoming
5772,2191,incoming
5772,2747,incoming
5772,2670,incoming
5772,362,incoming
5772,3173,incoming
5772,609,incoming
5772,5184,incoming
5772,527,incoming
5772,4280,outgoing
5772,959,incoming
5772,985,outgoing
5772,3711,incoming
5772,2058,incoming
5772,3778,incoming
5772,5512,incoming
5772,4092,incoming
5772,5912,incoming
5772,2000,incoming
709,3289,incoming
709,3173,incoming
709,609,incoming
3289,6264,incoming
3289,574,incoming
3289,2191,incoming
3289,2747,incoming
3289,2670,incoming
3289,362,incoming
3289,3173,incoming
3289,609,incoming
3289,5184,incoming
3289,527,incoming
3289,4280,outgoing
3289,959,incoming
3289,5512,incoming
3289,4092,
3289,5912,incoming
3289,2000,incoming
437,634,incoming
437,1460,incoming
437,2636,incoming
437,2923,incoming
437,2924,incoming
437,3890,incoming
437,6542,incoming
437,1441,incoming
437,3154,incoming
437,5107,incoming
437,2560,incoming
634,1460,incoming
634,2636,incoming
634,2923,incoming
634,2924,incoming
634,3890,incoming
634,6542,outgoing
634,4608,
634,1693,incoming
634,6459,incoming
634,6192,incoming
634,3141,incoming
634,839,incoming
634,6190,incoming
634,2713,incoming
634,870,incoming
634,959,incoming
634,4407,incoming
634,5647,incoming
634,3523,incoming
634,228,incoming
634,5132,incoming
634,2778,incoming
634,2584,incoming
634,1773,incoming
634,4280,outgoing
634,324,incoming
634,4675,incoming
634,3992,incoming
634,5536,
634,439,incoming
634,4469,incoming
1460,2636,incoming
1460,2923,incoming
1460,2924,incoming
1460,3890,incoming
1460,6542,incoming
1460,5132,incoming
1460,2778,incoming
1460,2584,incoming
2636,2923,incoming
2636,2924,incoming
2636,3890,incoming
2636,6542,outgoing
2636,1441,incoming
2636,850,incoming
2636,2017,incoming
2636,2134,incoming
2636,49,incoming
2636,594,incoming
2636,2972,incoming
2636,329,incoming
2636,3154,incoming
2636,3998,incoming
2636,398,incoming
2636,2822,incoming
2636,5107,incoming
2636,2560,incoming
2636,3901,incoming
2923,2924,incoming
2923,3890,incoming
2923,6542,outgoing
2923,412,incoming
2923,5536,incoming
2923,123,incoming
2923,1610,incoming
2923,3948,incoming
2923,3391,incoming
2923,3330,incoming
2923,4034,incoming
2923,3968,outgoing
2923,3325,incoming
2924,3890,incoming
2924,6542,incoming
3890,6542,incoming
3890,4608,incoming
3890,1693,incoming
3890,2844,incoming
3890,5644,outgoing
3890,2818,incoming
3890,3276,incoming
6542,5423,incoming
6542,4670,incoming
6542,5152,incoming
6542,4773,incoming
6542,6275,incoming
6542,4182,incoming
6542,3898,incoming
6542,5265,incoming
6542,105,incoming
6542,4250,incoming
6542,1676,incoming
6542,6103,incoming
6542,3015,incoming
6542,2182,incoming
6038,3076,incoming
6038,2159,incoming
6038,3305,incoming
6038,2145,incoming
6038,4224,incoming
6038,6400,incoming
6038,5832,incoming
3076,2159,incoming
3076,3305,incoming
3076,2145,incoming
3076,4224,incoming
3076,6400,incoming
3076,5832,incoming
3076,3464,incoming
3076,2187,incoming
3076,6191,incoming
3076,2046,incoming
3076,3626,incoming
3076,1355,incoming
3076,4195,incoming
3076,2279,incoming
2159,3305,incoming
2159,2145,incoming
2159,4224,incoming
2159,6400,incoming
2159,5832,incoming
2159,3059,incoming
2159,3821,incoming
2159,813,incoming
2159,4367,incoming
2159,1983,incoming
2159,5266,incoming
2159,2721,outgoing
2159,1729,outgoing
2159,6188,outgoing
2159,774,incoming
2159,1432,incoming
2159,253,incoming
2159,4913,outgoing
3305,2145,incoming
3305,4224,incoming
3305,6400,incoming
3305,5832,incoming
3305,5561,incoming
3305,2203,incoming
3305,875,incoming
2145,4224,incoming
2145,6400,incoming
2145,5832,incoming
2145,5561,incoming
2145,2203,incoming
2145,875,incoming
2145,3464,incoming
2145,2187,incoming
2145,5419,outgoing
2145,2646,incoming
2145,471,
2145,6191,incoming
2145,2046,incoming
2145,1012,incoming
2145,2030,incoming
2145,6207,incoming
2145,844,incoming
2145,230,incoming
2145,2115,incoming
2145,4793,incoming
4224,6400,incoming
4224,5832,incoming
6400,5832,incoming
5832,2721,incoming
5832,1729,incoming
5832,6188,incoming
5832,6315,incoming
5832,813,incoming
5832,4968,incoming
5832,5266,incoming
5832,774,incoming
5832,1432,incoming
5832,253,incoming
1700,830,incoming
1700,1967,incoming
1700,228,incoming
1700,5526,incoming
1700,4657,incoming
830,484,incoming
830,5147,incoming
830,123,incoming
830,3876,incoming
830,5227,incoming
830,2612,outgoing
830,4657,outgoing
830,4629,incoming
830,2808,incoming
830,1578,incoming
830,5312,incoming
830,2481,incoming
830,5767,incoming
830,4906,incoming
830,4202,incoming
830,969,incoming
830,4381,incoming
830,4002,incoming
4332,3041,incoming
4332,140,incoming
4332,5712,incoming
4332,488,incoming
4332,645,incoming
4332,1597,incoming
4332,354,incoming
4332,2545,incoming
4332,5957,incoming
4332,1863,incoming
3041,140,incoming
3041,5712,incoming
3041,488,incoming
3041,645,incoming
3041,1597,incoming
3041,354,incoming
140,5712,incoming
140,488,incoming
140,645,incoming
140,1597,incoming
140,354,incoming
5712,488,incoming
5712,645,incoming
5712,1597,incoming
5712,354,incoming
5712,2545,incoming
5712,5957,incoming
5712,1863,incoming
488,645,incoming
488,1597,incoming
488,354,incoming
645,1597,incoming
645,354,incoming
645,2545,incoming
645,5957,incoming
645,1863,incoming
1597,354,incoming
1597,275,incoming
1597,4069,incoming
1597,913,incoming
1597,5686,incoming
1597,2545,incoming
1597,4377,incoming
1597,3129,incoming
1597,359,incoming
1597,3682,incoming
1597,2277,incoming
1597,5434,incoming
1597,804,incoming
1597,5738,incoming
1597,4859,incoming
1597,3813,incoming
1597,3673,incoming
354,2545,incoming
354,5957,incoming
354,1863,incoming
354,4377,incoming
354,3129,incoming
354,359,incoming
354,3682,incoming
354,2277,incoming
354,5434,incoming
354,804,incoming
354,5738,incoming
354,4859,incoming
354,3813,incoming
354,3673,outgoing
354,5615,incoming
354,576,outgoing
354,5808,incoming
2968,6130,incoming
2968,3554,incoming
6130,3554,incoming
6579,4710,incoming
6579,6371,incoming
6579,2333,incoming
6579,6017,incoming
6579,6548,incoming
6579,3491,incoming
6579,870,incoming
4710,6371,incoming
4710,2333,incoming
4710,6551,incoming
4710,5665,incoming
4710,6524,incoming
4710,5396,incoming
6371,2333,incoming
6371,6551,incoming
6371,5665,incoming
6371,1458,incoming
6371,4863,incoming
6371,6421,incoming
6371,2694,incoming
6371,4167,incoming
6371,5795,incoming
6371,2127,incoming
6371,6215,incoming
6371,402,incoming
6371,4729,incoming
6371,123,incoming
6371,6255,incoming
6371,6280,incoming
6371,6224,incoming
6371,6412,incoming
6371,1408,incoming
6371,4712,incoming
6371,1135,incoming
6371,6549,incoming
6371,4146,incoming
6371,5398,incoming
2333,6551,incoming
2333,5665,incoming
2333,1458,incoming
2333,4863,incoming
2333,6421,incoming
2333,2694,incoming
2333,4167,incoming
2333,5795,incoming
2333,6017,
2333,6548,incoming
2333,3491,incoming
2333,870,outgoing
2333,6289,incoming
2333,4447,outgoing
2333,1874,incoming
2333,4857,incoming
2333,2127,incoming
2333,6215,incoming
2333,402,incoming
2333,4729,incoming
2333,123,incoming
2333,3443,incoming
2333,6329,incoming
2333,624,incoming
2333,5360,incoming
2333,6373,incoming
2333,6247,incoming
2333,2735,incoming
2333,4722,incoming
2333,6365,incoming
2333,32,incoming
2333,3204,incoming
2333,1616,incoming
2333,6524,incoming
2333,5396,incoming
2333,5296,incoming
2333,5078,incoming
2333,6279,
2333,4712,incoming
2333,6404,incoming
2333,5443,outgoing
2333,5385,incoming
2333,4856,incoming
2333,6255,incoming
2333,6280,incoming
2333,6224,incoming
2333,6412,incoming
2333,1408,incoming
2333,2184,incoming
2333,2714,incoming
2333,1469,incoming
2333,1392,incoming
2333,6439,incoming
2333,2744,incoming
2333,6406,incoming
2333,6347,
2333,4714,incoming
2333,4164,incoming
2333,5251,incoming
2333,3145,incoming
2333,4253,
2333,1135,incoming
2333,4550,incoming
2333,6313,incoming
2333,6557,incoming
2333,5842,incoming
2333,2131,incoming
2333,4670,incoming
2333,6040,outgoing
2333,6362,outgoing
2333,2738,incoming
2333,602,incoming
2333,3495,outgoing
2333,4298,incoming
2333,5398,incoming
2333,2080,incoming
2333,6549,incoming
2333,4146,incoming
3057,813,incoming
813,3059,incoming
813,3821,incoming
813,4367,incoming
813,1983,incoming
813,5266,incoming
813,6315,outgoing
813,4968,incoming
5636,4395,incoming
5636,3348,incoming
5636,2695,incoming
5636,5328,incoming
5636,4447,incoming
5636,4857,incoming
5636,4689,incoming
5636,3283,incoming
5636,5928,incoming
5636,4007,incoming
4395,3348,incoming
4395,5655,incoming
3348,2695,incoming
3348,5328,incoming
3348,4447,incoming
3348,4857,incoming
3348,2727,incoming
3348,3016,
3348,2647,
3348,6254,incoming
3348,6008,outgoing
3348,882,incoming
3348,2352,incoming
3348,6049,incoming
3348,5086,incoming
3348,4144,incoming
3348,833,incoming
3348,5655,
3348,5760,incoming
3348,4689,incoming
3348,3283,incoming
3348,5928,incoming
3348,4007,incoming
3348,2959,incoming
3348,2029,incoming
3348,2218,incoming
3348,1360,incoming
3348,2474,incoming
3348,2710,incoming
3348,3805,incoming
3348,6250,incoming
3348,5588,incoming
2695,5328,incoming
2695,4447,incoming
2695,4857,incoming
2695,6254,incoming
2695,6008,incoming
2695,882,incoming
2695,2352,incoming
2695,6049,incoming
2695,5086,incoming
2695,5760,incoming
5328,4447,incoming
5328,4857,incoming
4447,4857,incoming
4447,6289,incoming
4447,1874,incoming
4447,1469,incoming
4447,2041,incoming
4447,6501,incoming
4447,6421,incoming
4447,2312,incoming
4447,6008,outgoing
4857,6587,incoming
4857,1392,incoming
4857,2703,incoming
4857,6541,incoming
4857,2744,incoming
4857,6406,incoming
4857,6347,incoming
4857,6289,incoming
4857,1874,incoming
4857,1469,incoming
4857,2041,incoming
4857,6501,incoming
4857,588,incoming
4857,209,incoming
4857,3648,incoming
4857,6181,incoming
4857,6421,incoming
4857,2312,incoming
4857,6008,incoming
6587,1392,incoming
6587,2703,incoming
6587,6541,incoming
6587,2744,incoming
6587,6406,incoming
6587,6347,incoming
6587,4800,incoming
6587,1756,incoming
6587,2792,incoming
1392,2703,incoming
1392,6541,incoming
1392,2744,incoming
1392,6406,incoming
1392,6347,incoming
1392,4800,incoming
1392,1756,incoming
1392,2792,incoming
1392,1469,incoming
1392,6439,incoming
2703,6541,incoming
2703,2744,incoming
2703,6406,incoming
2703,6347,incoming
6541,2744,incoming
6541,6406,incoming
6541,6347,incoming
2744,6406,incoming
2744,6347,incoming
2744,1469,incoming
2744,6439,incoming
6406,6347,incoming
6406,1469,incoming
6406,6439,incoming
6347,2698,incoming
6347,3217,incoming
6347,1338,incoming
6347,367,incoming
6347,6160,incoming
6347,6527,incoming
6347,2351,incoming
6347,2317,incoming
6347,5342,incoming
6347,6008,incoming
6347,4800,incoming
6347,1756,incoming
6347,2792,incoming
6347,5645,incoming
6347,5126,incoming
6347,2755,incoming
6347,3490,incoming
6347,2689,incoming
6347,6219,incoming
6347,855,incoming
6347,1469,incoming
6347,6439,incoming
6347,2314,incoming
6347,3460,incoming
6347,5723,incoming
6347,6459,incoming
6347,3149,incoming
4608,1693,incoming
4608,5647,incoming
4608,3523,incoming
4608,228,outgoing
4608,2714,incoming
4608,4018,incoming
4608,1738,incoming
4608,474,incoming
4608,5808,
4608,4071,outgoing
4608,2705,outgoing
4608,5849,outgoing
4608,3490,outgoing
4608,3312,outgoing
6345,6162,incoming
6345,6187,incoming
6345,2129,incoming
6345,6195,incoming
6345,1735,incoming
6345,2800,incoming
6345,6314,incoming
6345,6008,incoming
6345,2312,incoming
6345,6300,incoming
6345,6422,incoming
6345,5356,incoming
6345,606,incoming
6345,2742,incoming
6345,2193,incoming
6345,6549,incoming
6345,3492,incoming
6345,845,incoming
6345,6562,incoming
6345,3977,incoming
6345,1764,incoming
6345,4160,incoming
6345,6349,incoming
6345,6459,incoming
6162,6187,incoming
6162,2129,incoming
6162,6195,incoming
6162,1735,incoming
6162,2800,incoming
6162,6314,incoming
6162,6008,incoming
6187,2129,incoming
6187,6195,incoming
6187,1735,incoming
6187,2800,incoming
6187,6314,incoming
6187,6008,incoming
2129,6195,incoming
2129,1735,incoming
2129,2800,incoming
2129,6314,incoming
2129,6008,incoming
6195,1735,incoming
6195,2800,incoming
6195,6314,incoming
6195,6008,incoming
1735,2800,incoming
1735,6314,incoming
1735,6008,incoming
1735,1764,incoming
1735,4160,incoming
1735,6349,incoming
1735,2742,incoming
1735,6459,incoming
2800,6314,incoming
2800,6008,incoming
2800,2081,incoming
2800,6405,incoming
2800,6402,incoming
2800,1003,incoming
2800,2799,incoming
2800,4036,incoming
2800,6188,incoming
6314,6008,incoming
6314,1764,incoming
6314,4160,incoming
6314,6349,incoming
6314,2742,incoming
6314,6459,incoming
6008,6520,incoming
6008,6304,outgoing
6008,5319,incoming
6008,3218,incoming
6008,6032,incoming
6008,4158,incoming
6008,4147,incoming
6008,4161,incoming
6008,2312,outgoing
6008,6300,incoming
6008,6422,incoming
6008,5356,incoming
6008,606,incoming
6008,2742,incoming
6008,2193,incoming
6008,6549,incoming
6008,3492,incoming
6008,845,incoming
6008,6562,incoming
6008,3977,incoming
6008,6160,incoming
6008,2698,incoming
6008,1338,incoming
6008,2317,incoming
6008,2351,incoming
6008,5342,incoming
6008,1764,incoming
6008,4160,incoming
6008,6349,incoming
6008,6459,incoming
6008,6254,incoming
6008,882,incoming
6008,2352,incoming
6008,6049,incoming
6008,5086,incoming
6008,1737,incoming
6008,1464,incoming
6008,2460,incoming
6008,6189,incoming
6008,6176,incoming
6008,1772,incoming
6008,6469,incoming
6008,6023,outgoing
6008,6474,incoming
6008,377,incoming
6008,5760,incoming
6008,5282,incoming
6008,6352,incoming
6008,1739,incoming
6008,2788,outgoing
6008,6205,incoming
6008,6236,incoming
6008,810,incoming
6008,1754,outgoing
6008,2786,incoming
6008,6451,incoming
6008,5999,incoming
6008,6228,outgoing
6008,1306,incoming
6008,2314,incoming
6008,3460,incoming
6008,5723,incoming
6008,3149,incoming
2698,3217,incoming
2698,1338,incoming
2698,367,incoming
2698,6160,incoming
2698,6527,incoming
2698,2351,incoming
2698,2317,incoming
2698,5342,incoming
2698,2689,incoming
2698,6219,incoming
2698,855,incoming
3217,1338,incoming
3217,367,incoming
3217,6160,incoming
3217,6527,incoming
3217,2351,incoming
3217,2689,incoming
3217,6219,incoming
3217,855,incoming
1338,367,incoming
1338,6160,incoming
1338,6527,incoming
1338,2351,incoming
1338,2317,incoming
1338,5342,incoming
367,6160,incoming
367,6527,incoming
367,2351,incoming
6160,6527,incoming
6160,2351,incoming
6160,2317,incoming
6160,5342,incoming
6527,2351,incoming
2351,2317,incoming
2351,5342,incoming
2351,2689,incoming
2351,6219,incoming
2351,855,incoming
2351,2314,incoming
2351,3460,incoming
2351,5723,incoming
2351,6459,incoming
2351,3149,incoming
5343,6147,incoming
5343,2742,incoming
5343,2785,incoming
5343,6270,incoming
5343,5338,incoming
6147,2742,incoming
6147,2785,incoming
6147,6270,incoming
6147,5338,incoming
2742,2785,incoming
2742,6270,incoming
2742,5338,incoming
2742,2312,incoming
2742,6300,incoming
2742,6422,incoming
2742,5356,incoming
2742,606,incoming
2742,1764,incoming
2742,4160,incoming
2742,6349,incoming
2742,6459,incoming
2742,1737,incoming
2742,1464,incoming
2742,2460,incoming
2742,6189,incoming
2742,6176,incoming
2742,1772,incoming
2742,6469,incoming
2742,6023,incoming
2742,6474,incoming
2742,377,incoming
2785,6270,incoming
2785,5338,incoming
2785,2724,incoming
2785,3074,incoming
2785,6240,incoming
2785,3064,incoming
6270,5338,incoming
6270,6240,incoming
6270,5631,incoming
6270,2784,incoming
6270,2787,incoming
6270,487,incoming
5338,3966,
5338,2147,incoming
5338,3220,incoming
5338,3064,incoming
5338,807,incoming
5338,6259,incoming
5338,1733,incoming
5338,598,incoming
5338,2736,incoming
5338,2724,incoming
5338,3074,incoming
5338,6240,outgoing
5338,6524,incoming
5338,879,incoming
5338,5631,outgoing
5338,2784,incoming
5338,2787,incoming
5338,487,outgoing
5338,6243,incoming
5338,4723,incoming
5338,1873,outgoing
5338,5329,incoming
6326,6583,incoming
6326,2781,incoming
6583,2781,incoming
6583,2734,incoming
6583,2133,incoming
2781,2734,outgoing
2781,2133,incoming
6474,5758,incoming
6474,3067,incoming
6474,5061,incoming
6474,1772,incoming
6474,6469,incoming
6474,6023,incoming
6474,377,incoming
5758,3067,incoming
5758,5061,incoming
3067,5061,incoming
5061,2939,incoming
5061,941,incoming
5061,2068,incoming
5061,5770,incoming
5061,2242,incoming
5061,2307,incoming
5061,6259,
5061,5276,incoming
5061,4076,incoming
5061,1769,outgoing
5061,5534,incoming
5061,6328,incoming
5061,5182,incoming
5061,2807,incoming
5061,2228,incoming
5061,1485,incoming
5061,5540,incoming
2481,904,incoming
2481,4114,incoming
2481,1477,incoming
2481,5621,incoming
2481,5312,outgoing
2481,6059,incoming
2481,5147,incoming
2481,5767,incoming
2481,4906,incoming
904,4114,incoming
904,1477,incoming
904,5621,incoming
904,5312,incoming
904,6059,incoming
4114,1477,incoming
4114,5621,incoming
4114,5312,incoming
4114,6059,incoming
1477,5621,incoming
1477,5312,incoming
1477,6059,incoming
5621,5312,incoming
5621,6059,incoming
5312,6059,incoming
5312,3352,incoming
5312,45,incoming
5312,5901,incoming
5312,5147,outgoing
5312,2809,incoming
5312,969,incoming
5312,4629,incoming
5312,2808,incoming
5312,1578,incoming
5312,5767,incoming
5312,4906,incoming
5312,4202,incoming
5312,175,incoming
5312,1445,incoming
5312,4381,incoming
5312,4002,incoming
6059,6482,incoming
6059,4657,
6551,5665,incoming
5242,2259,incoming
5242,4966,incoming
5242,2182,incoming
5242,139,incoming
5242,3988,incoming
5242,50,incoming
2259,4966,incoming
2259,2182,
2259,139,incoming
2259,1507,incoming
2259,50,incoming
2259,4855,incoming
2259,3988,incoming
2259,4097,incoming
2259,2532,incoming
2259,1043,incoming
2259,1059,incoming
2259,1126,incoming
2259,385,incoming
2259,3939,incoming
2259,1898,incoming
2259,3177,incoming
2259,721,incoming
2259,5469,incoming
2259,3749,incoming
2259,1184,incoming
2259,727,incoming
2259,5815,incoming
2259,588,incoming
2259,2986,incoming
2259,662,incoming
2259,138,outgoing
4966,2182,incoming
4966,139,incoming
4966,2841,incoming
4966,6132,incoming
4966,4250,incoming
4966,426,incoming
4966,4577,incoming
2182,139,incoming
2182,2841,
2182,6132,incoming
2182,4250,incoming
2182,426,incoming
2182,4577,incoming
2182,1865,incoming
2182,3988,incoming
2182,527,incoming
2182,4578,incoming
2182,4356,
2182,1857,incoming
2182,5833,incoming
2182,6600,incoming
2182,5815,incoming
2182,50,incoming
2182,5046,incoming
2182,2697,incoming
2182,3083,incoming
2182,6133,outgoing
2182,1154,outgoing
2182,2532,incoming
2182,2146,incoming
2182,3679,incoming
2182,171,outgoing
2182,3787,
2182,2359,incoming
2182,5193,incoming
2182,3786,incoming
2182,1066,incoming
2182,4659,incoming
2182,1676,incoming
2182,4182,incoming
2182,6103,incoming
2182,3015,incoming
2182,4097,incoming
2182,1043,incoming
2182,1059,incoming
2182,1126,incoming
2182,385,incoming
2182,3939,incoming
2182,1898,incoming
2182,3177,incoming
2182,721,incoming
2182,5469,incoming
2182,3749,incoming
2182,4106,outgoing
2182,6594,outgoing
2182,1062,incoming
2182,838,outgoing
2182,1139,incoming
2182,453,outgoing
2182,1184,incoming
2182,727,incoming
2182,4269,outgoing
2182,2628,outgoing
2182,588,incoming
2182,2986,incoming
2182,662,incoming
2182,138,outgoing
139,3988,incoming
139,50,incoming
3352,45,incoming
3352,5901,incoming
3352,5147,incoming
3352,2809,incoming
3352,969,incoming
45,5901,incoming
45,5147,incoming
45,2809,incoming
45,969,incoming
5901,5147,incoming
5901,2809,incoming
5901,969,incoming
5901,1748,incoming
5901,2859,incoming
5901,5896,incoming
5901,1905,incoming
5901,2210,incoming
5901,5452,incoming
5901,701,incoming
5147,2809,incoming
5147,969,incoming
5147,484,incoming
5147,123,incoming
5147,5767,incoming
5147,4906,incoming
5147,175,incoming
5147,1445,incoming
2809,969,incoming
2809,136,outgoing
2809,5014,outgoing
2809,6137,incoming
2809,76,outgoing
2809,742,outgoing
969,4841,incoming
969,1130,incoming
969,4407,incoming
969,4767,incoming
969,1713,incoming
969,4923,incoming
969,4202,incoming
5500,3219,incoming
5500,1189,incoming
3219,1189,incoming
3219,3885,incoming
1189,3885,incoming
1189,2232,incoming
2704,4238,incoming
2704,2519,incoming
4238,2519,incoming
2519,459,incoming
2519,510,incoming
2519,1967,incoming
2519,1646,incoming
2408,5806,incoming
2408,3786,incoming
5806,5000,incoming
5806,4074,incoming
5806,4353,incoming
5806,5445,incoming
5806,957,incoming
5806,3786,incoming
5806,2300,outgoing
5806,4210,incoming
5806,4627,incoming
5806,4792,incoming
5806,576,incoming
5806,3129,incoming
5806,3628,incoming
1020,2836,incoming
1020,5526,incoming
1020,1079,incoming
1020,783,incoming
2836,5526,incoming
5526,4338,incoming
5526,678,incoming
5526,1079,incoming
5526,783,incoming
5526,934,outgoing
5526,1967,incoming
5526,228,incoming
5526,1074,incoming
5526,1616,incoming
1458,4863,incoming
1458,6421,incoming
1458,2694,incoming
1458,4167,incoming
1458,5795,incoming
4863,6421,incoming
4863,2694,incoming
4863,4167,incoming
4863,5795,incoming
6421,2694,incoming
6421,4167,incoming
6421,5795,incoming
6421,6289,incoming
6421,5296,incoming
6421,5078,incoming
6421,6524,incoming
6421,6279,incoming
6421,4714,incoming
6421,4164,incoming
6421,5251,incoming
6421,3145,incoming
2694,4167,incoming
2694,5795,incoming
4167,5795,incoming
4167,6040,incoming
4167,2738,incoming
4167,2127,incoming
4167,6362,incoming
4167,602,incoming
4167,3495,incoming
3914,4350,incoming
3914,1184,incoming
3914,2850,incoming
3914,1130,incoming
3914,2847,incoming
3914,1443,incoming
3914,4141,incoming
3914,3108,incoming
3914,3988,incoming
3914,5815,incoming
3914,6447,incoming
4350,1184,incoming
4350,2850,incoming
4350,1130,incoming
4350,2847,incoming
1184,2850,incoming
1184,1130,outgoing
1184,2847,incoming
1184,727,incoming
1184,5815,incoming
2850,1130,incoming
2850,2847,incoming
2850,4119,incoming
2850,2420,incoming
2850,5114,incoming
1130,2847,incoming
1130,4841,incoming
1130,4407,outgoing
1130,1443,outgoing
1130,4141,incoming
1130,1713,incoming
1130,3085,
1130,1439,incoming
1130,1625,incoming
1130,5894,incoming
1130,3989,incoming
1130,3988,outgoing
1130,5454,incoming
1130,5376,incoming
1130,1346,incoming
1130,3171,incoming
1130,703,incoming
1130,2210,incoming
1130,3645,outgoing
1130,2136,outgoing
1130,261,incoming
1130,5749,incoming
1130,4635,incoming
1130,508,incoming
1130,5815,
1130,1909,incoming
1130,4023,incoming
1130,4923,incoming
1130,3108,incoming
1130,6447,incoming
1130,3437,outgoing
1130,4071,incoming
1130,2862,incoming
1130,2459,incoming
1130,1182,incoming
1130,5480,incoming
1130,2180,incoming
1130,727,outgoing
1130,1914,outgoing
1130,1709,outgoing
3569,6322,incoming
3569,4217,incoming
3569,1116,incoming
3569,1306,incoming
3569,2754,incoming
3569,877,incoming
3569,860,incoming
6322,4217,incoming
6322,1116,incoming
6322,1306,incoming
4217,1116,incoming
4217,1306,incoming
4217,4218,incoming
4217,2754,incoming
4217,877,incoming
4217,860,incoming
4217,407,incoming
1116,1306,incoming
1306,4218,incoming
1306,2754,outgoing
1306,877,incoming
1306,860,incoming
1306,407,incoming
1306,2733,incoming
1306,6275,incoming
1306,4651,incoming
1306,3459,incoming
1306,2786,outgoing
1306,6451,incoming
1306,5999,incoming
1306,6228,incoming
129,232,incoming
129,1603,incoming
129,2963,incoming
129,1907,incoming
129,3978,incoming
129,5966,incoming
129,781,incoming
129,823,incoming
129,2214,incoming
129,52,incoming
129,3163,incoming
129,1660,incoming
129,4468,incoming
129,438,incoming
129,3595,incoming
129,3571,incoming
129,5780,outgoing
129,4100,incoming
129,2815,incoming
232,1603,incoming
232,2963,incoming
232,1907,incoming
232,3978,incoming
232,5966,incoming
232,781,incoming
232,823,
232,3814,incoming
232,1199,incoming
232,1021,outgoing
232,3163,incoming
232,1660,incoming
232,4468,outgoing
232,1158,outgoing
232,438,incoming
232,3595,incoming
232,3571,incoming
232,5780,outgoing
232,4100,incoming
232,2815,incoming
1603,2963,incoming
1603,1907,incoming
1603,3978,incoming
1603,5966,incoming
1603,781,incoming
1603,823,incoming
1603,3163,incoming
1603,1660,incoming
1603,4468,incoming
2963,1907,incoming
2963,3978,incoming
2963,5966,incoming
2963,781,incoming
2963,823,incoming
1907,3978,incoming
1907,5966,incoming
1907,781,incoming
1907,823,incoming
3978,5966,incoming
3978,781,incoming
3978,823,incoming
5966,781,incoming
5966,823,incoming
781,823,incoming
781,3163,incoming
781,1660,incoming
781,4468,incoming
781,4100,incoming
781,2815,incoming
6017,6548,incoming
6017,3491,incoming
6017,870,outgoing
6017,4712,incoming
6017,6404,incoming
6017,5443,outgoing
6017,5385,incoming
6017,4856,incoming
6548,3491,incoming
6548,870,incoming
3491,870,incoming
870,6203,incoming
870,5840,incoming
870,2713,incoming
870,493,incoming
870,4407,incoming
870,6459,incoming
870,6192,incoming
870,3141,incoming
870,839,incoming
870,6190,incoming
870,959,incoming
870,4162,incoming
870,6288,incoming
870,6234,incoming
870,4071,incoming
870,2120,incoming
870,6353,incoming
870,6508,incoming
870,2181,incoming
870,1182,incoming
870,3471,incoming
870,3208,incoming
6289,1874,incoming
6289,1616,incoming
6289,5296,incoming
6289,5078,incoming
6289,6524,incoming
6289,6279,incoming
2841,6132,incoming
2841,4250,incoming
2841,426,incoming
2841,4577,incoming
2841,2146,incoming
2841,3679,incoming
2841,171,outgoing
2841,3787,
2841,527,incoming
2841,5046,incoming
2841,1066,incoming
2841,4659,incoming
2841,1154,outgoing
2841,4269,outgoing
2841,2628,outgoing
6132,4250,incoming
6132,426,incoming
6132,4577,incoming
4250,426,incoming
4250,4577,incoming
4250,527,incoming
4250,2359,incoming
4250,5193,incoming
4250,3786,incoming
4250,1676,incoming
4250,4182,incoming
4250,6103,incoming
4250,3015,incoming
4250,4106,incoming
4250,6594,incoming
4250,1062,incoming
4250,838,incoming
4250,1139,incoming
4250,453,incoming
426,4577,incoming
3028,2987,incoming
3028,3051,incoming
2987,3051,incoming
3051,2063,incoming
3051,4388,incoming
3051,694,incoming
3051,3001,outgoing
3051,827,incoming
3051,4054,incoming
3051,2139,incoming
4841,4407,incoming
4841,1713,incoming
4841,4923,incoming
4407,2821,incoming
4407,1429,incoming
4407,1182,incoming
4407,5079,incoming
4407,5797,incoming
4407,4414,incoming
4407,2344,incoming
4407,6203,incoming
4407,5840,incoming
4407,2713,incoming
4407,493,incoming
4407,6459,incoming
4407,6508,incoming
4407,5798,incoming
4407,3998,incoming
4407,6512,incoming
4407,4071,incoming
4407,6192,incoming
4407,3141,incoming
4407,839,incoming
4407,6190,incoming
4407,959,incoming
4407,1713,incoming
4407,6288,incoming
4407,2120,incoming
4407,6353,incoming
4407,2181,incoming
4407,956,incoming
4407,3471,incoming
4407,3208,incoming
4407,414,incoming
4407,5894,outgoing
2127,6215,incoming
2127,402,incoming
2127,4729,incoming
2127,123,incoming
2127,6040,incoming
2127,2738,incoming
2127,6362,incoming
2127,602,incoming
2127,3495,incoming
6215,402,incoming
6215,4729,incoming
6215,123,incoming
402,4729,incoming
402,123,incoming
4729,123,incoming
4729,3326,incoming
4729,2140,incoming
4729,4711,incoming
4729,900,incoming
4729,4550,incoming
4729,6313,incoming
4729,6557,incoming
123,484,incoming
123,2155,incoming
123,1461,incoming
123,500,incoming
123,2110,incoming
123,412,incoming
123,5536,incoming
123,1610,incoming
123,3948,incoming
123,3391,incoming
123,3330,incoming
123,4034,incoming
123,173,incoming
123,4241,incoming
123,3452,incoming
123,3576,incoming
123,4984,incoming
123,35,incoming
123,3258,incoming
123,973,incoming
123,5283,incoming
123,2369,incoming
123,4773,incoming
123,5560,incoming
123,4828,incoming
123,584,incoming
123,1573,outgoing
123,727,incoming
123,2475,incoming
123,4741,incoming
123,3329,incoming
123,1638,incoming
123,2743,incoming
123,2705,incoming
123,4323,incoming
123,1262,incoming
123,4089,incoming
123,2823,incoming
123,5088,incoming
3481,6470,incoming
3481,1585,incoming
3481,1591,incoming
3481,517,incoming
6470,1585,incoming
6470,1591,incoming
6470,517,incoming
1585,1591,incoming
1585,517,incoming
1591,517,incoming
517,442,incoming
517,4232,incoming
517,764,incoming
517,4521,incoming
517,5355,incoming
517,4544,incoming
517,2602,incoming
517,5964,incoming
517,6291,incoming
517,5917,outgoing
517,449,incoming
517,19,incoming
517,3125,incoming
517,4007,incoming
517,3369,incoming
4338,678,incoming
1614,3636,incoming
1614,5947,incoming
1614,3959,incoming
1614,2414,incoming
1476,2898,incoming
1476,5657,incoming
1476,2478,incoming
1476,3172,incoming
1476,60,incoming
2898,5657,incoming
2898,2478,incoming
2898,3172,incoming
2898,60,incoming
5657,2478,incoming
5657,3172,incoming
5657,60,incoming
2478,3172,incoming
2478,60,incoming
3172,60,incoming
1079,783,incoming
1748,2859,incoming
1748,5896,incoming
1748,1905,incoming
1748,2210,incoming
2859,5896,incoming
2859,1905,incoming
2859,2210,incoming
5896,1905,incoming
5896,2210,incoming
1905,2210,incoming
2210,3989,incoming
2210,3988,incoming
2210,5454,incoming
2210,5376,incoming
2210,1346,incoming
2210,3171,incoming
2210,703,incoming
3443,6329,incoming
3443,624,incoming
3443,5360,incoming
3443,6373,incoming
6329,624,incoming
6329,5360,incoming
6329,6373,incoming
624,5360,incoming
624,6373,incoming
5360,6373,incoming
4646,4765,incoming
4646,5373,incoming
4646,4274,incoming
4646,1909,incoming
4646,4416,incoming
4646,742,incoming
4765,5373,incoming
4765,4274,incoming
4765,1909,incoming
4765,4416,incoming
4765,742,incoming
5373,4274,incoming
5373,1909,incoming
5373,4416,incoming
5373,742,incoming
5373,5346,incoming
5373,5364,incoming
5373,6188,incoming
5373,3476,incoming
5373,1003,incoming
5373,6176,incoming
5373,6534,incoming
5373,4253,incoming
5373,6257,incoming
5373,1052,incoming
5373,6599,incoming
5373,2731,incoming
5373,5646,incoming
5373,6390,incoming
5373,4727,incoming
5373,2132,incoming
4274,1909,
4274,4416,incoming
4274,742,incoming
4274,2982,incoming
4274,1310,incoming
4274,1916,incoming
4274,5658,outgoing
4274,1760,incoming
4274,4632,incoming
4274,258,incoming
1909,4416,incoming
1909,742,incoming
1909,2982,incoming
1909,1310,incoming
1909,3645,incoming
1909,2136,incoming
1909,261,incoming
1909,5749,incoming
1909,4635,incoming
1909,508,incoming
1909,5815,incoming
1909,4023,incoming
1909,1916,incoming
1909,5658,outgoing
1909,1760,incoming
1909,4632,incoming
1909,258,incoming
4416,742,incoming
742,1623,incoming
742,5254,incoming
742,2257,outgoing
742,5014,incoming
742,6137,incoming
742,76,outgoing
742,5184,incoming
5346,5364,incoming
5346,6188,incoming
5346,3476,incoming
5346,1003,incoming
5346,6176,incoming
5346,6534,incoming
5346,4253,incoming
5346,6257,incoming
5364,6188,incoming
6188,2081,incoming
6188,6405,incoming
6188,6402,incoming
6188,1003,incoming
6188,2799,incoming
6188,4036,incoming
6188,750,incoming
6188,1055,incoming
6188,2157,incoming
6188,2721,outgoing
6188,1729,outgoing
6188,3476,incoming
6188,6176,incoming
6188,6534,incoming
6188,4253,incoming
6188,6257,incoming
6188,1052,outgoing
6188,6599,outgoing
6188,2731,outgoing
6188,4142,outgoing
6188,1009,outgoing
6188,5646,outgoing
6188,6390,incoming
6188,4727,incoming
6188,2132,incoming
6188,4913,outgoing
1507,50,incoming
1507,4855,incoming
50,4855,incoming
50,3988,incoming
50,727,incoming
50,530,incoming
50,2568,incoming
50,3250,incoming
50,1001,incoming
50,5991,incoming
50,3010,outgoing
50,2220,incoming
4855,3436,incoming
4855,4741,outgoing
4855,452,incoming
4855,226,incoming
4855,4077,incoming
4855,1885,incoming
4855,30,incoming
4855,1690,incoming
4855,401,incoming
4855,3368,outgoing
4855,200,outgoing
4855,4291,incoming
4855,743,incoming
4855,4512,incoming
4855,1698,incoming
4855,1133,incoming
4855,772,outgoing
4855,2301,incoming
3362,5420,incoming
3362,4438,incoming
3362,2381,incoming
3362,5185,incoming
3362,3420,incoming
3362,1452,incoming
5420,4438,incoming
5420,2381,incoming
5420,5185,incoming
4438,2381,incoming
4438,5185,incoming
2381,5185,incoming
5185,3420,incoming
5185,1452,incoming
5833,1439,incoming
5833,2849,incoming
5833,2787,incoming
5833,1857,incoming
5833,6600,incoming
5833,5815,incoming
5833,3988,incoming
1439,2849,incoming
1439,2787,incoming
1439,3085,incoming
1439,1625,incoming
1439,5894,incoming
1439,3989,incoming
1439,3988,incoming
1439,5815,incoming
1439,1709,incoming
2849,2787,incoming
2787,6240,incoming
2787,5631,incoming
2787,2784,incoming
2787,487,incoming
3646,150,incoming
3646,1355,incoming
3646,4782,incoming
3646,1025,incoming
3646,3319,incoming
150,1355,incoming
150,4782,incoming
150,1025,incoming
150,3319,incoming
1355,4782,
1355,1025,incoming
1355,3319,
1355,3735,outgoing
1355,2257,
1355,3626,incoming
1355,4195,incoming
1355,2279,incoming
4782,1025,incoming
4782,3319,
4782,3735,outgoing
4782,2257,
1025,3319,incoming
3319,3735,outgoing
3319,2257,
3319,3712,outgoing
3319,3710,outgoing
3319,1887,outgoing
3319,5370,outgoing
3319,1671,outgoing
3319,3590,
6507,805,incoming
6507,5323,incoming
6507,2731,incoming
805,5323,incoming
805,2731,incoming
5323,2731,incoming
2731,6534,incoming
2731,1052,incoming
2731,1003,incoming
2731,6599,incoming
2731,6176,incoming
5920,1612,incoming
5920,228,incoming
1612,228,incoming
228,5647,incoming
228,3523,incoming
228,348,incoming
228,5682,incoming
228,5677,incoming
228,1967,incoming
228,4657,outgoing
3959,5947,incoming
3959,198,incoming
3959,3998,incoming
3959,3575,incoming
3959,1195,incoming
3959,2414,incoming
3959,2237,incoming
3959,5644,outgoing
3959,173,outgoing
3959,4271,outgoing
5947,2414,incoming
5947,3923,incoming
1248,2961,incoming
1248,6053,incoming
1248,3005,incoming
1248,1222,incoming
1248,5354,incoming
1248,6577,incoming
1248,1728,incoming
1248,2318,incoming
1248,4253,
1248,5053,incoming
2961,6053,incoming
2961,3005,incoming
2961,1222,incoming
6053,3005,incoming
6053,1222,incoming
3005,1222,incoming
2821,1429,incoming
2821,1182,incoming
2821,956,incoming
2821,414,incoming
2821,5894,incoming
1429,1182,incoming
1182,2213,incoming
1182,5279,incoming
1182,1707,outgoing
1182,6459,incoming
1182,6508,incoming
1182,2181,incoming
1182,956,incoming
1182,4359,incoming
1182,1443,incoming
1182,3437,incoming
1182,4071,incoming
1182,2862,incoming
1182,2459,incoming
1182,5480,incoming
1182,3342,
1182,3675,outgoing
1182,937,incoming
1182,414,incoming
1182,5894,incoming
1182,5071,outgoing
1182,3994,outgoing
1182,5167,incoming
1182,5647,incoming
1182,5238,incoming
1182,5703,incoming
1182,5245,incoming
1182,1794,incoming
4772,6487,incoming
4772,3407,incoming
4772,3159,incoming
6487,3407,incoming
6487,3159,incoming
3407,3159,incoming
3159,1058,outgoing
3159,193,incoming
3159,3610,incoming
3159,457,incoming
3159,1252,outgoing
1865,3988,incoming
1865,527,incoming
1865,4578,incoming
1865,4356,incoming
3988,527,incoming
3988,4578,incoming
3988,4356,incoming
3988,1857,incoming
3988,6600,incoming
3988,5815,outgoing
3988,3989,incoming
3988,5454,incoming
3988,5376,incoming
3988,1346,incoming
3988,3171,incoming
3988,703,incoming
3988,1443,incoming
3988,3108,incoming
3988,6447,incoming
3988,4005,incoming
3988,3399,incoming
3988,2612,incoming
527,4578,incoming
527,4356,incoming
527,5046,incoming
527,2697,incoming
527,3083,incoming
527,6133,incoming
527,2359,incoming
527,5193,incoming
527,3786,incoming
527,4280,incoming
527,959,incoming
527,3989,incoming
527,4005,incoming
527,3399,incoming
527,2612,incoming
527,5815,incoming
527,1057,incoming
527,4333,incoming
527,5653,incoming
527,5713,incoming
527,4657,incoming
4578,4356,incoming
5079,5797,incoming
5079,4414,incoming
5079,2344,incoming
5797,4414,incoming
5797,2344,incoming
4414,2344,incoming
2344,4142,incoming
2344,5348,incoming
2344,2835,incoming
2344,4372,incoming
2344,6278,incoming
2344,1143,incoming
6203,5840,incoming
6203,2713,incoming
6203,493,incoming
6203,6459,incoming
6203,839,incoming
6203,4071,incoming
5840,2713,incoming
5840,493,incoming
5840,6459,incoming
5840,839,incoming
5840,4071,incoming
2713,493,incoming
2713,6459,incoming
2713,6192,incoming
2713,3141,incoming
2713,839,incoming
2713,6190,incoming
2713,959,incoming
493,6459,incoming
493,4162,incoming
493,6288,incoming
493,6234,incoming
493,959,incoming
493,839,incoming
493,4071,incoming
493,2120,incoming
493,6353,incoming
493,6192,incoming
493,3471,incoming
493,3208,incoming
6459,6508,incoming
6459,5798,incoming
6459,3998,incoming
6459,6512,incoming
6459,4071,incoming
6459,6192,incoming
6459,3141,incoming
6459,839,incoming
6459,6190,incoming
6459,959,incoming
6459,4162,incoming
6459,6288,incoming
6459,6234,incoming
6459,1764,incoming
6459,4160,incoming
6459,6349,incoming
6459,2120,incoming
6459,6353,incoming
6459,2181,incoming
6459,3471,incoming
6459,3208,incoming
6459,2314,incoming
6459,3460,incoming
6459,5723,incoming
6459,3149,incoming
309,4570,incoming
309,5786,incoming
309,485,incoming
309,2276,incoming
309,2044,incoming
309,1285,incoming
309,1039,incoming
309,1880,incoming
4570,5786,incoming
4570,485,incoming
4570,2276,incoming
4570,2044,incoming
4570,1285,incoming
4570,1039,incoming
4570,1880,incoming
5786,485,incoming
5786,2276,incoming
5786,2044,incoming
5786,1285,incoming
5786,1039,incoming
5786,1880,incoming
5786,303,incoming
5786,784,incoming
5786,2948,incoming
485,2276,incoming
485,2044,incoming
485,1285,incoming
485,1039,incoming
485,1880,incoming
2276,2044,incoming
2276,1285,incoming
2276,1039,incoming
2276,1880,incoming
2044,1285,incoming
2044,1039,incoming
2044,1880,incoming
1285,1039,incoming
1285,1880,incoming
1039,1880,incoming
1880,303,incoming
1880,784,incoming
1880,2948,incoming
2213,5279,incoming
2213,1707,incoming
5279,1707,incoming
1707,5647,incoming
1707,5238,incoming
1707,5703,incoming
1707,5245,incoming
213,2468,incoming
213,1373,incoming
213,3070,incoming
213,4335,incoming
213,1738,incoming
2468,1373,incoming
2468,3070,incoming
2468,4335,incoming
2468,1738,incoming
1373,3070,incoming
1373,4335,incoming
1373,1738,incoming
1373,5270,incoming
1373,3086,incoming
1373,2475,incoming
1373,4319,incoming
1373,4173,incoming
1373,3349,incoming
3070,4335,incoming
3070,1738,incoming
4335,1738,incoming
1738,4339,incoming
1738,1388,incoming
1738,3993,incoming
1738,2714,outgoing
1738,4018,incoming
1738,474,incoming
1738,3621,incoming
1738,1782,incoming
1738,1157,incoming
1738,5375,incoming
1738,176,incoming
1738,4569,incoming
122,769,incoming
122,138,incoming
122,3200,incoming
122,3185,incoming
122,5536,incoming
122,1195,incoming
769,138,incoming
769,3668,incoming
138,3668,outgoing
138,588,incoming
138,2986,incoming
138,662,incoming
138,3749,incoming
2081,6405,incoming
2081,6402,incoming
2081,1003,incoming
2081,2799,incoming
2081,4036,incoming
6405,6402,incoming
6405,1003,incoming
6405,2799,incoming
6405,4036,incoming
6402,1003,incoming
6402,2799,incoming
6402,4036,incoming
1003,2799,incoming
1003,4036,incoming
1003,3476,incoming
1003,6176,incoming
1003,6534,incoming
1003,4253,incoming
1003,6257,incoming
1003,1052,incoming
1003,6599,incoming
1003,4142,incoming
1003,1009,incoming
1003,5646,incoming
1003,6390,incoming
1003,4727,incoming
1003,2132,incoming
2799,4036,incoming
5264,1808,incoming
5264,2012,incoming
5264,1167,incoming
5264,291,incoming
5264,699,incoming
5264,4644,incoming
5264,960,incoming
5264,1148,incoming
1808,2012,incoming
1808,1167,incoming
1808,291,incoming
1808,699,incoming
1808,4644,incoming
1808,960,incoming
1808,1148,incoming
1808,5064,incoming
1808,5668,incoming
1808,1051,incoming
1808,1254,incoming
1808,2518,incoming
2012,1167,incoming
2012,291,incoming
2012,699,incoming
2012,4644,incoming
2012,960,incoming
2012,1148,incoming
1167,291,incoming
1167,699,incoming
1167,4644,incoming
1167,960,incoming
1167,1148,incoming
291,699,incoming
291,4644,incoming
291,960,incoming
291,1148,incoming
699,4644,incoming
699,960,incoming
699,1148,incoming
4644,960,incoming
4644,1148,incoming
960,1148,incoming
1148,1168,incoming
1148,471,incoming
1148,2518,incoming
1148,1254,incoming
1148,1311,outgoing
442,4232,incoming
442,764,incoming
442,4521,incoming
4232,764,incoming
4232,4521,incoming
764,4521,incoming
764,3998,incoming
764,4165,incoming
764,1995,outgoing
764,4840,incoming
764,1247,incoming
764,1087,incoming
764,5224,incoming
764,3019,incoming
764,6522,incoming
764,4369,incoming
764,6391,incoming
764,22,incoming
764,4456,incoming
764,1135,incoming
764,5480,incoming
764,5388,incoming
764,1998,incoming
5812,953,incoming
5812,778,incoming
953,778,incoming
778,3680,outgoing
750,1055,incoming
750,2157,incoming
1055,2157,incoming
6520,6304,incoming
6520,5319,incoming
6520,3218,incoming
6520,6032,incoming
6520,4158,incoming
6520,4147,incoming
6520,4161,incoming
6304,5319,incoming
6304,3218,incoming
6304,6032,incoming
6304,4158,incoming
6304,4147,incoming
6304,4161,incoming
6304,5282,incoming
6304,6352,incoming
6304,1739,incoming
6304,2788,outgoing
6304,6205,incoming
6304,6236,incoming
6304,810,incoming
6304,1754,outgoing
6304,6171,incoming
6304,878,incoming
5319,3218,incoming
5319,6032,incoming
5319,4158,incoming
5319,4147,incoming
5319,4161,incoming
3218,6032,incoming
3218,4158,incoming
3218,4147,incoming
3218,4161,incoming
6032,4158,incoming
6032,4147,incoming
6032,4161,incoming
4158,4147,incoming
4158,4161,incoming
4147,4161,incoming
2939,941,incoming
2939,2068,incoming
2939,5770,incoming
2939,2242,incoming
2939,509,incoming
2939,5884,incoming
941,2068,incoming
941,5770,incoming
941,2242,incoming
2068,5770,incoming
2068,2242,incoming
5770,2242,incoming
2242,509,outgoing
2242,5884,incoming
2242,991,incoming
2242,3552,incoming
2242,5437,incoming
2242,3380,incoming
2242,5460,incoming
4142,5348,incoming
4142,2835,incoming
4142,4372,incoming
4142,6278,incoming
4142,1143,incoming
4142,1009,incoming
4142,5646,outgoing
5348,2835,incoming
5348,4372,incoming
5348,6278,incoming
5348,1143,incoming
2835,4372,incoming
2835,6278,incoming
2835,1143,incoming
2835,6258,incoming
2835,4558,incoming
2835,5315,incoming
4372,6278,incoming
4372,1143,incoming
6278,1143,incoming
3200,3185,incoming
5561,2203,incoming
5561,875,incoming
5561,5419,incoming
5561,2646,incoming
5561,471,incoming
2203,875,incoming
2312,6300,incoming
2312,6422,incoming
2312,5356,incoming
2312,606,incoming
2312,2193,incoming
6300,6422,incoming
6300,5356,incoming
6300,606,incoming
6300,2193,incoming
6422,5356,incoming
6422,606,incoming
5356,606,incoming
5356,2193,incoming
606,2193,incoming
4218,2754,incoming
4218,407,incoming
2754,877,incoming
2754,860,incoming
6508,5798,incoming
6508,3998,incoming
6508,6512,incoming
6508,4071,incoming
6508,2181,incoming
5798,3998,incoming
5798,6512,incoming
5798,4071,incoming
3998,6512,incoming
3998,4071,incoming
3998,198,incoming
3998,3575,incoming
3998,1195,incoming
3998,6173,incoming
3998,126,incoming
3998,3901,incoming
3998,4165,incoming
3998,1995,incoming
3998,4017,outgoing
6512,4071,incoming
4071,839,incoming
4071,6288,incoming
4071,2120,incoming
4071,6353,incoming
4071,3108,incoming
4071,3685,incoming
4071,3919,incoming
4071,1406,incoming
4071,317,incoming
4071,3845,incoming
4071,6192,incoming
4071,3471,incoming
4071,3208,incoming
4071,1443,incoming
4071,3437,incoming
4071,2862,incoming
4071,2459,incoming
4071,5480,incoming
4071,5808,outgoing
4071,2705,outgoing
4071,5849,outgoing
311,5241,incoming
311,235,incoming
311,2658,incoming
5241,235,incoming
5241,2658,incoming
235,2658,incoming
2658,5938,incoming
4552,5159,incoming
4552,4358,incoming
4552,4769,incoming
4552,3129,incoming
5159,4358,incoming
5159,4769,incoming
5159,3129,incoming
4358,4769,incoming
4358,3129,incoming
4769,3129,incoming
3129,4210,incoming
3129,4627,incoming
3129,4792,incoming
3129,576,outgoing
3129,5151,incoming
3129,4406,incoming
3129,4377,incoming
3129,359,incoming
3129,3682,incoming
3129,2277,incoming
3129,5434,incoming
3129,1665,incoming
3129,3301,incoming
3129,4514,outgoing
3129,5615,outgoing
3129,5886,incoming
3129,3196,outgoing
3129,2271,outgoing
3129,804,incoming
3129,5738,incoming
3129,5808,incoming
1713,4923,incoming
3016,2647,
2041,3562,incoming
2041,174,incoming
2041,4690,incoming
2041,5961,incoming
2041,6501,incoming
3562,174,incoming
3562,4690,incoming
3562,5961,incoming
3562,387,incoming
3562,5439,incoming
3562,257,incoming
3562,1718,incoming
3562,1781,incoming
3562,4449,incoming
3562,1714,incoming
174,4690,incoming
174,5961,incoming
4690,5961,incoming
3436,4741,incoming
3436,452,incoming
3436,226,incoming
3436,4077,incoming
4741,452,incoming
4741,226,incoming
4741,4077,incoming
4741,3576,incoming
4741,3329,incoming
452,226,incoming
452,4077,incoming
226,4077,incoming
484,173,incoming
484,4241,incoming
484,2155,incoming
484,1573,incoming
6247,2735,incoming
6247,4722,incoming
6247,6365,incoming
6247,32,incoming
6247,3204,incoming
6247,6219,incoming
6247,6233,incoming
6247,6224,incoming
6247,6538,incoming
6247,1414,incoming
6247,5399,incoming
2735,4722,incoming
2735,6365,incoming
2735,32,incoming
2735,3204,incoming
4722,6365,incoming
4722,32,incoming
4722,3204,incoming
6365,32,incoming
6365,3204,incoming
32,3204,incoming
1857,6600,incoming
1857,5815,incoming
6600,5815,incoming
5815,3645,outgoing
5815,2136,outgoing
5815,261,incoming
5815,5749,incoming
5815,4635,incoming
5815,508,incoming
5815,4023,incoming
5815,1443,outgoing
5815,3108,
5815,6447,incoming
5815,3989,incoming
5815,4005,incoming
5815,3399,incoming
5815,2612,incoming
5815,1709,outgoing
5815,727,incoming
57,2223,incoming
57,1915,incoming
57,3430,incoming
57,210,incoming
57,3468,incoming
57,4835,incoming
57,1042,incoming
57,4106,incoming
2223,1915,incoming
2223,3430,incoming
2223,210,incoming
2223,3468,incoming
2223,4835,incoming
2223,1042,incoming
2223,4106,incoming
1915,3430,incoming
1915,210,incoming
1915,3468,incoming
1915,4835,incoming
1915,1042,incoming
1915,4106,incoming
3430,210,incoming
3430,3468,incoming
3430,4835,incoming
3430,1042,incoming
3430,4106,incoming
210,3468,incoming
210,4835,incoming
210,1042,incoming
210,4106,incoming
3468,4835,incoming
3468,1042,incoming
3468,4106,incoming
4835,1042,incoming
4835,4106,incoming
1042,4106,incoming
1042,6364,incoming
1042,3176,incoming
4106,6594,outgoing
4106,1062,incoming
4106,838,outgoing
4106,1139,incoming
4106,453,outgoing
4163,3205,incoming
4163,2714,incoming
4163,6429,incoming
4163,6111,incoming
4163,3282,incoming
4163,6544,incoming
4163,4105,incoming
4163,1157,incoming
3205,2714,incoming
3205,6429,incoming
3205,6111,incoming
3205,3282,incoming
2714,6429,incoming
2714,6111,incoming
2714,3282,incoming
2714,6544,incoming
2714,4105,incoming
2714,1157,incoming
2714,4018,incoming
2714,474,incoming
2714,3649,incoming
2714,1810,incoming
2714,4475,incoming
2714,5396,incoming
2714,2184,incoming
2714,5375,incoming
2714,6280,incoming
2714,4298,incoming
2714,5398,incoming
2714,2080,incoming
6429,6111,incoming
6429,3282,incoming
6111,3282,incoming
409,2307,incoming
409,4264,incoming
409,5593,incoming
409,3010,incoming
409,2966,incoming
409,6337,incoming
409,1616,outgoing
409,2965,incoming
409,5109,incoming
409,4933,incoming
409,4323,incoming
409,3329,incoming
409,5146,incoming
2307,4264,incoming
2307,5593,incoming
2307,6259,incoming
2307,5276,incoming
2307,4076,incoming
2307,1769,incoming
2307,5534,incoming
2307,5182,incoming
2307,2807,incoming
2307,2228,incoming
2307,1485,incoming
2307,5540,incoming
4264,5593,incoming
2155,1461,incoming
2155,500,incoming
2155,2110,incoming
2155,1573,incoming
2155,727,incoming
2155,1610,incoming
2155,2475,incoming
1461,500,incoming
1461,2110,incoming
500,2110,incoming
2110,727,incoming
2110,1610,incoming
2110,2475,outgoing
877,860,incoming
840,803,incoming
840,6248,incoming
840,4548,incoming
840,854,incoming
803,6248,incoming
803,4548,incoming
803,854,incoming
6248,4548,incoming
6248,854,incoming
4548,854,incoming
5191,2117,incoming
5191,1270,incoming
5191,3590,incoming
5191,2430,incoming
5191,5808,incoming
2117,1270,incoming
2117,3590,incoming
2117,2430,incoming
2117,5808,incoming
2117,1576,incoming
2117,2857,incoming
2117,6292,incoming
2117,5628,incoming
2117,2426,incoming
1270,3590,incoming
1270,2430,incoming
1270,5808,incoming
1270,3363,incoming
1270,496,incoming
1270,2329,incoming
1270,2004,incoming
1270,1307,incoming
1270,432,incoming
1270,4589,incoming
1270,2857,incoming
1270,1180,incoming
1270,618,incoming
3590,2430,incoming
3590,5808,incoming
3590,5809,incoming
3590,4589,incoming
3590,2858,incoming
3590,572,incoming
3590,2840,outgoing
3590,945,outgoing
3590,3363,incoming
3590,496,incoming
3590,2329,incoming
3590,2004,incoming
3590,1307,incoming
3590,432,incoming
3590,3558,incoming
3590,2857,incoming
3590,1180,incoming
3590,618,incoming
3590,1576,incoming
3590,6292,incoming
3590,5628,incoming
3590,2426,incoming
3590,423,outgoing
3590,5728,incoming
3590,913,incoming
3590,4069,incoming
3590,2209,outgoing
3590,2544,incoming
3590,3877,incoming
3590,3916,incoming
3590,5434,outgoing
3590,3787,outgoing
3590,4593,outgoing
3590,3712,outgoing
3590,3710,outgoing
3590,1887,outgoing
3590,5370,outgoing
3590,1671,outgoing
2430,5808,incoming
2430,5809,incoming
2430,4589,incoming
2430,3363,incoming
2430,496,incoming
2430,2329,incoming
2430,2004,incoming
2430,1307,incoming
2430,432,incoming
2430,3558,incoming
2430,2857,incoming
2430,1180,incoming
2430,618,incoming
2430,1576,incoming
2430,6292,incoming
2430,5628,incoming
2430,2426,incoming
2430,2428,incoming
2430,5434,incoming
2430,2257,incoming
2430,2544,incoming
2430,3877,outgoing
5808,1576,incoming
5808,2857,incoming
5808,6292,incoming
5808,5628,incoming
5808,2426,incoming
5808,2705,outgoing
5808,5849,outgoing
5808,3523,incoming
5808,4509,incoming
5808,3953,incoming
5808,3490,outgoing
5808,3312,outgoing
5808,5615,incoming
5808,576,incoming
1743,3415,incoming
1743,1691,incoming
1743,644,incoming
1743,5326,incoming
1743,2221,incoming
1743,4982,incoming
1743,6432,incoming
3415,1691,incoming
3415,644,incoming
3415,5326,incoming
3415,2221,incoming
3415,4982,incoming
3415,6432,incoming
3415,4682,incoming
3415,5153,incoming
1691,644,incoming
1691,5326,incoming
1691,2221,
1691,4982,outgoing
1691,6432,incoming
1691,4682,incoming
1691,5153,incoming
644,5326,incoming
644,2221,incoming
644,4982,incoming
644,6432,incoming
5326,2221,incoming
5326,4982,incoming
5326,6432,incoming
2221,4982,outgoing
2221,6432,incoming
4982,6432,incoming
4982,3854,incoming
4982,5007,incoming
4982,2077,outgoing
6432,4682,incoming
6432,5153,incoming
6192,3141,incoming
6192,839,incoming
6192,6190,incoming
6192,959,incoming
6192,3471,incoming
3141,839,incoming
3141,6190,incoming
3141,959,incoming
839,6190,incoming
839,959,incoming
839,3471,incoming
6190,959,incoming
959,4162,incoming
959,6288,incoming
959,6234,incoming
959,4280,incoming
959,5536,incoming
959,4887,incoming
959,5032,incoming
959,4080,incoming
959,160,outgoing
959,5558,incoming
959,1786,incoming
959,5012,incoming
959,2356,incoming
959,2572,incoming
4537,449,incoming
4537,4544,incoming
4537,5917,incoming
4537,1502,incoming
4537,2222,incoming
4537,4584,incoming
4537,6067,incoming
4537,1853,incoming
4537,19,incoming
4537,2631,incoming
4537,118,incoming
449,4544,
449,5917,
449,5518,incoming
449,5149,incoming
449,2891,incoming
449,4000,incoming
449,440,incoming
449,19,incoming
449,3125,incoming
449,4007,incoming
449,3369,incoming
4544,5917,
4544,5355,outgoing
4544,2765,incoming
4544,2604,incoming
4544,4557,incoming
4544,2222,incoming
4544,687,incoming
4544,1391,incoming
4544,1119,incoming
4544,5087,incoming
4544,2602,incoming
4544,5134,incoming
4544,695,incoming
4544,1257,incoming
4544,2472,incoming
4544,6555,incoming
4544,5650,incoming
4544,5964,incoming
4544,1502,incoming
4544,4584,
4544,6291,incoming
4544,6067,incoming
4544,1853,incoming
4544,19,incoming
4544,2631,incoming
4544,118,incoming
4544,3125,incoming
4544,4007,incoming
4544,3369,incoming
5917,5518,incoming
5917,5149,incoming
5917,2891,incoming
5917,4000,incoming
5917,440,incoming
5917,5355,outgoing
5917,2765,incoming
5917,2604,incoming
5917,4557,incoming
5917,2222,incoming
5917,687,incoming
5917,1391,incoming
5917,1119,incoming
5917,5087,incoming
5917,2602,incoming
5917,5134,incoming
5917,695,incoming
5917,1257,incoming
5917,2472,incoming
5917,6555,incoming
5917,5650,incoming
5917,5964,incoming
5917,1502,incoming
5917,4584,incoming
5917,6291,incoming
5917,6067,incoming
5917,1853,incoming
5917,19,incoming
5917,2631,incoming
5917,118,incoming
5917,3339,incoming
5917,536,incoming
5917,2139,incoming
5917,3125,incoming
5917,4007,incoming
5917,3369,incoming
5917,2402,incoming
5917,2035,incoming
4174,146,incoming
4174,547,incoming
4174,5504,incoming
4174,4191,incoming
4174,3457,incoming
146,547,incoming
146,5504,incoming
146,4191,incoming
146,3457,incoming
547,5504,incoming
547,4191,incoming
547,3457,incoming
5504,4191,incoming
5504,3457,incoming
4191,3457,incoming
5518,5149,incoming
5518,2891,incoming
5518,4000,incoming
5518,440,incoming
5149,2891,incoming
5149,4000,incoming
5149,440,incoming
2891,4000,incoming
2891,440,incoming
4000,440,incoming
5355,2765,incoming
5355,2604,incoming
5355,4557,incoming
5355,2222,incoming
5355,687,incoming
5355,1391,incoming
5355,1119,incoming
5355,5087,incoming
5355,2602,incoming
5355,5134,incoming
5355,695,incoming
5355,1257,incoming
5355,2472,incoming
5355,6555,incoming
5355,5650,incoming
5355,5964,incoming
5355,6291,incoming
2765,2604,incoming
2765,4557,incoming
2765,2222,incoming
2765,687,incoming
2765,1391,incoming
2765,1119,incoming
2765,5087,incoming
2765,2602,incoming
2765,5134,incoming
2765,695,incoming
2765,1257,incoming
2765,2472,incoming
2604,4557,incoming
2604,2222,incoming
2604,687,incoming
2604,1391,incoming
2604,1119,incoming
2604,5087,incoming
2604,2602,incoming
2604,5134,incoming
2604,695,incoming
2604,1257,incoming
2604,2472,incoming
4557,2222,incoming
4557,687,incoming
4557,1391,incoming
4557,1119,incoming
4557,5087,incoming
4557,2602,incoming
4557,5134,incoming
4557,695,incoming
4557,1257,incoming
4557,2472,incoming
2222,687,incoming
2222,1391,incoming
2222,1119,incoming
2222,5087,incoming
2222,2602,incoming
2222,5134,incoming
2222,695,incoming
2222,1257,incoming
2222,2472,incoming
2222,1502,incoming
2222,4584,incoming
687,1391,incoming
687,1119,incoming
687,5087,incoming
687,2602,incoming
687,5134,incoming
687,695,incoming
687,1257,incoming
687,2472,incoming
1391,1119,incoming
1391,5087,incoming
1391,2602,incoming
1391,5134,incoming
1391,695,incoming
1391,1257,incoming
1391,2472,incoming
1119,5087,incoming
1119,2602,incoming
1119,5134,incoming
1119,695,incoming
1119,1257,incoming
1119,2472,incoming
5087,2602,incoming
5087,5134,incoming
5087,695,incoming
5087,1257,incoming
5087,2472,incoming
2602,5134,incoming
2602,695,incoming
2602,1257,incoming
2602,2472,incoming
2602,5964,incoming
2602,6291,incoming
5134,695,incoming
5134,1257,incoming
5134,2472,incoming
695,1257,incoming
695,2472,incoming
1257,2472,incoming
5000,4074,incoming
5000,4353,incoming
5000,5445,incoming
5000,957,incoming
4074,4353,incoming
4074,5445,incoming
4074,957,incoming
4353,5445,incoming
4353,957,incoming
5445,957,incoming
275,4069,incoming
275,913,incoming
275,5686,incoming
4069,913,incoming
4069,5686,incoming
4069,2857,incoming
4069,5728,incoming
4069,2209,incoming
913,5686,incoming
913,2857,incoming
913,5728,incoming
913,2209,incoming
5686,5013,incoming
5686,5371,incoming
5686,5392,incoming
5686,3705,incoming
5686,1658,incoming
5686,2852,incoming
5686,1335,incoming
5686,5753,incoming
5686,2170,incoming
5686,3668,incoming
5686,929,incoming
5686,3784,incoming
5686,4455,incoming
5686,4565,incoming
5686,6118,incoming
5686,144,incoming
5686,5778,incoming
4162,6288,incoming
4162,6234,incoming
6288,6234,incoming
6288,2120,incoming
6288,6353,incoming
6288,3471,incoming
6288,3208,incoming
341,6523,incoming
341,5872,incoming
341,1626,incoming
341,3303,incoming
6523,5872,incoming
6523,1626,incoming
6523,3303,incoming
5872,1626,incoming
5872,3303,incoming
1626,3303,incoming
3303,1056,incoming
3303,6015,outgoing
3303,3060,incoming
3303,6035,incoming
3303,5318,incoming
3303,6430,incoming
3303,1125,incoming
3303,6547,incoming
6268,6244,incoming
6268,2183,incoming
6268,421,incoming
6268,3132,incoming
6268,808,incoming
6268,696,incoming
6244,2183,incoming
6244,421,incoming
6244,3132,incoming
6244,808,incoming
6244,696,incoming
2183,421,incoming
2183,3132,incoming
2183,808,incoming
2183,696,incoming
421,3132,incoming
421,808,incoming
421,696,incoming
3132,808,incoming
3132,696,incoming
808,696,incoming
489,1956,incoming
489,5436,incoming
489,2967,incoming
489,1357,incoming
489,2820,incoming
1956,5436,incoming
1956,2967,incoming
1956,1357,incoming
1956,2820,incoming
1956,1761,incoming
1956,901,incoming
1956,5726,incoming
1956,1809,incoming
1956,4398,incoming
1956,1710,incoming
1956,3799,incoming
1956,5440,outgoing
1956,2983,incoming
1956,5916,incoming
5436,2967,incoming
5436,1357,incoming
5436,2820,incoming
2967,1357,incoming
2967,2820,incoming
1357,2820,incoming
5809,4589,incoming
5809,3558,incoming
5809,496,incoming
5809,1307,incoming
5809,432,incoming
4589,2857,incoming
4589,1180,incoming
4589,618,incoming
4589,2004,incoming
3084,2544,incoming
3084,5434,incoming
3084,2257,incoming
2544,5434,incoming
2544,2257,incoming
2544,3180,incoming
2544,47,incoming
2544,496,incoming
2544,3877,incoming
5434,2257,incoming
5434,5262,incoming
5434,3617,incoming
5434,2656,incoming
5434,4377,incoming
5434,359,incoming
5434,3682,incoming
5434,2277,incoming
5434,2428,incoming
5434,255,incoming
5434,3916,incoming
5434,3787,outgoing
5434,4593,outgoing
2257,3180,incoming
2257,47,incoming
2257,496,incoming
2257,1623,incoming
2257,5254,incoming
2257,2428,incoming
2257,3735,outgoing
6344,4092,incoming
6344,6418,incoming
6344,5805,incoming
6344,6380,incoming
4092,6418,incoming
4092,5805,incoming
4092,6380,incoming
4092,5512,incoming
6418,5805,incoming
6418,6380,incoming
5805,6380,incoming
2691,5954,incoming
2691,5327,incoming
2691,2572,incoming
2691,2356,incoming
5954,5327,incoming
5954,2572,incoming
5954,2356,incoming
5327,2572,incoming
5327,2356,incoming
2572,2356,outgoing
2572,1366,incoming
2572,3678,incoming
2572,4481,incoming
2572,1702,incoming
2572,2260,incoming
2572,4735,incoming
2572,657,incoming
2572,5430,outgoing
2572,1192,incoming
2572,2974,incoming
2572,5012,outgoing
2356,5012,outgoing
3786,2359,incoming
3786,5193,incoming
2109,746,incoming
3180,47,incoming
3180,496,incoming
47,496,incoming
496,3363,incoming
496,2329,incoming
496,2004,incoming
496,1307,incoming
496,432,incoming
496,1234,incoming
496,4542,incoming
496,5780,incoming
496,6605,incoming
496,4553,incoming
496,3558,incoming
496,3877,incoming
444,3001,incoming
444,4971,incoming
444,3030,incoming
444,2648,incoming
444,4956,incoming
3001,4971,incoming
3001,2063,incoming
3001,827,incoming
3001,4054,incoming
4971,3030,incoming
4971,2648,incoming
4971,4956,outgoing
198,3575,incoming
198,1195,incoming
198,4017,incoming
3575,1195,incoming
1195,5536,outgoing
1441,850,incoming
1441,2017,incoming
1441,2134,incoming
1441,49,incoming
1441,594,incoming
1441,3154,incoming
1441,398,incoming
1441,2822,incoming
850,2017,incoming
850,2134,incoming
850,49,incoming
850,594,incoming
2017,2134,incoming
2017,49,incoming
2017,594,incoming
2134,49,incoming
2134,594,incoming
49,594,incoming
594,3154,incoming
594,398,incoming
594,2822,incoming
727,4148,incoming
727,2817,incoming
727,1539,incoming
727,6396,incoming
727,5415,incoming
727,2771,incoming
727,2475,incoming
727,530,incoming
727,2568,incoming
727,3250,incoming
727,1001,incoming
727,5991,incoming
727,5569,incoming
727,5573,incoming
727,1610,incoming
727,1443,outgoing
727,2180,incoming
727,1914,outgoing
727,2777,incoming
727,2692,outgoing
4148,2817,incoming
4148,1539,incoming
4148,6396,incoming
4148,5415,incoming
4148,2771,incoming
4148,2475,incoming
2817,1539,incoming
2817,6396,incoming
2817,5415,incoming
2817,2771,incoming
2817,2475,incoming
1539,6396,incoming
1539,5415,incoming
1539,2771,incoming
1539,2475,incoming
6396,5415,incoming
6396,2771,incoming
6396,2475,incoming
5415,2771,incoming
5415,2475,incoming
2771,2475,incoming
2475,5270,incoming
2475,3086,incoming
2475,4319,incoming
2475,4173,incoming
2475,3349,incoming
2475,1610,incoming
2475,5573,incoming
2475,5569,incoming
2475,2777,incoming
2475,2692,incoming
2475,6052,incoming
2475,2413,incoming
2475,4419,incoming
2475,1380,incoming
2475,6093,incoming
2733,6275,incoming
2733,4651,incoming
2733,3459,incoming
6275,4651,incoming
6275,3459,incoming
6275,4182,incoming
6275,3898,incoming
6275,5265,incoming
6275,105,incoming
4651,3459,incoming
1616,2599,incoming
1616,1074,incoming
1616,2323,incoming
1616,3790,incoming
1616,3010,outgoing
1616,2966,incoming
1616,6337,incoming
1616,370,outgoing
5046,2697,incoming
5046,3083,incoming
5046,6133,incoming
2697,3083,incoming
2697,6133,incoming
3083,6133,incoming
3083,5857,incoming
3083,2108,incoming
6133,5857,outgoing
6133,2108,incoming
6255,6280,incoming
6255,1408,incoming
6255,6224,incoming
6255,6412,incoming
6280,1408,incoming
6280,4670,incoming
6280,4773,incoming
6280,6224,incoming
6280,6412,incoming
6280,4253,incoming
6280,1135,incoming
6280,4712,incoming
6280,5842,incoming
6280,2131,incoming
6280,4298,incoming
6280,5398,incoming
6280,2080,incoming
1408,6224,incoming
1408,6412,incoming
412,5536,incoming
412,2369,incoming
412,4773,incoming
5536,4280,outgoing
5536,4887,incoming
5536,5032,incoming
5536,3992,incoming
5536,5132,incoming
5536,439,incoming
5536,4469,incoming
6173,126,incoming
6173,3901,incoming
126,3901,incoming
126,1814,incoming
3901,1814,incoming
3901,6306,incoming
3901,5136,incoming
3464,2187,incoming
3464,6191,incoming
3464,230,incoming
3464,2115,incoming
3464,4793,incoming
1443,4141,incoming
1443,3108,incoming
1443,6447,incoming
1443,3437,incoming
1443,2862,incoming
1443,2459,incoming
1443,5480,incoming
1443,2180,incoming
1443,1914,outgoing
4141,3223,incoming
4141,4342,incoming
4141,673,incoming
4141,1897,incoming
4141,5963,incoming
4141,2343,incoming
4141,5381,outgoing
4141,1512,incoming
4141,2445,incoming
4141,1090,incoming
6549,3492,incoming
6549,845,incoming
6549,6562,incoming
6549,3977,incoming
6549,4712,incoming
6549,1135,incoming
6549,4146,incoming
6549,5398,incoming
3492,845,incoming
3492,6562,incoming
3492,3977,incoming
845,6562,incoming
845,3977,incoming
6562,3977,incoming
5173,4295,incoming
5173,242,incoming
5173,1018,incoming
5173,3809,incoming
4295,242,incoming
4295,1018,incoming
4295,3809,incoming
242,1018,incoming
242,3809,incoming
1018,3809,incoming
4280,4887,incoming
4280,5032,incoming
4280,1198,incoming
4280,2951,incoming
4280,984,incoming
4280,1773,incoming
4280,324,incoming
4280,4675,incoming
4887,5032,incoming
5032,2664,incoming
2317,5342,incoming
3683,6609,incoming
6264,574,incoming
6264,2191,incoming
6264,5184,incoming
574,2191,incoming
1058,193,incoming
1058,3610,incoming
1058,457,incoming
1058,1252,outgoing
193,3610,incoming
193,457,incoming
3610,457,incoming
5647,3523,incoming
5647,5238,incoming
5647,5703,incoming
5647,3791,incoming
5647,3342,incoming
5647,5459,incoming
3523,4509,incoming
3523,3953,incoming
348,5682,incoming
348,5677,incoming
5682,5677,incoming
6364,3176,incoming
1610,3948,incoming
1610,3391,incoming
1610,3330,incoming
1610,4034,incoming
1610,3452,incoming
1610,3576,incoming
1610,5560,incoming
1610,4828,incoming
1610,584,incoming
1610,1573,incoming
3948,3391,incoming
3948,3330,incoming
3948,4034,incoming
3391,3330,incoming
3391,4034,incoming
3391,6565,incoming
3391,302,incoming
3330,4034,incoming
3330,6565,incoming
3330,302,incoming
4034,6565,incoming
4034,302,incoming
2907,1638,incoming
2907,794,incoming
2907,2837,incoming
2907,1878,incoming
2907,3222,incoming
2907,4930,incoming
2907,2578,incoming
1638,794,incoming
1638,2837,incoming
1638,1878,incoming
1638,3222,incoming
1638,4930,incoming
1638,2578,incoming
1638,2743,incoming
1638,2705,incoming
794,2837,incoming
794,1878,incoming
794,3222,incoming
794,4930,incoming
794,2578,incoming
2837,1878,incoming
2837,3222,incoming
2837,4930,incoming
2837,2578,incoming
1878,3222,incoming
1878,4930,incoming
1878,2578,incoming
3222,4930,incoming
3222,2578,incoming
4930,2578,incoming
1764,4160,incoming
1764,6349,incoming
4160,6349,incoming
3966,2147,incoming
3966,3220,incoming
3966,3064,incoming
3966,2736,incoming
3966,6524,incoming
3966,879,incoming
3966,6243,incoming
3966,4723,incoming
3966,1873,incoming
3966,5329,incoming
2147,3220,incoming
2147,3064,incoming
3220,3064,incoming
3220,2736,incoming
3064,2736,incoming
3064,2724,incoming
3064,3074,incoming
3064,6240,incoming
3064,6524,incoming
3064,879,incoming
4880,5895,incoming
4880,4778,incoming
4880,5829,incoming
5895,4778,incoming
4778,5829,incoming
1469,6439,incoming
5354,6577,incoming
5354,1728,incoming
5354,2318,incoming
5354,4253,incoming
5354,5053,incoming
6577,1728,incoming
6577,2318,incoming
6577,4253,incoming
1728,2318,incoming
1728,4253,incoming
1728,788,incoming
1728,4310,incoming
1728,522,incoming
2318,4253,incoming
2318,5053,incoming
4253,3964,incoming
4253,6214,incoming
4253,812,incoming
4253,4726,incoming
4253,6150,incoming
4253,6201,incoming
4253,5053,incoming
4253,1135,incoming
4253,4712,incoming
4253,6534,incoming
4253,6257,incoming
4253,1057,incoming
4253,5998,incoming
4253,2748,incoming
4253,876,incoming
4165,1995,incoming
1995,818,incoming
1995,4322,incoming
1995,3367,incoming
1995,2887,incoming
6219,6233,incoming
6219,6224,incoming
6219,6538,incoming
6219,1414,incoming
6219,5399,incoming
6219,2689,incoming
6219,855,incoming
6233,6224,incoming
6233,6538,incoming
6233,1414,incoming
6233,5399,incoming
6224,6538,incoming
6224,1414,incoming
6224,5399,incoming
6224,6412,incoming
6538,1414,incoming
6538,5399,incoming
1414,5399,incoming
3420,1452,incoming
1366,3678,incoming
1366,4481,incoming
1366,1702,incoming
1366,2260,incoming
1366,4735,incoming
3678,4481,incoming
3678,1702,incoming
3678,2260,incoming
3678,4735,incoming
4481,1702,incoming
4481,2260,incoming
4481,4735,incoming
1702,2260,incoming
1702,4735,incoming
2260,4735,incoming
807,6259,incoming
807,1733,incoming
807,598,incoming
6259,1733,incoming
6259,598,incoming
6259,5276,incoming
6259,4076,incoming
6259,1769,outgoing
6259,5534,incoming
6259,5182,incoming
6259,2807,incoming
6259,2228,incoming
6259,1485,incoming
6259,5540,incoming
1733,598,incoming
5423,264,incoming
5423,5035,incoming
5423,1033,incoming
5423,1773,incoming
5423,4675,incoming
264,5035,incoming
264,1033,incoming
5035,1033,incoming
1154,2532,incoming
1154,171,incoming
1154,4269,outgoing
1154,2628,outgoing
1154,3787,incoming
2532,4097,incoming
2532,1043,incoming
2532,1059,incoming
2532,1126,incoming
2532,385,incoming
2532,3939,incoming
2532,1898,incoming
4363,3047,incoming
4363,3049,incoming
4363,3184,incoming
3964,6214,incoming
3876,5227,incoming
3876,2612,incoming
3876,4657,incoming
5227,2612,incoming
5227,4657,incoming
2612,4657,outgoing
2612,2476,incoming
2612,1867,incoming
2612,3989,incoming
2612,4005,incoming
2612,3399,incoming
2612,2664,outgoing
2612,3534,incoming
2612,1846,incoming
4657,2476,incoming
4657,1867,incoming
4657,6482,
4657,1057,incoming
4657,4333,incoming
4657,5653,incoming
4657,5713,incoming
3326,2140,incoming
3326,4711,incoming
3326,900,incoming
2140,4711,incoming
2140,900,incoming
4711,900,incoming
1056,6015,incoming
1056,6035,incoming
4800,1756,incoming
4800,2792,incoming
1756,2792,incoming
1967,459,incoming
1967,510,incoming
1967,1646,incoming
3085,1625,incoming
3085,5894,incoming
1625,5894,incoming
5894,956,incoming
5894,414,outgoing
6254,882,incoming
6254,2352,incoming
6254,6049,incoming
6254,5086,incoming
6254,5760,incoming
882,2352,incoming
882,6049,incoming
882,5086,incoming
882,2959,incoming
882,2029,incoming
882,2218,incoming
882,1360,incoming
882,2474,incoming
882,2710,incoming
882,3805,incoming
882,6250,incoming
882,5588,incoming
2352,6049,incoming
2352,5086,incoming
2352,5760,incoming
6049,5086,incoming
6049,5760,incoming
4107,2880,incoming
4107,2457,incoming
4107,5199,incoming
4107,3423,incoming
4107,893,incoming
4107,3400,incoming
2880,2457,incoming
2880,5199,incoming
2880,3423,incoming
2880,893,incoming
2880,3400,incoming
2880,2377,incoming
2880,4270,incoming
2457,5199,incoming
2457,3423,incoming
2457,893,incoming
5199,3423,outgoing
5199,893,outgoing
5199,2377,incoming
5199,4270,incoming
3423,893,outgoing
3423,3400,outgoing
3423,2377,incoming
3423,4270,incoming
893,3400,outgoing
893,2377,incoming
893,4270,outgoing
893,3649,outgoing
893,4549,incoming
893,2111,outgoing
893,5189,incoming
893,2705,incoming
1737,1464,incoming
1737,2460,incoming
1737,6189,incoming
1737,6176,incoming
1464,2460,incoming
1464,6189,incoming
1464,6176,incoming
2460,6189,incoming
2460,6176,incoming
6189,6176,incoming
6176,3476,incoming
6176,6534,incoming
6176,1052,incoming
6176,6599,incoming
4339,1388,incoming
4339,3993,incoming
1388,3993,incoming
3993,4018,incoming
3993,3621,incoming
3993,1782,incoming
3993,474,incoming
3993,1157,incoming
3993,176,incoming
3993,4569,incoming
3993,5375,incoming
4840,1247,incoming
6555,5650,incoming
6555,5964,incoming
5650,5964,incoming
5964,6291,incoming
3975,1698,incoming
3975,3368,incoming
3975,843,incoming
1698,3368,incoming
1698,843,incoming
1698,200,incoming
1698,1133,incoming
1698,772,incoming
1698,2301,incoming
1698,4512,incoming
3368,843,incoming
3368,401,incoming
3368,200,incoming
3368,4291,incoming
3368,743,incoming
3368,4512,incoming
3368,1133,incoming
3368,772,outgoing
3368,2301,incoming
4670,4773,incoming
4670,5152,incoming
4670,6040,incoming
4670,6362,incoming
4773,5152,incoming
4773,5788,incoming
4773,2369,incoming
5645,5126,incoming
5645,2755,incoming
5645,3490,incoming
5126,2755,incoming
5126,3490,incoming
2755,3490,incoming
3490,3312,outgoing
3668,2299,incoming
3668,5145,outgoing
3668,2209,outgoing
3668,5748,incoming
3668,932,incoming
3668,4846,incoming
3668,1793,incoming
3668,6118,incoming
3668,1335,incoming
3668,5753,incoming
3668,5371,incoming
3668,2170,outgoing
3668,929,incoming
3668,5468,incoming
3668,5743,incoming
3668,1804,incoming
3668,5849,incoming
2476,1867,incoming
2858,572,incoming
2858,2840,incoming
2858,945,incoming
2858,423,incoming
572,2840,incoming
572,945,incoming
2840,945,outgoing
2840,423,outgoing
945,423,outgoing
3681,2010,incoming
3681,5804,incoming
3681,5393,incoming
3681,1977,outgoing
2010,5804,incoming
2010,5393,incoming
2010,1977,incoming
5804,5393,incoming
5804,1977,incoming
5393,1977,incoming
2063,4388,incoming
2063,694,incoming
2063,827,incoming
2063,4054,incoming
4388,694,incoming
3787,3865,incoming
3787,5742,incoming
3787,4593,
3787,2146,incoming
3787,3679,incoming
3787,171,outgoing
3787,1066,incoming
3787,4659,incoming
3787,4196,incoming
3787,4493,incoming
3787,2057,incoming
3787,4269,outgoing
3787,2628,outgoing
3787,3916,incoming
3787,4421,incoming
3787,3611,incoming
3865,5742,incoming
3865,4593,incoming
5742,4593,incoming
4593,4196,incoming
4593,4493,incoming
4593,2057,incoming
4593,2660,incoming
4593,3916,incoming
1885,30,incoming
1885,1690,incoming
30,1690,incoming
303,784,incoming
303,2948,incoming
303,332,incoming
303,3332,incoming
303,6213,incoming
303,4656,incoming
303,2605,incoming
303,5992,incoming
784,2948,incoming
2299,5145,incoming
2299,2209,incoming
2299,5748,incoming
2299,932,incoming
2299,4846,incoming
2299,1793,incoming
2299,6118,incoming
5145,2209,outgoing
5145,5748,incoming
2209,5748,incoming
2209,5724,outgoing
2209,3526,incoming
2209,5849,outgoing
2209,5468,incoming
2209,5743,incoming
2209,1804,incoming
2209,1031,incoming
2209,2857,incoming
2209,5728,incoming
1168,471,incoming
1168,2518,incoming
1168,1254,incoming
471,2518,incoming
471,1254,incoming
471,2046,incoming
471,6191,incoming
2518,1254,incoming
2518,5064,incoming
2518,5668,incoming
2518,1051,incoming
2518,2959,incoming
2518,3768,outgoing
2518,234,incoming
2518,2904,incoming
2518,2161,incoming
1254,5064,incoming
1254,5668,incoming
1254,1051,incoming
6061,5802,incoming
5802,6569,incoming
5802,2175,outgoing
3363,2329,incoming
3363,2004,incoming
3363,1307,incoming
3363,432,incoming
2329,2004,incoming
2329,1307,incoming
2329,432,incoming
2329,1110,incoming
2329,4425,incoming
2329,2139,incoming
2329,5635,incoming
2329,1260,incoming
2329,5324,incoming
2004,1307,incoming
2004,432,incoming
2004,2857,incoming
2004,1180,incoming
2004,618,incoming
1307,432,incoming
1307,3558,incoming
432,3558,incoming
137,3665,incoming
137,4064,incoming
137,5114,incoming
137,587,incoming
137,3803,incoming
3665,4064,incoming
3665,5114,incoming
3665,4041,incoming
3665,5774,incoming
3665,270,incoming
3665,587,incoming
3665,3803,incoming
3665,1781,incoming
3665,1789,incoming
3665,3871,incoming
4064,5114,incoming
4064,587,incoming
4064,3803,incoming
5114,4041,incoming
5114,5774,incoming
5114,270,incoming
5114,587,incoming
5114,3803,incoming
5114,1781,incoming
5114,1789,outgoing
5114,3871,incoming
5114,3126,outgoing
5114,4119,incoming
5114,2420,outgoing
6524,5396,incoming
6524,5296,incoming
6524,5078,incoming
6524,6279,incoming
6524,2736,incoming
6524,879,incoming
5396,2184,incoming
5419,2646,incoming
5419,1012,incoming
5419,2030,incoming
5419,6191,incoming
2646,1012,incoming
2646,2030,incoming
2646,6191,incoming
3989,5454,incoming
3989,5376,incoming
3989,1346,incoming
3989,3171,incoming
3989,703,incoming
3989,4005,incoming
3989,3399,incoming
5454,5376,incoming
5454,1346,incoming
5454,3171,incoming
5454,703,incoming
5376,1346,incoming
5376,3171,incoming
5376,703,incoming
1346,3171,incoming
1346,703,incoming
3171,703,incoming
3223,4342,incoming
3223,673,incoming
4342,673,incoming
1761,901,incoming
1761,5726,incoming
1761,1809,incoming
1761,4398,incoming
1761,1710,incoming
1761,3799,incoming
901,5726,incoming
901,1809,incoming
901,4398,incoming
901,1710,incoming
901,3799,incoming
5726,1809,incoming
5726,4398,incoming
5726,1710,incoming
5726,3799,incoming
1809,4398,incoming
1809,1710,incoming
1809,3799,incoming
4398,1710,incoming
4398,3799,incoming
1710,3799,incoming
3799,5916,incoming
1234,4542,incoming
1234,5780,incoming
1234,6605,incoming
1234,4553,incoming
4542,5780,incoming
4542,6605,incoming
4542,4553,incoming
4542,2969,incoming
4542,5936,incoming
5780,6605,incoming
5780,4553,incoming
5780,3037,incoming
5780,135,incoming
5780,1685,incoming
5780,2969,incoming
5780,5936,incoming
5780,438,incoming
5780,3595,incoming
5780,3571,incoming
5780,1664,outgoing
5780,4598,incoming
5780,5195,incoming
5780,1158,outgoing
5780,4918,incoming
5780,3814,incoming
5780,5001,incoming
6605,4553,incoming
6605,2969,incoming
6605,5936,incoming
4553,2969,incoming
4553,5936,incoming
4553,5001,incoming
1770,2402,incoming
1770,4700,incoming
1770,6067,incoming
1770,992,incoming
2402,4700,incoming
2402,6067,incoming
2402,992,incoming
2402,2035,incoming
2402,2632,incoming
2402,776,incoming
2402,19,incoming
2402,2766,incoming
2402,2848,incoming
2402,4496,incoming
2402,4007,incoming
4700,6067,incoming
4700,992,incoming
6067,992,incoming
6067,1853,incoming
6067,19,incoming
6067,2631,incoming
6067,118,incoming
6067,2035,incoming
6067,4007,incoming
992,5871,incoming
173,4241,incoming
173,4271,outgoing
4691,3182,incoming
4691,75,incoming
4691,2772,incoming
4691,3893,incoming
3182,75,incoming
3182,2772,incoming
3182,3893,incoming
75,2772,incoming
75,3893,incoming
2772,3893,incoming
2772,749,outgoing
2120,6353,incoming
6353,3471,incoming
6353,3208,incoming
5276,4076,incoming
5276,1769,incoming
5276,5534,incoming
4076,1769,incoming
4076,5534,incoming
4076,5182,incoming
4076,2807,incoming
4076,2228,incoming
4076,1485,incoming
4076,5540,incoming
1769,5534,incoming
4041,5774,incoming
4041,270,incoming
4041,1781,incoming
5774,270,incoming
5774,1781,incoming
5745,922,incoming
5745,2300,incoming
922,2300,incoming
922,5773,incoming
2300,5773,incoming
2300,1425,outgoing
2300,3628,incoming
623,177,incoming
177,5871,
177,1568,incoming
1502,4584,incoming
4584,3249,incoming
387,5439,incoming
387,5725,incoming
387,1781,incoming
387,257,incoming
387,1718,incoming
5439,5725,incoming
5439,1781,incoming
5439,257,incoming
5439,1718,incoming
5725,1781,outgoing
1781,257,incoming
1781,1718,incoming
2599,1074,incoming
2599,2323,incoming
2599,3790,incoming
1074,2323,incoming
1074,3790,incoming
1074,370,incoming
2323,3790,incoming
4380,1136,outgoing
4380,4213,incoming
4380,2166,outgoing
1136,4213,incoming
1136,2166,outgoing
4213,2166,incoming
5127,5345,incoming
5127,3631,incoming
5127,1322,incoming
5127,3529,incoming
5127,405,incoming
5345,3631,incoming
5345,1322,incoming
5345,3529,incoming
5345,405,incoming
3631,1322,incoming
3631,3529,incoming
3631,405,incoming
1322,3529,incoming
1322,405,incoming
3529,405,incoming
405,5119,incoming
405,2994,outgoing
405,6152,outgoing
405,2384,incoming
405,3311,incoming
405,3888,incoming
405,2688,incoming
405,5273,incoming
405,817,outgoing
83,796,incoming
83,3649,incoming
83,1269,incoming
796,3649,incoming
796,1269,incoming
3649,1269,incoming
3649,1810,incoming
3649,4475,incoming
3649,4549,incoming
3649,4270,outgoing
5871,1568,incoming
3059,3821,incoming
3059,4367,incoming
3059,1983,incoming
3059,5266,incoming
3821,4367,incoming
3821,1983,incoming
3821,5266,incoming
4367,1983,incoming
4367,5266,incoming
1983,5266,incoming
5266,6315,incoming
5266,4968,incoming
2334,4717,incoming
2334,621,incoming
4717,621,incoming
2211,1703,incoming
1703,5335,incoming
3814,1199,incoming
3814,1021,incoming
3814,1664,incoming
3814,4598,incoming
3814,5195,incoming
3814,1158,incoming
3814,4918,incoming
1199,1021,incoming
4210,4627,incoming
4210,4792,incoming
4210,576,incoming
4210,5151,incoming
4210,4406,incoming
4627,4792,incoming
4627,576,incoming
4792,576,incoming
576,5151,incoming
576,4406,outgoing
576,1665,incoming
576,3301,incoming
576,4514,outgoing
576,5615,outgoing
576,5886,incoming
576,3196,outgoing
576,2271,outgoing
576,5461,outgoing
576,3021,incoming
576,2094,outgoing
4682,5153,incoming
6544,4105,incoming
6544,1157,incoming
4105,1157,incoming
1157,4018,incoming
1157,3621,incoming
1157,1782,incoming
1157,474,incoming
1157,176,incoming
1157,4569,incoming
1157,5375,incoming
3854,5007,incoming
3854,2077,incoming
5007,2077,incoming
2077,3157,incoming
2146,3679,incoming
2146,171,incoming
2146,1066,incoming
2146,4659,incoming
3679,171,incoming
171,1066,incoming
171,4659,incoming
171,4269,outgoing
171,2628,outgoing
5967,3382,incoming
3382,3013,incoming
3382,160,incoming
3382,5666,incoming
3382,3872,incoming
3382,5596,incoming
3382,4048,incoming
4144,833,incoming
2350,5457,incoming
2350,2298,incoming
2350,1325,incoming
2350,5703,incoming
2350,6050,incoming
5457,2298,incoming
5457,1325,incoming
5457,5703,outgoing
5457,6050,incoming
2298,1325,incoming
2298,5703,incoming
2298,6050,incoming
1325,5703,incoming
1325,6050,incoming
5703,6050,incoming
5703,1794,outgoing
5703,3791,outgoing
5703,4698,incoming
5703,5459,
5703,5238,incoming
5703,4043,incoming
5703,1791,incoming
5703,3198,incoming
5703,2057,outgoing
5703,5369,incoming
5703,5810,incoming
5703,3114,incoming
5703,3342,incoming
5703,3675,incoming
5703,3994,incoming
3982,5738,incoming
5738,804,incoming
5738,208,incoming
5738,5962,incoming
5738,3928,incoming
5738,338,incoming
5738,4851,incoming
2181,5071,incoming
2181,3675,incoming
2181,3994,incoming
2181,5167,incoming
5262,3617,incoming
3802,5122,incoming
4080,160,incoming
160,3013,incoming
160,5558,incoming
160,1786,incoming
160,4532,incoming
160,5143,incoming
160,159,incoming
2982,1310,incoming
2982,1916,incoming
1679,5184,incoming
1679,5178,incoming
5184,5178,outgoing
5184,985,incoming
5184,3711,incoming
5184,2058,incoming
5184,3778,incoming
5184,76,outgoing
4660,62,incoming
3154,1177,incoming
3154,1120,incoming
3154,1482,incoming
3154,1409,incoming
3154,398,incoming
3154,2822,incoming
1177,1120,incoming
1177,1482,incoming
1177,1409,incoming
1120,1482,incoming
1120,1409,incoming
1482,1409,incoming
5296,5078,incoming
5296,6279,incoming
5078,6279,incoming
827,4054,incoming
588,209,incoming
588,3648,incoming
588,6181,incoming
588,3835,incoming
588,3826,incoming
588,1828,incoming
588,5719,incoming
588,2239,incoming
588,3784,incoming
588,5371,outgoing
588,2986,incoming
588,662,incoming
588,3749,incoming
209,3648,incoming
209,6181,incoming
3648,6181,incoming
4017,1635,outgoing
3645,2136,outgoing
3645,261,incoming
3645,5749,incoming
3645,4635,incoming
3645,508,incoming
3645,4023,incoming
2136,261,incoming
2136,5749,incoming
2136,4635,incoming
2136,508,incoming
2136,4023,incoming
261,5749,incoming
261,4635,incoming
261,508,incoming
261,4023,incoming
5749,4635,incoming
5749,508,incoming
5749,4023,incoming
4635,508,incoming
4635,4023,incoming
508,4023,incoming
2736,879,incoming
3108,3685,incoming
3108,3919,incoming
3108,1406,incoming
3108,6447,incoming
3685,3919,incoming
3685,1406,incoming
3919,1406,incoming
530,2568,incoming
530,3250,incoming
530,1001,incoming
530,5991,incoming
2568,3250,incoming
2568,1001,incoming
2568,5991,incoming
3250,1001,incoming
3250,5991,incoming
1001,5991,incoming
3452,3576,incoming
3576,3329,incoming
812,4726,incoming
812,6150,incoming
812,6201,incoming
4726,6150,incoming
4726,6201,incoming
6150,6201,incoming
2377,4270,incoming
4270,4549,incoming
3010,2966,incoming
3010,6337,incoming
3010,2220,incoming
2966,6337,incoming
5270,3086,incoming
5270,4319,incoming
3086,4319,incoming
5064,5668,incoming
5064,1051,incoming
5668,1051,incoming
1051,288,incoming
1051,5698,incoming
2724,3074,incoming
2724,6240,incoming
3074,6240,incoming
6240,5631,incoming
6240,2784,incoming
6240,487,outgoing
4712,6404,incoming
4712,5443,incoming
4712,5385,incoming
4712,4856,incoming
4712,1135,incoming
4712,5842,incoming
4712,2131,incoming
4712,4146,incoming
4712,5398,incoming
6404,5443,incoming
6404,5385,incoming
6404,4856,incoming
5443,5385,incoming
5443,4856,incoming
5385,4856,incoming
1853,19,incoming
1853,2631,incoming
1853,118,incoming
19,2631,incoming
19,118,incoming
19,2035,incoming
19,2632,incoming
19,776,incoming
19,2766,incoming
19,2848,incoming
19,4496,incoming
19,3339,incoming
19,536,incoming
19,2139,outgoing
19,3125,incoming
19,4007,incoming
19,3369,incoming
2631,118,incoming
2237,5644,incoming
2237,5569,incoming
2237,5573,incoming
2237,6256,incoming
2237,6392,incoming
2237,2692,incoming
5644,2844,incoming
5644,2818,incoming
5644,3276,incoming
956,414,incoming
2413,5108,incoming
2413,178,incoming
2413,5194,incoming
2413,5141,incoming
2413,6052,incoming
2413,5612,incoming
2413,6093,incoming
2413,1380,incoming
2413,1654,incoming
2413,4419,incoming
5108,178,incoming
5108,5194,incoming
5108,5141,incoming
5108,6052,incoming
5108,5612,incoming
5108,6093,incoming
178,5194,incoming
178,5141,incoming
178,6052,incoming
5194,5141,incoming
5194,6052,incoming
5141,6052,incoming
6052,5612,incoming
6052,6093,outgoing
6052,1380,outgoing
6052,1654,incoming
6052,4419,incoming
2689,855,incoming
4018,474,incoming
4018,3621,incoming
4018,1782,incoming
4018,5375,incoming
4018,176,incoming
4018,4569,incoming
474,3621,incoming
474,1782,incoming
474,5375,incoming
474,176,incoming
474,4569,incoming
5013,5371,incoming
5013,5392,incoming
5013,3705,incoming
5013,1658,incoming
5013,2852,incoming
5371,5392,incoming
5371,3705,incoming
5371,1658,incoming
5371,2852,incoming
5371,4455,incoming
5371,3800,incoming
5371,144,outgoing
5371,107,incoming
5371,6118,outgoing
5371,1335,incoming
5371,5753,incoming
5371,2170,incoming
5371,929,incoming
5371,3784,outgoing
5371,3835,incoming
5371,3826,incoming
5371,1828,incoming
5371,5719,incoming
5371,2239,incoming
5371,4565,outgoing
5371,5778,outgoing
5392,3705,incoming
5392,1658,incoming
5392,2852,incoming
3705,1658,incoming
3705,2852,incoming
1658,2852,incoming
587,3803,incoming
2972,329,incoming
2972,2214,incoming
2972,3719,incoming
2972,2643,incoming
4455,3800,incoming
4455,144,incoming
4455,107,incoming
4455,6118,incoming
4455,3784,incoming
3800,144,incoming
3800,107,incoming
3800,6118,incoming
144,107,incoming
144,6118,outgoing
144,3784,outgoing
144,4565,outgoing
144,5778,outgoing
107,6118,incoming
6118,932,incoming
6118,4846,incoming
6118,1793,incoming
6118,3784,outgoing
6118,4565,outgoing
6118,5778,outgoing
1772,6469,incoming
1772,6023,incoming
1772,377,incoming
6469,6023,incoming
6469,377,incoming
6023,377,incoming
6306,5136,incoming
6306,3183,incoming
4984,35,incoming
4984,3258,incoming
4984,973,incoming
4984,5283,incoming
35,3258,incoming
35,973,incoming
35,5283,incoming
3258,973,incoming
3258,5283,incoming
973,5283,incoming
5724,3526,incoming
5724,5849,incoming
5724,1031,incoming
5724,1804,incoming
3526,5849,incoming
5849,5468,incoming
5849,5743,outgoing
5849,1804,incoming
5849,2705,outgoing
2359,5193,incoming
2214,52,incoming
2214,1721,incoming
2214,3691,incoming
2214,3136,incoming
2214,712,incoming
2214,3549,incoming
2214,4203,incoming
2214,4369,outgoing
2214,2358,incoming
2214,2238,incoming
2214,4222,incoming
2214,3719,incoming
2214,2643,incoming
509,5884,incoming
317,3845,incoming
3929,581,incoming
3929,3277,incoming
581,3277,outgoing
581,433,outgoing
581,1832,incoming
581,3606,incoming
6565,302,incoming
4533,1165,incoming
4533,5989,incoming
4533,5391,incoming
1165,5989,incoming
1165,5391,incoming
5989,5391,incoming
3471,3208,incoming
1066,4659,incoming
2956,4446,incoming
2956,2520,incoming
2956,980,incoming
4446,2520,incoming
4446,980,incoming
2520,980,incoming
2721,1729,incoming
3163,1660,incoming
3163,4468,incoming
1660,4468,incoming
4629,2808,incoming
4629,1578,incoming
2808,1578,incoming
5767,4906,incoming
932,4846,incoming
932,1793,incoming
4846,1793,incoming
3621,1782,incoming
5558,1786,incoming
6482,1724,incoming
6482,2960,incoming
6482,2888,incoming
6482,3178,incoming
6482,2579,incoming
5612,6093,incoming
6093,1380,outgoing
6093,1654,incoming
6093,4419,incoming
2857,1180,incoming
2857,618,incoming
2857,1576,incoming
2857,6292,incoming
2857,5628,incoming
2857,2426,incoming
2857,5728,incoming
1180,618,incoming
1810,4475,incoming
5957,1863,incoming
1576,6292,incoming
1576,5628,incoming
1576,2426,incoming
6292,5628,incoming
6292,2426,incoming
5628,2426,incoming
5440,1267,incoming
5440,2983,incoming
2747,2670,incoming
2747,362,incoming
2670,362,incoming
332,3332,incoming
332,6213,incoming
332,4656,incoming
332,2605,incoming
332,5992,incoming
3332,6213,incoming
3332,4656,incoming
3332,2605,incoming
3332,5992,incoming
6213,4656,incoming
6213,2605,incoming
6213,5992,incoming
4656,2605,incoming
4656,5992,incoming
2605,5992,incoming
6309,6411,incoming
6309,3068,incoming
6411,3068,incoming
5857,2108,incoming
4689,3283,incoming
4689,5928,incoming
4689,4007,incoming
3283,5928,incoming
3283,4007,incoming
3283,111,incoming
3283,2593,incoming
5928,4007,incoming
4007,3125,incoming
4007,3369,incoming
4007,2035,incoming
4007,111,incoming
4007,2593,incoming
1223,3143,incoming
1223,4529,incoming
3143,4529,incoming
3030,2648,incoming
3030,4956,incoming
2648,4956,incoming
2664,3534,incoming
2664,1846,incoming
244,4240,incoming
244,4131,outgoing
244,1425,incoming
4240,4131,incoming
4240,1425,incoming
4131,1425,incoming
1198,2951,incoming
1198,984,incoming
2951,984,incoming
1503,3949,incoming
2111,5130,incoming
2111,5171,incoming
2111,965,outgoing
2111,5189,incoming
2111,2705,incoming
5130,5171,incoming
5130,965,incoming
5171,965,incoming
4412,543,incoming
4196,4493,incoming
4196,2057,incoming
4493,2057,incoming
2057,4043,incoming
2057,1791,incoming
2057,3198,incoming
2057,5369,incoming
2057,5810,incoming
2057,3114,incoming
3037,135,incoming
3037,1685,incoming
135,1685,incoming
4259,512,incoming
5560,4828,incoming
5560,584,incoming
5560,1573,incoming
4828,584,incoming
4828,1573,incoming
584,1573,incoming
4532,5143,incoming
4532,159,incoming
5143,159,incoming
3437,2862,incoming
3437,2459,incoming
3437,5480,incoming
2862,2459,incoming
2862,5480,incoming
2459,5480,incoming
5480,5388,incoming
5480,1998,incoming
5132,2778,incoming
5132,2584,incoming
5132,3992,incoming
5132,439,incoming
5132,4469,incoming
2778,2584,incoming
2035,2632,incoming
2035,776,incoming
2035,2766,incoming
2035,2848,incoming
2035,4496,incoming
2632,776,incoming
2632,2766,incoming
2632,2848,incoming
2632,4496,incoming
776,2766,incoming
776,2848,incoming
776,4496,incoming
2766,2848,incoming
2766,4496,incoming
2848,4496,incoming
3173,609,incoming
3173,5912,incoming
3173,2000,incoming
3173,5512,incoming
609,1480,incoming
609,1252,incoming
609,2893,incoming
1335,5753,incoming
1335,2170,incoming
1335,929,incoming
5753,2170,incoming
5753,929,incoming
2170,929,incoming
5569,5573,incoming
5569,6256,incoming
5569,6392,incoming
5569,2692,incoming
5569,2777,incoming
5573,6256,incoming
5573,6392,incoming
5573,2692,outgoing
5573,2777,incoming
4182,3898,incoming
4182,5265,incoming
4182,105,incoming
4182,1676,incoming
4182,6103,incoming
4182,3015,incoming
3898,5265,incoming
3898,105,incoming
5265,105,incoming
1252,2330,outgoing
1252,5541,outgoing
1252,772,outgoing
1252,1480,incoming
1252,2893,incoming
1252,5211,incoming
1252,5314,incoming
1087,5224,incoming
1087,3019,incoming
5224,3019,incoming
1676,6103,incoming
1676,3015,incoming
6103,3015,incoming
1623,5254,incoming
1721,3691,incoming
1721,3136,incoming
1721,712,incoming
1721,3549,incoming
1721,4203,incoming
3691,3136,incoming
3691,712,incoming
3691,3549,incoming
3691,4203,incoming
3691,4369,incoming
3691,2358,incoming
3691,2238,incoming
3691,4222,incoming
3136,712,incoming
3136,3549,incoming
3136,4203,incoming
712,3549,incoming
712,4203,incoming
3549,4203,incoming
3549,4369,incoming
3549,2358,incoming
3549,2238,incoming
3549,4222,incoming
5282,6352,incoming
5282,1739,incoming
5282,2788,incoming
5282,6205,incoming
5282,6236,incoming
5282,810,incoming
5282,1754,incoming
6352,1739,incoming
6352,2788,incoming
6352,6205,incoming
6352,6236,incoming
6352,810,incoming
6352,1754,incoming
1739,2788,incoming
1739,6205,incoming
1739,6236,incoming
1739,810,incoming
1739,1754,incoming
2788,6205,incoming
2788,6236,incoming
2788,810,incoming
2788,1754,incoming
2788,6171,incoming
2788,878,incoming
6205,6236,incoming
6205,810,incoming
6205,1754,incoming
6236,810,incoming
6236,1754,incoming
6236,6171,incoming
6236,878,incoming
810,1754,incoming
810,6171,incoming
810,878,incoming
1897,5963,incoming
6191,2046,incoming
6191,230,incoming
6191,2115,incoming
6191,4793,incoming
6191,1012,incoming
6191,2030,incoming
3889,3186,incoming
3889,3426,incoming
3186,3426,incoming
5468,5743,incoming
5468,1804,incoming
5743,1804,incoming
1804,1031,incoming
1773,324,incoming
1773,4675,incoming
324,4675,incoming
4173,3349,incoming
4714,4164,incoming
4714,5251,incoming
4714,3145,incoming
4164,5251,incoming
4164,3145,incoming
5251,3145,incoming
2959,3768,incoming
2959,234,incoming
2959,2904,incoming
2959,2161,incoming
788,4310,incoming
788,522,outgoing
4310,522,incoming
1789,3871,incoming
1789,3126,outgoing
2705,2743,incoming
2705,5189,incoming
3342,3675,incoming
3342,937,incoming
3342,1794,incoming
3342,3994,incoming
3342,3791,incoming
3342,5459,incoming
3675,937,incoming
3675,5071,incoming
3675,3994,incoming
3675,5167,incoming
3675,1794,incoming
4509,3953,incoming
1135,4146,incoming
1135,5398,incoming
1135,4456,incoming
6522,4369,incoming
6522,6391,incoming
6522,22,incoming
4369,6391,incoming
4369,22,incoming
4369,2358,outgoing
4369,2238,incoming
4369,4222,incoming
6391,22,incoming
3968,3325,incoming
2139,3339,incoming
2139,536,incoming
2139,1110,incoming
2139,4425,incoming
2139,5635,incoming
2139,1260,outgoing
2139,5324,incoming
4550,6313,incoming
4550,6557,incoming
6313,6557,incoming
1012,2030,incoming
6534,6257,incoming
6534,1052,incoming
6534,6599,incoming
6257,6599,incoming
6257,5646,incoming
6257,6390,incoming
6257,4727,incoming
6257,2132,incoming
5014,6137,incoming
5014,76,incoming
6137,76,incoming
1724,2960,incoming
1724,2888,incoming
1724,3178,incoming
1724,2579,incoming
2960,2888,incoming
2960,3178,incoming
2960,2579,incoming
2888,3178,incoming
2888,2579,incoming
3178,2579,incoming
401,200,incoming
401,4291,incoming
401,743,incoming
401,4512,incoming
200,4291,incoming
200,743,incoming
200,4512,incoming
200,1133,incoming
200,772,outgoing
200,2301,incoming
4291,743,incoming
4291,4512,incoming
743,4512,incoming
4512,1133,incoming
4512,772,incoming
4512,2301,incoming
5842,2131,incoming
1780,2686,incoming
2965,5109,incoming
2965,4933,incoming
2965,4323,incoming
2965,3329,incoming
2965,5146,incoming
5109,4933,incoming
5109,4323,incoming
5109,3329,incoming
5109,5146,incoming
4933,4323,incoming
4933,3329,incoming
4933,5146,incoming
4323,3329,incoming
4323,5146,incoming
4323,1262,incoming
4323,4089,incoming
4323,2823,incoming
4323,5088,incoming
3329,5146,incoming
3329,1262,incoming
3329,4089,incoming
3329,2823,incoming
3329,5088,incoming
3329,2607,incoming
3329,3746,incoming
1794,3791,incoming
1794,4698,incoming
1794,5459,outgoing
1794,3994,incoming
3791,4698,incoming
3791,5459,outgoing
4698,5459,incoming
4097,1043,incoming
4097,1059,incoming
4097,1126,incoming
4097,385,incoming
4097,3939,incoming
4097,1898,incoming
1043,1059,incoming
1043,1126,incoming
1043,385,incoming
1043,3939,incoming
1043,1898,incoming
1059,1126,incoming
1059,385,incoming
1059,3939,incoming
1059,1898,incoming
1126,385,incoming
1126,3939,incoming
1126,1898,incoming
385,3939,incoming
385,1898,incoming
3939,1898,incoming
5375,4569,incoming
4647,3134,outgoing
4647,325,incoming
4647,582,incoming
4647,3181,incoming
4647,480,outgoing
4647,443,incoming
4647,5374,incoming
4647,628,incoming
3134,325,incoming
3134,582,incoming
3134,3181,incoming
3134,480,outgoing
3134,443,incoming
3134,5374,incoming
3134,628,incoming
325,582,incoming
325,3181,incoming
325,480,incoming
582,3181,incoming
582,480,incoming
3181,480,incoming
480,443,incoming
480,5374,outgoing
480,628,incoming
6226,3431,incoming
6226,3608,incoming
6226,2149,incoming
6226,4719,incoming
6226,4517,incoming
3431,3608,incoming
3431,2149,incoming
3431,4719,incoming
3431,4517,incoming
3431,6324,incoming
3431,6237,incoming
3431,6472,incoming
3431,2750,incoming
3608,2149,incoming
3608,4719,incoming
3608,4517,incoming
2149,4719,incoming
2149,4517,incoming
4719,4517,incoming
4719,6324,incoming
4719,6237,incoming
4719,6472,incoming
4719,2750,incoming
5631,2784,incoming
5631,487,incoming
2784,487,incoming
985,3711,incoming
985,2058,incoming
985,3778,incoming
3711,2058,incoming
3711,3778,incoming
2058,3778,incoming
2343,5381,incoming
2343,1512,incoming
2343,2445,incoming
2343,1090,incoming
5381,1512,incoming
5381,2445,incoming
5381,1090,incoming
1512,2445,incoming
1512,1090,incoming
2445,1090,incoming
2786,6451,incoming
2786,5999,incoming
2786,6228,incoming
6451,5999,incoming
6451,6228,incoming
5999,6228,incoming
4005,3399,incoming
5151,4406,incoming
5071,3994,outgoing
5071,5167,incoming
3994,5167,incoming
6207,844,incoming
4377,359,incoming
4377,3682,incoming
4377,2277,incoming
359,3682,incoming
359,2277,incoming
3682,2277,incoming
1665,3301,incoming
187,5900,incoming
187,3053,incoming
187,3733,incoming
5900,3053,incoming
5900,3733,incoming
5900,4200,incoming
5900,4349,incoming
5900,2902,incoming
5900,172,incoming
5900,1740,incoming
3053,3733,incoming
230,2115,incoming
230,4793,incoming
2115,4793,incoming
1158,1664,incoming
1158,4598,incoming
1158,5195,incoming
1158,4918,incoming
2969,5936,incoming
5936,5001,incoming
4202,4381,incoming
4202,4002,incoming
4043,1791,incoming
4043,3198,incoming
4043,5369,incoming
4043,5810,incoming
4043,3114,incoming
1791,3198,incoming
1791,5369,incoming
1791,5810,incoming
1791,3114,incoming
3198,5369,incoming
3198,5810,incoming
3198,3114,incoming
5369,5810,incoming
5369,3114,incoming
5810,3114,incoming
433,1832,incoming
433,3606,incoming
1832,3606,incoming
2367,2662,incoming
2367,5629,incoming
2367,3356,incoming
2367,622,incoming
2367,2801,incoming
2662,5629,incoming
2662,3356,incoming
2662,622,incoming
2662,2801,incoming
5629,3356,incoming
5629,622,incoming
5629,2801,incoming
3356,622,incoming
3356,2801,incoming
622,2801,
5119,2994,incoming
5119,6152,incoming
5119,2688,incoming
5119,5273,incoming
2994,6152,outgoing
257,1718,incoming
1718,4449,incoming
1718,1714,incoming
3339,536,incoming
2029,2218,incoming
2029,1360,incoming
2029,2474,incoming
2029,2710,incoming
2029,3805,incoming
2218,1360,incoming
2218,2474,incoming
2218,2710,incoming
2218,3805,incoming
1360,2474,incoming
1360,2710,incoming
1360,3805,incoming
2474,2710,incoming
2474,3805,incoming
2710,3805,incoming
3177,721,incoming
3177,5469,incoming
3177,3749,incoming
721,5469,incoming
721,3749,incoming
5469,3749,incoming
3749,2986,incoming
3749,662,incoming
6040,6362,outgoing
6040,2738,incoming
6040,602,incoming
6040,3495,outgoing
6362,2738,incoming
6362,602,incoming
6362,3495,outgoing
2734,2133,incoming
2384,3311,incoming
2384,3888,incoming
2384,817,incoming
3311,3888,incoming
1289,4508,incoming
1289,3761,incoming
4508,3761,incoming
288,5698,incoming
2688,5273,incoming
398,2822,incoming
398,3094,outgoing
6594,1062,incoming
6594,838,incoming
6594,1139,incoming
6594,453,outgoing
1062,838,incoming
1062,1139,incoming
1062,453,incoming
838,1139,incoming
838,453,incoming
1139,453,incoming
5107,2560,incoming
2180,1914,incoming
5658,1760,incoming
5658,4632,incoming
5658,258,incoming
1760,4632,incoming
1760,258,incoming
4632,258,incoming
1057,4333,incoming
1057,5653,incoming
1057,5713,incoming
1057,5998,incoming
1057,2748,incoming
1057,876,incoming
4333,5653,incoming
4333,5713,incoming
5653,5713,incoming
5430,1192,incoming
5430,2974,incoming
1192,2974,incoming
6171,878,incoming
6256,6392,incoming
6256,2692,incoming
6392,2692,incoming
2692,2777,incoming
5998,2748,incoming
5998,876,incoming
2748,876,incoming
1052,6599,outgoing
6599,5646,outgoing
6599,6390,incoming
6599,4727,incoming
6599,2132,incoming
3040,3718,incoming
3040,639,incoming
3040,273,incoming
3718,639,incoming
3718,273,incoming
639,273,incoming
2330,5541,outgoing
2330,772,outgoing
5541,772,outgoing
772,1133,incoming
772,2301,incoming
2738,602,incoming
2738,3495,incoming
602,3495,incoming
4298,5398,incoming
4298,2080,incoming
5398,2080,incoming
5398,4146,incoming
3992,439,incoming
3992,4469,incoming
439,4469,incoming
175,1445,incoming
2358,2238,incoming
2358,4222,incoming
2238,4222,incoming
4381,4002,incoming
3049,3184,incoming
5512,5912,incoming
5512,2000,incoming
5318,6430,incoming
5318,1125,incoming
5318,6547,incoming
3768,234,incoming
3768,2904,incoming
3768,2161,incoming
234,2904,incoming
234,2161,incoming
2904,2161,incoming
3784,3835,incoming
3784,3826,incoming
3784,1828,incoming
3784,5719,incoming
3784,2239,incoming
3784,4565,outgoing
3784,5778,outgoing
1380,1654,incoming
1380,4419,incoming
3534,1846,incoming
6243,4723,incoming
6243,1873,incoming
6243,5329,incoming
4723,1873,incoming
4723,5329,incoming
1873,5329,incoming
4514,5615,incoming
4514,5886,incoming
4514,3196,outgoing
4514,2271,outgoing
5615,5886,incoming
5615,3196,incoming
5615,2271,incoming
5886,3196,incoming
5886,2271,incoming
3196,2271,outgoing
2524,4922,incoming
2524,3777,incoming
4922,3777,outgoing
6258,4558,incoming
6258,5315,incoming
4558,5315,incoming
3125,3369,incoming
5452,701,incoming
3474,972,incoming
3474,5456,incoming
972,5456,incoming
4119,2420,incoming
818,4322,incoming
818,3367,incoming
818,2887,incoming
4322,3367,incoming
4322,2887,incoming
3367,2887,incoming
5461,3021,incoming
5461,2094,incoming
3021,2094,incoming
793,6511,incoming
793,3042,incoming
6511,3042,incoming
4859,3813,incoming
4859,3673,incoming
3813,3673,incoming
2818,3276,incoming
5912,2000,incoming
3465,6014,incoming
3465,6168,incoming
3465,2052,incoming
3465,6007,incoming
3465,5252,incoming
3465,6572,incoming
3465,397,incoming
3465,2346,incoming
6014,6168,incoming
6014,2052,incoming
6014,6007,incoming
6014,5252,incoming
6014,6572,incoming
6014,397,incoming
6014,2346,incoming
6168,2052,incoming
6168,6007,incoming
6168,5252,incoming
6168,6572,incoming
6168,397,incoming
6168,2346,incoming
2052,6007,incoming
2052,5252,incoming
2052,6572,incoming
2052,397,incoming
2052,2346,incoming
6007,5252,incoming
6007,6572,incoming
6007,397,incoming
6007,2346,incoming
5252,6572,incoming
5252,397,incoming
5252,2346,incoming
6572,397,incoming
6572,2346,incoming
397,2346,incoming
1262,4089,incoming
1262,2823,incoming
1262,5088,incoming
4089,2823,incoming
4089,5088,incoming
2823,5088,incoming
4269,2628,outgoing
3574,1134,incoming
3574,2564,incoming
1134,2564,incoming
4449,1714,incoming
6324,6237,incoming
6324,6472,incoming
6324,2750,incoming
6237,6472,incoming
6237,2750,incoming
6472,2750,incoming
208,5962,incoming
208,3928,incoming
5962,3928,incoming
3928,338,incoming
3928,4851,incoming
438,3595,incoming
438,3571,incoming
3595,3571,incoming
5568,3175,incoming
3954,526,incoming
1664,4598,incoming
1664,5195,incoming
1664,4918,incoming
4598,5195,incoming
4598,4918,incoming
5195,4918,incoming
5591,2241,incoming
6250,5588,incoming
338,4851,incoming
1480,2893,incoming
3835,3826,incoming
3835,1828,incoming
3835,5719,incoming
3835,2239,incoming
3835,918,incoming
3826,1828,incoming
3826,5719,incoming
3826,2239,incoming
3826,918,incoming
1828,5719,incoming
1828,2239,incoming
5719,2239,incoming
2239,918,incoming
4574,5286,incoming
4574,4221,incoming
5286,4221,incoming
6569,2175,incoming
6430,1125,incoming
6430,6547,incoming
1125,6547,incoming
1009,5646,incoming
5646,6390,incoming
5646,4727,incoming
5646,2132,incoming
6315,4968,incoming
2986,662,incoming
4565,5778,outgoing
459,510,incoming
459,1646,incoming
510,1646,incoming
4100,2815,incoming
2314,3460,incoming
2314,5723,incoming
2314,3149,incoming
3460,5723,incoming
3460,3149,incoming
5723,3149,incoming
1110,4425,incoming
1110,5635,incoming
1110,1260,incoming
1110,5324,incoming
4425,5635,incoming
4425,1260,incoming
4425,5324,incoming
5635,1260,incoming
5635,5324,incoming
1260,5324,incoming
1133,2301,incoming
5388,1998,incoming
5722,1613,incoming
5722,1941,outgoing
5722,2661,incoming
5722,3692,outgoing
1613,1941,incoming
1613,2661,incoming
1613,3692,incoming
1941,2661,incoming
1941,3692,outgoing
2661,3692,incoming
6390,4727,incoming
6390,2132,incoming
4727,2132,incoming
774,1432,incoming
774,253,incoming
1432,253,incoming
790,5927,incoming
790,1534,incoming
5927,1534,incoming
5666,3872,incoming
5666,5596,incoming
5666,4048,incoming
3872,5596,incoming
3872,4048,incoming
5596,4048,incoming
5164,2365,incoming
5164,5267,incoming
5164,3065,incoming
2365,5267,incoming
2365,3065,incoming
5267,3065,incoming
991,3552,incoming
991,5437,incoming
991,3380,incoming
991,5460,incoming
3552,5437,incoming
3552,3380,incoming
3552,5460,incoming
5437,3380,incoming
5437,5460,incoming
3380,5460,incoming
3712,3710,outgoing
3712,1887,outgoing
3712,5370,outgoing
3712,1671,outgoing
3710,1887,outgoing
3710,5370,outgoing
3710,1671,outgoing
1887,5370,outgoing
1887,1671,outgoing
5370,1671,outgoing
5211,5314,incoming
4200,4349,incoming
4200,2902,incoming
4200,172,incoming
4200,1740,incoming
4349,2902,incoming
4349,172,incoming
4349,1740,incoming
2902,172,incoming
2902,1740,incoming
172,1740,incoming
2684,5510,incoming
2684,223,incoming
2684,5176,incoming
5510,223,incoming
5510,5176,incoming
223,5176,incoming
443,5374,incoming
443,628,incoming
5374,628,incoming
3719,2643,incoming
2607,3746,incoming
924,1354,incoming
924,946,incoming
924,3935,outgoing
924,4272,outgoing
1354,946,incoming
1354,3935,incoming
1354,4272,incoming
946,3935,incoming
946,4272,incoming
3935,4272,outgoing
3644,3396,incoming
3644,1816,incoming
3644,113,outgoing
3396,1816,incoming
3396,113,incoming
1816,113,incoming
3856,1109,incoming
3856,3859,outgoing
3856,3858,outgoing
1109,3859,incoming
1109,3858,incoming
3859,3858,outgoing
5567,5408,incoming
5567,295,incoming
5567,2540,incoming
5567,2441,incoming
5408,295,outgoing
5408,2540,outgoing
5408,2441,incoming
295,2540,outgoing
295,2441,incoming
2540,2441,incoming
111,2593,incoming
3869,320,incoming
3869,3734,incoming
320,3734,incoming
3402,4932,incoming
2953,5170,incoming
3626,4195,incoming
3626,2279,incoming
4195,2279,incoming
6320,3467,incoming
6320,6037,incoming
6320,6336,incoming
6320,6110,incoming
6320,6036,incoming
3467,6037,incoming
3467,6336,incoming
3467,6110,incoming
3467,6036,incoming
6037,6336,incoming
6037,6110,incoming
6037,6036,incoming
6336,6110,incoming
6336,6036,incoming
6110,6036,incoming
2196,5367,incoming
2196,5359,incoming
2196,1755,incoming
2196,6437,incoming
5367,5359,incoming
5367,1755,incoming
5367,6437,incoming
5359,1755,incoming
5359,6437,incoming
1755,6437,incoming
4186,6283,incoming
4421,3611,incoming
3744,2958,outgoing
3744,6576,outgoing
2958,6576,outgoing
5935,3684,incoming
5935,5405,incoming
5935,5946,incoming
3684,5405,incoming
3684,5946,incoming
5405,5946,incoming
5182,2807,incoming
5182,2228,incoming
5182,1485,incoming
5182,5540,incoming
2807,2228,incoming
2807,1485,incoming
2807,5540,incoming
2228,1485,incoming
2228,5540,incoming
1485,5540,incoming
