node,centrality,community,density,betwness,closeness,eign,volatility,type,name
4184,3,0,0.3526315789473684,0.0,0.11698749803795418,4.704391142499817e-05,1,incoming,Mirek Riedewald
6121,3,0,0.3526315789473684,0.0,0.11698749803795418,4.704391142499817e-05,1,incoming,Wolfgang Gatterbauer
1734,3,0,0.3526315789473684,0.0,0.11711416271751023,7.906098647312669e-05,1,incoming,Fangfang Sheng
6325,5,0,0.3526315789473684,0.0,0.11463187864125947,4.3965263253673665e-05,1,incoming,Yifan Sun 0002
2988,5,0,0.3526315789473684,0.0,0.11463187864125947,4.3965263253673665e-05,1,incoming,Joseph D. Gaggiano
4309,5,0,0.3526315789473684,0.0,0.11463187864125947,4.3965263253673665e-05,1,incoming,Neha Kumar
1040,5,0,0.3526315789473684,0.0,0.11463187864125947,4.3965263253673665e-05,1,incoming,Clio Andris
239,5,0,0.3526315789473684,0.0,0.11463187864125947,4.3965263253673665e-05,1,incoming,Andrea G. Parker
3093,5,0,0.3526315789473684,0.0,0.11991867038347277,0.00011361723759688869,1,incoming,Justin Raynor
3397,6,0,0.3526315789473684,0.005016722015695272,0.1421001585468897,0.0005074800711498152,1,incoming,Laura South
4097,7,0,0.3526315789473684,0.0,0.1387819357016839,0.0006213436362812194,1,,Michail Schwab
5301,7,0,0.3526315789473684,0.0,0.1387819357016839,0.0006213436362812194,1,incoming,Shash Sinha
1078,7,0,0.3526315789473684,0.0,0.1387819357016839,0.0006213436362812194,1,incoming,Cristina Nita-Rotaru
2532,7,0,0.3526315789473684,0.0,0.1387819357016839,0.0006213436362812194,1,,James Tompkin 0001
5655,8,0,0.3526315789473684,0.01487823063083652,0.12401586870659531,0.00011504904342300724,1,,Tarik Crnovrsanin
5175,9,0,0.3526315789473684,0.00042878529592607287,0.12015845443889406,0.00015520771310326094,1,incoming,Sara Di Bartolomeo
1309,11,0,0.3526315789473684,0.005472297526322871,0.14247450037657067,0.0006666866036960528,1,incoming,David Saffo
4106,12,0,0.3526315789473684,0.029178951187468175,0.1708253959031782,0.0077436247760455205,1,,Michelle Borkin
6364,14,0,0.3526315789473684,0.005686179203407159,0.13903167183276663,0.0006444453342853471,1,,Yixuan Zhang
1042,14,0,0.3526315789473684,0.007853882007680842,0.14258718782743532,0.0006754954217228674,1,,Cody Dunne
1013,1,1,0.09014300306435138,0.0,0.11798281052126139,0.00026300464917568056,1,incoming,Chun-qi Zhou
5294,4,1,0.09014300306435138,0.0,0.15102854047178504,0.0044827360580406254,1,incoming,Shaolun Ruan
6030,4,1,0.09014300306435138,0.0,0.15102854047178504,0.0044827360580406254,1,incoming,Weiwen Jiang
6340,4,1,0.09014300306435138,0.0,0.15102854047178504,0.0044827360580406254,1,incoming,Ying Mao
4705,4,1,0.09014300306435138,0.0,0.15102854047178504,0.0044827360580406254,1,incoming,Qiang Guan
5409,4,1,0.09014300306435138,0.0,0.1718567535524189,0.021027949581343183,1,incoming,Songheng Zhang
6279,4,1,0.09014300306435138,0.0,0.1718567535524189,0.021027949581343183,1,,Yangqiu Song
6509,4,1,0.09014300306435138,0.0,0.17251457844639945,0.02309176089996398,1,incoming,Zezheng Feng
5349,4,1,0.09014300306435138,0.0,0.17251457844639945,0.02309176089996398,1,incoming,Shuang-Hua Yang
5880,4,1,0.09014300306435138,0.0,0.13993097113310793,0.004304686896609087,1,,Udo Schlegel
4274,4,1,0.09014300306435138,0.0,0.1441069020595423,0.004894628724478089,1,,Natalia V. Andrienko
1909,4,1,0.09014300306435138,0.0,0.1441069020595423,0.004894628724478089,1,,Gennady L. Andrienko
4159,4,1,0.09014300306435138,0.0,0.1220016249558904,0.0006597026316927839,1,incoming,Mingdong Zhang
3460,4,1,0.09014300306435138,0.0,0.1220016249558904,0.0006597026316927839,3,,Li Chen
3071,4,1,0.09014300306435138,0.0,0.1220016249558904,0.0006597026316927839,1,incoming,Junhai Yong
3133,5,1,0.09014300306435138,0.0,0.16801280007128366,0.0342417532963273,1,incoming,Kai Xiong
6570,5,1,0.09014300306435138,0.0,0.16801280007128366,0.0342417532963273,1,incoming,Zhongsu Luo
6377,5,1,0.09014300306435138,0.0,0.16801280007128366,0.03424175329632731,1,incoming,Yongheng Wang
2746,5,1,0.09014300306435138,0.0010116694613224904,0.14414531008247927,0.004908005935584314,3,incoming,Jie Li 0006
5364,5,1,0.09014300306435138,0.0,0.13793246708223977,0.003261263862823119,1,,Sihang Li
2701,5,1,0.09014300306435138,0.0,0.13793246708223977,0.003261263862823119,1,incoming,Jiacheng Yu
4166,5,1,0.09014300306435138,0.0,0.13793246708223977,0.003261263862823119,1,incoming,Mingxuan Li
3419,5,1,0.09014300306435138,0.0,0.13793246708223977,0.003261263862823119,1,incoming,Le Liu
3570,5,1,0.09014300306435138,0.0,0.17256962457864142,0.03377740489954275,1,incoming,Luoxuan Weng
6332,5,1,0.09014300306435138,0.0,0.17256962457864142,0.03377740489954275,1,incoming,Yihan Liu
6215,5,1,0.09014300306435138,0.0,0.17191138061966374,0.021874245738216003,1,,Xingbo Wang 0001
2717,5,1,0.09014300306435138,0.0,0.17191138061966374,0.021874245738216003,1,incoming,Jianben He
6551,5,1,0.09014300306435138,0.0,0.17191138061966374,0.021874245738216003,1,,Zhihua Jin
4226,5,1,0.09014300306435138,0.0,0.17191138061966374,0.021874245738216003,1,incoming,Muqiao Yang
6533,5,1,0.09014300306435138,0.0,0.18559821668821627,0.03736083915955166,1,incoming,Zhenhua Xu
6422,5,1,0.09014300306435138,0.0,0.16373999498318564,0.02366812075714126,1,,Yuanzhe Hu
6475,5,1,0.09014300306435138,0.0,0.16373999498318564,0.02366812075714126,1,incoming,Yuxuan Hou
3469,5,1,0.09014300306435138,0.0,0.16373999498318564,0.02366812075714126,1,incoming,Liangjun Liu
3142,5,1,0.09014300306435138,0.0,0.16373999498318564,0.02366812075714126,1,incoming,Kaiyuan Zhang 0002
851,6,1,0.09014300306435138,0.0,0.17158413814386492,0.034876244748636744,1,incoming,Chengqiao Lin
3066,6,1,0.09014300306435138,0.0,0.17158413814386492,0.034876244748636744,1,incoming,Juncong Lin
2780,6,1,0.09014300306435138,0.0,0.17158413814386492,0.034876244748636744,1,incoming,Jincheng Jiang
6299,6,1,0.09014300306435138,0.0,0.17196604242590213,0.02336614026237049,1,incoming,Yating Lin
3147,6,1,0.09014300306435138,0.0,0.17196604242590213,0.02336614026237049,1,incoming,Kamkwai Wong
5048,6,1,0.09014300306435138,0.0,0.17196604242590213,0.02336614026237049,1,incoming,Rong Zhang
621,6,1,0.09014300306435138,0.0,0.17196604242590213,0.02336614026237049,1,,Bo Dong 0001
4717,6,1,0.09014300306435138,0.0,0.17196604242590213,0.02336614026237049,1,,Qinghua Zheng
2201,7,1,0.09014300306435138,0.00010877443323257961,0.1749137139163849,0.028801441574427294,1,incoming,Haotian Li 0001
2977,7,1,0.09014300306435138,0.0,0.14793030728376974,0.006219341688210337,1,incoming,Joscha Eirich
2485,7,1,0.09014300306435138,0.0,0.14793030728376974,0.006219341688210337,1,incoming,Jakob Bonart
5904,7,1,0.09014300306435138,0.0,0.14793030728376974,0.006219341688210337,1,incoming,Ute Schmid
3127,7,1,0.09014300306435138,0.0,0.14793030728376974,0.006219341688210337,1,incoming,Kai Fischbach
3108,7,1,0.09014300306435138,0.0,0.14793030728376974,0.006219341688210337,1,,Jürgen Bernard
6334,7,1,0.09014300306435138,0.0,0.14617113606201682,0.008535784655523172,1,incoming,Yijie Hou
852,7,1,0.09014300306435138,0.0,0.14617113606201682,0.008535784655523172,1,incoming,Chengshun Wang
3072,7,1,0.09014300306435138,0.0,0.14617113606201682,0.008535784655523172,1,incoming,Junhong Wang
6157,7,1,0.09014300306435138,0.0,0.14617113606201682,0.008535784655523172,1,incoming,Xiangyang Xue
3063,7,1,0.09014300306435138,0.0,0.14617113606201682,0.008535784655523172,1,incoming,Jun Zhu
1462,7,1,0.09014300306435138,0.0,0.14617113606201682,0.008535784655523172,1,incoming,Dongliang Wang
6506,7,1,0.09014300306435138,0.0,0.17125813914802476,0.04390989562358283,1,incoming,Zexian Chen
1467,7,1,0.09014300306435138,0.0,0.17125813914802476,0.04390989562358283,1,incoming,Dongshi Xu
6156,7,1,0.09014300306435138,0.0,0.17125813914802476,0.04390989562358283,1,incoming,Xiangyang Wu
2700,8,1,0.09014300306435138,0.0,0.17251457844639945,0.058600614767271325,1,incoming,Jiacheng Pan
6163,8,1,0.09014300306435138,0.0,0.17251457844639945,0.058600614767271325,1,incoming,Xiaodong Zhao
5356,8,1,0.09014300306435138,0.0,0.17251457844639945,0.058600614767271325,1,,Shuyue Zhou
2705,8,1,0.09014300306435138,0.0,0.17251457844639945,0.058600614767271325,1,,Jian Chen 0006
6525,9,1,0.09014300306435138,0.0004374554249076046,0.17553820299560602,0.052557773256871186,3,incoming,Zhen Wen
6018,10,1,0.09014300306435138,0.0,0.1788469588060391,0.06295265744580382,1,incoming,Wei Zhang
6389,10,1,0.09014300306435138,0.0,0.1788469588060391,0.06295265744580382,1,incoming,Youcheng Gong
3131,10,1,0.09014300306435138,0.0,0.1788469588060391,0.06295265744580382,1,incoming,Kai Liu
6584,10,1,0.09014300306435138,0.0,0.1788469588060391,0.06295265744580382,1,incoming,Zihan Yan
5397,10,1,0.09014300306435138,0.0,0.1788469588060391,0.06295265744580382,1,incoming,Siwei Tan
2753,10,1,0.09014300306435138,0.0,0.1778471566686821,0.061165611800388,1,incoming,Jiehui Zhou
2337,10,1,0.09014300306435138,0.0,0.1778471566686821,0.061165611800388,1,incoming,Huanliang Wang
6571,10,1,0.09014300306435138,0.0,0.1778471566686821,0.061165611800388,1,incoming,Zhongwei Wang
6198,10,1,0.09014300306435138,0.0,0.1778471566686821,0.061165611800388,1,incoming,Xiaoyu Yang
6186,10,1,0.09014300306435138,0.0,0.1778471566686821,0.061165611800388,1,incoming,Xiaoran Yan
2204,10,1,0.09014300306435138,0.0,0.1778471566686821,0.061165611800388,1,incoming,Haozhe Feng
2190,10,1,0.09014300306435138,0.0,0.1778471566686821,0.061165611800388,1,incoming,Haochao Ying
1439,10,1,0.09014300306435138,0.001625450961668765,0.14870310789921973,0.006885341148260516,1,,Dominik Jäckle
4147,12,1,0.09014300306435138,0.0002721015976330618,0.1727349739474488,0.06341542264424709,1,,Min-Feng Zhu
5049,13,1,0.09014300306435138,0.0014955084687393266,0.18302308068678924,0.07499312532969754,1,incoming,Rongchen Zhu
6188,13,1,0.09014300306435138,0.0035398808038250894,0.1480923339073007,0.008001647878216573,1,,Xiaoru Yuan
2591,17,1,0.09014300306435138,4.383495682773532e-05,0.17926191694712038,0.08472847906311828,1,incoming,Jason K. Wong
5396,18,1,0.09014300306435138,0.0013285910937507375,0.1788469588060391,0.0953048090145116,1,,Siwei Fu
6176,19,1,0.09014300306435138,0.007602307553228016,0.17317745867097734,0.043075732253455595,1,,Xiaolong Zhang 0001
6254,24,1,0.09014300306435138,0.002338927509760466,0.1863014824076687,0.11008429969077531,1,,Xumeng Wang
5815,24,1,0.09014300306435138,0.022570698285479876,0.1772061610188277,0.06465841056460925,1,,Tobias Schreck
5373,26,1,0.09014300306435138,0.013001065594865037,0.1834576673777009,0.07353820127848343,1,,Siming Chen 0001
6017,26,1,0.09014300306435138,0.018905586927602754,0.19688139913704486,0.1066657984323515,1,,Wei Zeng 0004
6371,30,1,0.09014300306435138,0.013450780099927262,0.19652369310663598,0.07020894917932426,1,,Yong Wang 0021
4161,33,1,0.09014300306435138,0.016141321932197722,0.19117469191568123,0.13008692455295925,1,,Mingliang Xu
6008,83,1,0.09014300306435138,0.060681002963297266,0.21851846603210595,0.30729378651992995,1,,Wei Chen 0001
2333,86,1,0.09014300306435138,0.10697568848467218,0.22897256707428543,0.27239443994068735,1,,Huamin Qu
586,1,2,0.12202380952380952,0.0,0.11185795313949581,0.00011141961704782416,1,incoming,Bhavya Ghai
1771,3,2,0.12202380952380952,0.0,0.15563545422430566,0.009813926408600498,1,incoming,Fengyuan Tian
5872,4,2,0.12202380952380952,0.0,0.11192740137199135,0.0002492482956617872,1,,Tyler Estro
1911,4,2,0.12202380952380952,0.0,0.11192740137199135,0.0002492482956617872,1,incoming,Geoffrey H. Kuenning
1626,4,2,0.12202380952380952,0.0,0.11192740137199135,0.0002492482956617872,1,,Erez Zadok
2709,4,2,0.12202380952380952,0.0,0.13095234949865914,0.0007388445342614664,1,incoming,Jian Kang
5343,4,2,0.12202380952380952,0.0,0.16163574519708973,0.0221485283868649,1,,Shouxing Xiang
413,4,2,0.12202380952380952,0.0,0.13095234949865914,0.0007343345262029977,1,incoming,Arlen Fan
2793,4,2,0.12202380952380952,0.0,0.13095234949865914,0.0007343345262029977,1,incoming,Jingrui He
434,4,2,0.12202380952380952,0.0,0.13095234949865914,0.0007343345262029977,1,incoming,Arun Reddy Nelakurthi
4233,4,2,0.12202380952380952,0.0,0.13095234949865914,0.0007388445342614664,1,incoming,My T. Thai
341,5,2,0.12202380952380952,0.0015102084987530446,0.1350732276297358,0.002073633500301144,1,,Anjul Tyagi
6427,5,2,0.12202380952380952,0.0,0.1686414728498479,0.02152441429172095,1,incoming,Yuchen Zhang
2749,5,2,0.12202380952380952,0.0,0.1686414728498479,0.02152441429172095,1,incoming,Jie Song
5758,5,2,0.12202380952380952,3.0398721794545984e-07,0.13098406476857888,0.0007764197433866444,1,,Tiankai Xie
2149,5,2,0.12202380952380952,3.0398721794545984e-07,0.13098406476857888,0.0007764197433866444,1,,Hanghang Tong
3303,6,2,0.12202380952380952,0.0025218779600755348,0.1351069706293935,0.002079300397642331,1,,Klaus Mueller 0001
3061,6,2,0.12202380952380952,6.336630260667513e-05,0.16173241729349946,0.023289174330495665,1,incoming,Jun Yuan 0003
6025,6,2,0.12202380952380952,0.0,0.15958489331055242,0.010931253914856304,1,incoming,Weikai Yang
6524,6,2,0.12202380952380952,0.0,0.15958489331055242,0.010931253914856304,1,,Zhen Li 0044
6259,6,2,0.12202380952380952,0.0,0.15958489331055242,0.010931253914856304,1,,Yafeng Lu
3220,6,2,0.12202380952380952,0.0,0.15958489331055242,0.010931253914856304,1,,Kelei Cao
6502,6,2,0.12202380952380952,0.0,0.13612715918184298,0.007807175263611426,1,incoming,Zengsheng Zhong
5353,6,2,0.12202380952380952,0.0,0.13612715918184298,0.007807175263611426,1,incoming,Shuirun Wei
6312,6,2,0.12202380952380952,0.0,0.13612715918184298,0.007807175263611426,1,incoming,Yeting Xu
1764,6,2,0.12202380952380952,0.0,0.13612715918184298,0.007807175263611426,1,,Feng Luo
5051,6,2,0.12202380952380952,0.0,0.13612715918184298,0.007807175263611426,1,incoming,Ronghua Shi
3494,7,2,0.12202380952380952,0.0,0.1670269312629593,0.03606644715095425,1,incoming,Linquan Huang
6033,7,2,0.12202380952380952,0.0,0.1670269312629593,0.03606644715095425,1,incoming,Weixing Lin
6211,7,2,0.12202380952380952,0.0,0.1670269312629593,0.03606644715095425,1,incoming,Xin Zhao
2785,7,2,0.12202380952380952,0.0,0.1670269312629593,0.03606644715095425,1,,Jing Wu 0004
841,7,2,0.12202380952380952,0.0,0.16468733356560966,0.0311955913396359,1,incoming,Chen Shi
6202,7,2,0.12202380952380952,0.0,0.16468733356560966,0.0311955913396359,1,incoming,Xilong Shen
3473,7,2,0.12202380952380952,0.0,0.16468733356560966,0.0311955913396359,1,incoming,Lihong Cai
2202,7,2,0.12202380952380952,0.0,0.16468733356560966,0.0311955913396359,1,incoming,Haoxuan Wang
5759,7,2,0.12202380952380952,0.0,0.16975304564640997,0.03566029377525046,1,incoming,Tianxiang Chen
3433,7,2,0.12202380952380952,0.0,0.16975304564640997,0.03566029377525046,1,incoming,Lei Zhang
3559,8,2,0.12202380952380952,0.0,0.13619571982610482,0.010855345522904559,1,incoming,Luhao Ge
1908,8,2,0.12202380952380952,0.0,0.13619571982610482,0.010855345522904559,1,incoming,Genghuai Bai
6515,8,2,0.12202380952380952,0.0,0.13619571982610482,0.010855345522904559,1,incoming,Zhao Zhang
4706,8,2,0.12202380952380952,0.0,0.13619571982610482,0.010855345522904559,1,incoming,Qiang Wei
6455,8,2,0.12202380952380952,0.0,0.13619571982610482,0.010855345522904559,1,incoming,Yun Lin 0005
6425,8,2,0.12202380952380952,0.0,0.13619571982610482,0.010855345522904559,1,incoming,Yuchao Liu
3966,8,2,0.12202380952380952,7.897587922223048e-05,0.1596791270828055,0.012614749860628514,1,,Mengchen Liu
6474,8,2,0.12202380952380952,7.599680448636496e-06,0.13107930281858027,0.0008884572726364524,1,,Yuxin Ma
6223,8,2,0.12202380952380952,0.0,0.16473749723711917,0.03332320907770537,1,incoming,Xinlong Zhang
6526,8,2,0.12202380952380952,0.0,0.16473749723711917,0.03332320907770537,1,incoming,Zhendong Yang
6419,8,2,0.12202380952380952,0.0,0.16473749723711917,0.03332320907770537,1,incoming,Yuanyuan Chen
2776,8,2,0.12202380952380952,0.0,0.16473749723711917,0.03332320907770537,1,incoming,Jin Wen
608,8,2,0.12202380952380952,0.0,0.16473749723711917,0.03332320907770537,1,incoming,Binjie Chen
1056,9,2,0.12202380952380952,0.006033538301781487,0.17007333441178057,0.03587151098329298,1,,Cong Xie
2192,9,2,0.12202380952380952,0.0,0.16207168217844237,0.030523766110498902,1,incoming,Haojin Jiang
4702,9,2,0.12202380952380952,0.0,0.16207168217844237,0.030523766110498902,1,incoming,Qi'an Chen
6290,9,2,0.12202380952380952,0.0,0.16207168217844237,0.030523766110498902,1,incoming,Yaqi Qin
6359,9,2,0.12202380952380952,0.0,0.16207168217844237,0.030523766110498902,1,incoming,Yitao Wu
6440,12,2,0.12202380952380952,6.079744358909197e-06,0.16493845789248618,0.039669482468248675,1,incoming,Yuhua Liu
2354,15,2,0.12202380952380952,0.0011973685375942461,0.16236361555973047,0.033836425696133765,1,incoming,Huixuan Xie
6270,16,2,0.12202380952380952,0.0027575609311613603,0.18063901250149036,0.05942074301052485,1,,Yang Chen
5061,17,2,0.12202380952380952,0.03591382684991677,0.16383920128126694,0.011347822394923952,1,,Ross Maciejewski
1735,20,2,0.12202380952380952,0.00257865473430807,0.16260769796436023,0.03582180851726047,1,,Fangfang Zhou
6549,20,2,0.12202380952380952,0.0005259075001398682,0.1710414938107091,0.06298974744410399,1,,Zhiguang Zhou
6345,36,2,0.12202380952380952,0.007922334655590998,0.17191138061966374,0.07864705518686627,1,,Ying Zhao 0001
5338,37,2,0.12202380952380952,0.05352959294251507,0.20447380091851122,0.1472543762886047,1,,Shixia Liu
2742,38,2,0.12202380952380952,0.010780844705371207,0.18897037156864507,0.1195275951029474,1,,Jiazhi Xia
323,3,3,0.11101549053356283,0.0,0.1388888555288809,0.012602180100496492,1,incoming,Andrés Lalama
5279,4,3,0.11101549053356283,0.0,0.12960297230516707,0.002911404594118319,1,,Shahid Latif
6383,4,3,0.11101549053356283,0.0,0.12960297230516707,0.002911404594118319,1,incoming,Yoon Kim
1707,4,3,0.11101549053356283,0.0,0.12960297230516707,0.002911404594118319,1,,Fabian Beck 0001
4250,4,3,0.11101549053356283,0.0,0.12960297230516707,0.002911404594118319,1,,Nam Wook Kim
6280,4,3,0.11101549053356283,0.0,0.16139456980885175,0.03391211170775393,1,,Yanhong Wu
6439,4,3,0.11101549053356283,0.0,0.16139456980885175,0.03391211170775393,1,,Yuhong Li
6602,4,3,0.11101549053356283,0.0,0.16125020972852183,0.022541664904461377,1,incoming,Zuobin Wang
2720,5,3,0.11101549053356283,1.281088989913009e-06,0.16153918859900304,0.025171317121259282,2,incoming,Jiang Wu
6590,5,3,0.11101549053356283,1.281088989913009e-06,0.16153918859900304,0.025171317121259282,1,incoming,Ziyang Guo
4720,5,3,0.11101549053356283,1.281088989913009e-06,0.16153918859900304,0.025171317121259282,1,incoming,Qingyang Xu
4800,6,3,0.11101549053356283,0.0,0.16134642107084196,0.035573940175974636,1,,Ran Chen
6287,6,3,0.11101549053356283,0.0,0.16134642107084196,0.035573940175974636,1,incoming,Yanwei Huang
2739,6,3,0.11101549053356283,0.0,0.16134642107084196,0.035573940175974636,1,incoming,Jiayi Zhou
2073,6,3,0.11101549053356283,0.0,0.16134642107084196,0.035573940175974636,3,incoming,Guodao Sun
2690,6,3,0.11101549053356283,0.0,0.16153918859900304,0.04501268684729348,1,incoming,Ji Ma
3153,6,3,0.11101549053356283,0.0,0.16153918859900304,0.04501268684729348,1,incoming,Kangping Hu
6426,6,3,0.11101549053356283,0.0,0.16149095354716697,0.047129491602133824,1,incoming,Yuchen Yang
4725,6,3,0.11101549053356283,0.0,0.16801280007128366,0.050843586830248595,1,incoming,Qisen Yang
6478,6,3,0.11101549053356283,0.0,0.16149095354716697,0.048803266808732516,1,incoming,Yuzhe Luo
3573,6,3,0.11101549053356283,0.0,0.16149095354716697,0.048803266808732516,1,incoming,Lvkeshen Shen
6329,6,3,0.11101549053356283,0.0,0.1762820089405027,0.0522447391598337,1,,Yifang Wang 0001
5631,6,3,0.11101549053356283,0.0,0.1762820089405027,0.0522447391598337,1,,Tai-Quan Peng
2353,6,3,0.11101549053356283,0.0,0.1762820089405027,0.0522447391598337,1,incoming,Huihua Lu
2200,6,3,0.11101549053356283,0.0,0.1762820089405027,0.0522447391598337,1,incoming,Haoren Wang
6333,7,3,0.11101549053356283,0.0,0.16139456980885175,0.051414605400538126,1,incoming,Yihong Wu
4211,7,3,0.11101549053356283,0.0,0.16139456980885175,0.051414605400538126,1,incoming,Moqi He
2751,7,3,0.11101549053356283,0.0,0.16139456980885175,0.051414605400538126,1,incoming,Jie Xu
2319,7,3,0.11101549053356283,0.0,0.16139456980885175,0.051414605400538126,1,incoming,Hongzeng Zhang
3150,7,3,0.11101549053356283,0.0,0.16468733356560966,0.04411209935844004,1,incoming,Kang Li 0005
3079,7,3,0.11101549053356283,0.0,0.16468733356560966,0.04411209935844004,1,incoming,Juntong Luo
6317,7,3,0.11101549053356283,0.0,0.16468733356560966,0.04411209935844004,1,incoming,Yi Li
2074,7,3,0.11101549053356283,0.0,0.16468733356560966,0.04411209935844004,1,incoming,Guohua Geng
6441,7,3,0.11101549053356283,0.0,0.16153918859900304,0.04794498031064403,1,incoming,Yuhua Zhou
650,7,3,0.11101549053356283,0.0,0.16153918859900304,0.04794498031064403,1,incoming,Boyang Xie
2338,7,3,0.11101549053356283,0.0,0.16153918859900304,0.04794498031064403,1,incoming,Huaqiang Zhang
3439,7,3,0.11101549053356283,0.0,0.16503912219391584,0.047266303881490036,1,incoming,Lejun Shen
3340,7,3,0.11101549053356283,0.0,0.16503912219391584,0.047266303881490036,3,incoming,Kun Zhou
848,7,3,0.11101549053356283,0.0,0.16811725316427173,0.04714546510724917,1,incoming,Chengbo Zheng
4168,7,3,0.11101549053356283,0.0,0.16811725316427173,0.04714546510724917,1,incoming,Mingze Ma
2317,7,3,0.11101549053356283,0.0,0.17018036608856582,0.06718521187226609,1,,Hongye Liang
5342,7,3,0.11101549053356283,0.0,0.17018036608856582,0.06718521187226609,1,,Shoubin Cheng
2075,7,3,0.11101549053356283,0.0,0.13203935630602104,0.0038402119283053745,1,incoming,Guoli Yan
2124,7,3,0.11101549053356283,0.0,0.13203935630602104,0.0038402119283053745,1,incoming,Haikuan Zhu
5128,7,3,0.11101549053356283,0.0,0.13203935630602104,0.0038402119283053745,1,incoming,Sagar Buch
6342,7,3,0.11101549053356283,0.0,0.13203935630602104,0.0038402119283053745,1,incoming,Ying Wang 0060
1519,7,3,0.11101549053356283,0.0,0.13203935630602104,0.0038402119283053745,1,incoming,E. Mark Haacke
2781,7,3,0.11101549053356283,0.0,0.13203935630602104,0.0038402119283053745,1,,Jing Hua 0001
6583,7,3,0.11101549053356283,0.0,0.13203935630602104,0.0038402119283053745,1,,Zichun Zhong
6416,8,3,0.11101549053356283,0.0,0.1614427472923768,0.043172916374002175,1,incoming,Yuan Tian
2199,8,3,0.11101549053356283,0.0,0.1614427472923768,0.043172916374002175,1,incoming,Haoran Xu
6158,8,3,0.11101549053356283,0.0,0.1614427472923768,0.043172916374002175,1,incoming,Xiangyu Zhu
2313,8,3,0.11101549053356283,0.0,0.1614427472923768,0.043172916374002175,1,incoming,Honglei Yin
6159,8,3,0.11101549053356283,0.0,0.1614427472923768,0.043172916374002175,1,incoming,Xianyuan Zhan
2194,8,3,0.11101549053356283,0.0,0.16473749723711917,0.06128083377448241,1,incoming,Haolin Lu
2311,8,3,0.11101549053356283,0.0,0.16473749723711917,0.06128083377448241,1,incoming,Hongguang Xiao
6505,8,3,0.11101549053356283,0.0,0.16473749723711917,0.06128083377448241,1,incoming,Zeqing Yuan
3544,9,3,0.11101549053356283,2.119225176534063e-06,0.16163574519708973,0.062301470179236054,1,incoming,Lu Ying
2744,9,3,0.11101549053356283,3.1723303771960685e-05,0.17480064752083457,0.07298209083011173,1,,Jie Bao 0003
6406,9,3,0.11101549053356283,3.1723303771960685e-05,0.17480064752083457,0.07298209083011173,1,,Yu Zheng 0004
4864,9,3,0.11101549053356283,0.0,0.16168406679505595,0.05464491239236196,1,incoming,Renzhong Li
6220,9,3,0.11101549053356283,0.0,0.16168406679505595,0.05464491239236196,1,incoming,Xinke Wu
4547,9,3,0.11101549053356283,0.0,0.16168406679505595,0.05464491239236196,1,incoming,Peiran Ren
2698,10,3,0.11101549053356283,0.00021529086834623168,0.17055604018589157,0.07408257234820384,1,,Jiachen Wang
6527,10,3,0.11101549053356283,0.004032086458828579,0.16173241729349946,0.04560489516047553,1,,Zheng Zhou
2122,10,3,0.11101549053356283,0.0006124242483131439,0.17902456253871638,0.08149101106622084,1,incoming,Haijun Xia
3081,11,3,0.11101549053356283,0.0007856790626595584,0.18547092024329978,0.0762616802723705,1,incoming,Junxiu Tang
2851,12,3,0.11101549053356283,0.0005211160146560609,0.17651214211144325,0.07840292767981091,1,incoming,Johannes Knittel
5459,12,3,0.11101549053356283,0.0005211160146560609,0.17651214211144325,0.07840292767981091,1,,Steffen Koch 0001
5703,12,3,0.11101549053356283,0.0005211160146560609,0.17651214211144325,0.07840292767981091,1,,Thomas Ertl
6326,14,3,0.11101549053356283,0.0070306163766425955,0.1653924169509059,0.04863329363188678,1,,Yifan Wang
6219,15,3,0.11101549053356283,0.0013300562798145496,0.18572568799088673,0.08835656394056837,1,,Xinhuan Shu
6587,15,3,0.11101549053356283,0.00047038212232051405,0.17514028608467042,0.0878433857830788,1,,Zikun Deng
5352,16,3,0.11101549053356283,3.510591780576204e-05,0.16202312864873042,0.07637862998313924,1,incoming,Shuhan Liu
5347,18,3,0.11101549053356283,0.0007525778004354914,0.1775552210864945,0.10037937472944794,1,incoming,Shuainan Ye
6155,18,3,0.11101549053356283,0.0007525778004354914,0.1775552210864945,0.10037937472944794,1,incoming,Xiangtong Chu
1338,20,3,0.11101549053356283,0.001222809160997555,0.18701009800465496,0.12994134753972433,1,,Dazhen Deng
2351,22,3,0.11101549053356283,0.0014277622983437316,0.182713920077521,0.1294720459732937,1,,Hui Zhang 0051
5645,25,3,0.11101549053356283,0.000954631123765799,0.17726424235642813,0.13053150344156755,1,,Tan Tang
1392,26,3,0.11101549053356283,0.0012319369484501816,0.1758807165624267,0.12367347870540421,1,,Di Weng
3490,27,3,0.11101549053356283,0.0011769265711417739,0.17508358803155136,0.12329300096791933,1,,Lingyun Yu 0001
6579,33,3,0.11101549053356283,0.013099085900070487,0.20202958663782672,0.14499547816791042,1,,Zhutian Chen
6160,40,3,0.11101549053356283,0.00859214807879133,0.19688139913704486,0.20073179300359242,1,,Xiao Xie
6347,92,3,0.11101549053356283,0.048769287403925166,0.21419136769483652,0.3452012999703694,1,,Yingcai Wu
1806,2,4,0.20689655172413793,0.0,0.11581010780074136,0.00011316880310775032,1,incoming,Foroozan Daneshzand
830,2,4,0.20689655172413793,0.0,0.11581010780074136,0.00011316880310775032,1,,Charles Perin
4490,2,4,0.20689655172413793,0.0,0.11638330179243861,0.00010104153656586318,1,incoming,Patrick Reipschläger
5799,3,4,0.20689655172413793,0.0,0.14117285393616869,0.0016294048050369196,1,incoming,Tingying He
5808,3,4,0.20689655172413793,0.0,0.14117285393616869,0.0016294048050369196,1,,Tobias Isenberg 0001
545,3,4,0.20689655172413793,0.0,0.11640835200806332,0.00010384047146229761,1,incoming,Benjamin Russig
1249,3,4,0.20689655172413793,0.0,0.11640835200806332,0.00010384047146229761,1,incoming,David Groß
5436,3,4,0.20689655172413793,0.0,0.11640835200806332,0.00010384047146229761,3,,Stefan Gumhold
4337,3,4,0.20689655172413793,0.0,0.14062225778197143,0.001629697029781702,1,incoming,Nicolas Soulié
4333,3,4,0.20689655172413793,0.0,0.14062225778197143,0.001629697029781702,1,,Nicolas Heulot
4294,4,4,0.20689655172413793,1.2159488717818394e-06,0.14065883054082243,0.0017352568423492434,1,incoming,Natkamon Tovanich
4614,4,4,0.20689655172413793,0.0,0.11643341300957205,0.00011390640122801165,1,incoming,Philip Berger
2239,4,4,0.20689655172413793,0.0,0.11643341300957205,0.00011390640122801165,1,,Heidrun Schumann
929,4,4,0.20689655172413793,0.0,0.11643341300957205,0.00011390640122801165,1,,Christian Tominski
6059,6,4,0.20689655172413793,0.0,0.14080531200975324,0.001987161199699474,1,,Wesley Willett
632,6,4,0.20689655172413793,0.0,0.14080531200975324,0.001987161199699474,1,incoming,Bon Adriel Aseniero
6482,6,4,0.20689655172413793,0.0,0.14080531200975324,0.001987161199699474,1,,Yvonne Jansen
3524,6,4,0.20689655172413793,0.0,0.14080531200975324,0.001987161199699474,1,incoming,Lora Oehlberg
4657,7,4,0.20689655172413793,4.255821051236438e-06,0.1408419800597558,0.00207541896400907,1,,Pierre Dragicevic
5312,8,4,0.20689655172413793,0.002020907024901417,0.14087866721267575,0.001998673660381885,1,,Sheelagh Carpendale
4383,8,4,0.20689655172413793,0.0,0.11653376501388972,0.00015030494890138824,1,incoming,Norine Coenen
4348,8,4,0.20689655172413793,0.0,0.11653376501388972,0.00015030494890138824,1,incoming,Niklas Metzger 0001
975,8,4,0.20689655172413793,0.0,0.11653376501388972,0.00015030494890138824,1,incoming,Christopher Hahn
3055,8,4,0.20689655172413793,0.0,0.11653376501388972,0.00015030494890138824,1,incoming,Julián Méndez 0001
1365,8,4,0.20689655172413793,0.0,0.11653376501388972,0.00015030494890138824,1,incoming,Dennis Dimov
563,8,4,0.20689655172413793,0.0,0.11653376501388972,0.00015030494890138824,1,incoming,Bernd Finkbeiner
5643,9,4,0.20689655172413793,4.255821051236438e-06,0.11655888004945306,0.000155444379064465,1,incoming,Tamara Flemisch
5829,11,4,0.20689655172413793,1.2767463153709314e-05,0.11660914261092328,0.00016768650344468154,1,,Tom Horak
4608,17,4,0.20689655172413793,0.028614316825206137,0.1793213539222355,0.02704803778462163,1,,Petra Isenberg
4778,18,4,0.20689655172413793,0.014984137946967607,0.14172777867648378,0.0017300809075132147,3,,Raimund Dachselt
2287,4,5,1.0,0.0,0.003117692907248636,1.0055358040709464e-16,1,incoming,Hiroaki Natsukawa
1682,4,5,1.0,0.0,0.003117692907248636,1.0055358040709464e-16,1,incoming,Ethan R. Deyle
1946,4,5,1.0,0.0,0.003117692907248636,1.0055358040709464e-16,1,incoming,Gerald M. Pao
3307,4,5,1.0,0.0,0.003117692907248636,1.0055358040709464e-16,2,incoming,Koji Koyamada
1937,4,5,1.0,0.0,0.003117692907248636,1.0055358040709464e-16,1,incoming,George Sugihara
1014,5,6,0.44155844155844154,0.0,0.13758158316699623,0.004568971585557024,1,incoming,Chunyao Qian
5339,5,6,0.44155844155844154,0.0,0.13758158316699623,0.004568971585557024,1,incoming,Shizhao Sun
2716,5,6,0.44155844155844154,0.0,0.13758158316699623,0.004568971585557024,1,,Jian-Guang Lou
3970,6,6,0.44155844155844154,0.0,0.17044853559075393,0.02539140861399427,1,incoming,Mengyu Zhou
6229,6,6,0.44155844155844154,0.0,0.17044853559075393,0.02539140861399427,1,incoming,Xinyi He
2798,6,6,0.44155844155844154,0.0,0.1376165912034255,0.006608988679407576,1,incoming,Jinpeng Wang
874,6,6,0.44155844155844154,0.0,0.1376165912034255,0.006608988679407576,1,incoming,Chin-Yew Lin
6561,7,6,0.44155844155844154,0.0,0.13588773955514127,0.006592011660641644,1,incoming,Zhitao Hou
3438,7,6,0.44155844155844154,0.0,0.13588773955514127,0.006592011660641644,1,incoming,Leixian Shen
5842,7,6,0.44155844155844154,0.0,0.13588773955514127,0.006592011660641644,1,,Tongshuang Wu
2730,7,6,0.44155844155844154,0.0,0.13588773955514127,0.006592011660641644,1,incoming,Jiaqi Wang
2740,9,6,0.44155844155844154,0.0,0.1377217222891424,0.00796146739950693,1,incoming,Jiayun Fu
600,9,6,0.44155844155844154,0.0,0.1377217222891424,0.00796146739950693,1,incoming,Bin Zhu
5406,9,6,0.44155844155844154,0.0,0.1377217222891424,0.00796146739950693,1,incoming,Song Ge
6420,9,6,0.44155844155844154,0.0,0.1377217222891424,0.00796146739950693,1,incoming,Yuanyuan Tang
6169,9,6,0.44155844155844154,0.0,0.1377217222891424,0.00796146739950693,1,incoming,Xiaojing Ma 0002
2233,15,6,0.44155844155844154,4.066339931360498e-05,0.13793246708223977,0.009974972399882135,1,,He Huang
402,17,6,0.44155844155844154,0.010151184248421062,0.19868964123051513,0.08281434335433197,1,,Aoyu Wu
6456,19,6,0.44155844155844154,0.0038937858071073665,0.17131238626210396,0.030622934712669754,1,,Yun Wang 0012
6029,19,6,0.44155844155844154,0.0011983112486747749,0.14349514551060288,0.013483608050696662,1,,Weiwei Cui
2119,22,6,0.44155844155844154,0.005254565863276359,0.17147533399792714,0.03132012566191398,1,,Haidong Zhang
1463,22,6,0.44155844155844154,0.005254565863276359,0.17147533399792714,0.03132012566191398,1,,Dongmei Zhang 0001
1571,1,7,0.05278643129110419,0.0,0.14251204306441692,0.000524668245484414,1,incoming,Eli Holder
99,1,7,0.05278643129110419,0.0,0.12101884167139454,7.605406995158236e-05,1,incoming,Alan Lundgard
1700,1,7,0.05278643129110419,0.0,0.10631672959100888,6.73392710506061e-06,1,,Evanthia Dimara
6397,1,7,0.05278643129110419,0.0,0.09673282121793278,2.027966289743554e-06,1,incoming,Younghoon Kim
4389,2,7,0.05278643129110419,0.0,0.12153555133246341,6.01250406968447e-05,1,incoming,Noëlle Rakotondravony
6357,2,7,0.05278643129110419,0.0,0.12153555133246341,6.01250406968447e-05,1,incoming,Yiren Ding
1598,2,7,0.05278643129110419,0.0,0.10270284911307677,7.891472133317852e-06,1,incoming,Elsie Lee-Robbins
5335,2,7,0.05278643129110419,0.0,0.10270284911307677,7.891472133317852e-06,1,,Shiqing He
1466,2,7,0.05278643129110419,0.0,0.12189163926740189,0.0001385633368722754,1,incoming,Dongping Zhang
6289,2,7,0.05278643129110419,0.0,0.16938089678342066,0.018575533733182745,1,,Yao Ming
74,2,7,0.05278643129110419,0.0,0.1168863633951723,5.919014737995622e-05,1,incoming,Ahsan Qamar
2999,3,7,0.05278643129110419,0.0,0.12107302516889684,8.57071267908653e-05,1,incoming,Josh Pollock
1508,3,7,0.05278643129110419,0.0,0.12107302516889684,8.57071267908653e-05,1,incoming,Dylan Wootton
2315,3,7,0.05278643129110419,0.0,0.1214264040030225,8.056196817837405e-05,1,incoming,Hongtao Hao 0002
6453,3,7,0.05278643129110419,0.0,0.1214264040030225,8.056196817837405e-05,1,incoming,Yumian Cui
6531,3,7,0.05278643129110419,0.0,0.1214264040030225,8.056196817837405e-05,1,incoming,Zhengxiang Wang
2154,3,7,0.05278643129110419,0.0,0.13377027045002776,0.0004252242978377773,1,incoming,Hannah K. Bako
6231,3,7,0.05278643129110419,0.0,0.13377027045002776,0.0004252242978377773,1,incoming,Xinyi Liu
6542,3,7,0.05278643129110419,0.0,0.13377027045002776,0.0004252242978377773,1,,Zhicheng Liu
4683,3,7,0.05278643129110419,0.0,0.14258718782743532,0.0005876514222544364,1,incoming,Prateek Mantri
2211,3,7,0.05278643129110419,0.0,0.14258718782743532,0.0005876514222544364,1,,Hariharan Subramonyam
456,3,7,0.05278643129110419,0.0,0.14258718782743532,0.0005876514222544364,1,incoming,Audrey L. Michal
4877,3,7,0.05278643129110419,0.0,0.1442221875811899,0.006018999403892831,1,incoming,Rhema Vaithianathan
2923,3,7,0.05278643129110419,0.0010116694613224904,0.12710533570610158,0.0001256540931574736,1,,John T. Stasko
5784,3,7,0.05278643129110419,0.0,0.14266241187799056,0.0006911932768712148,1,incoming,Timothy F. Brady
4600,3,7,0.05278643129110419,0.0,0.1277659351357104,0.0005617701495844782,1,incoming,Peter W. S. Butcher
344,3,7,0.05278643129110419,0.0,0.1277659351357104,0.0005617701495844782,1,incoming,Ann Sherlock
5186,3,7,0.05278643129110419,0.0,0.1277659351357104,0.0005617701495844782,1,incoming,Sarah Nason
1491,3,7,0.05278643129110419,0.0,0.09224513106420981,1.6536486449236255e-06,1,incoming,Douglas Markant
6052,3,7,0.05278643129110419,0.0,0.09224513106420981,1.6536486449236255e-06,1,,Wenwen Dou
1981,3,7,0.05278643129110419,0.0,0.12186417382367332,0.00015158773421569346,1,incoming,Glenn Sun
2582,3,7,0.05278643129110419,0.0,0.12186417382367332,0.00015158773421569346,1,incoming,Jason D. Hartline
1390,3,7,0.05278643129110419,0.0,0.12107302516889684,8.57071267908653e-05,1,incoming,Dhiraj Barnwal
5085,3,7,0.05278643129110419,0.0,0.12107302516889684,8.57071267908653e-05,1,incoming,Rupayan Neogy
6272,3,7,0.05278643129110419,0.0,0.11362042088854248,3.773974924220653e-05,1,incoming,Yang Liu 0136
5769,3,7,0.05278643129110419,0.0,0.11362042088854248,3.773974924220653e-05,1,incoming,Tim Althoff
3609,3,7,0.05278643129110419,0.0,0.12785654927410453,0.00021539099508413015,1,incoming,Madeleine Grunde-McLaughlin
1079,3,7,0.05278643129110419,0.0,0.14613164102390225,0.0011500302134441105,1,,Cristina R. Ceja
700,4,7,0.05278643129110419,0.0,0.14330503535491843,0.0007455643561947998,1,incoming,Bridget Cogley
3809,4,7,0.05278643129110419,0.0,0.14330503535491843,0.0007455643561947998,3,,Marti A. Hearst
1703,4,7,0.05278643129110419,0.002020907024901417,0.12194660731216735,0.00013936616994588807,1,,Eytan Adar
79,4,7,0.05278643129110419,0.0,0.14998147626995623,0.0017232551324152824,1,incoming,Aimen Gaba
1073,4,7,0.05278643129110419,0.0,0.12145367245215859,8.570683341876938e-05,1,incoming,Crescentia Jung
5350,4,7,0.05278643129110419,0.0,0.12145367245215859,8.570683341876938e-05,1,incoming,Shubham Mehta
447,4,7,0.05278643129110419,0.0,0.12145367245215859,8.570683341876938e-05,1,incoming,Atharva Kulkarni
6438,4,7,0.05278643129110419,0.0,0.12145367245215859,8.570683341876938e-05,1,incoming,Yuhang Zhao 0001
40,4,7,0.05278643129110419,0.0,0.11693690884961344,6.638419333876075e-05,1,incoming,Adam Coscia
2490,4,7,0.05278643129110419,0.0,0.11693690884961344,6.638419333876075e-05,1,incoming,Jamal Paden
2360,4,7,0.05278643129110419,0.0,0.14453051935581565,0.0018273849141689374,1,incoming,Hyeok Kim
2993,4,7,0.05278643129110419,0.0,0.1382851453412074,0.0007197974172884391,3,incoming,Joseph M. Hellerstein
1690,4,7,0.05278643129110419,0.0,0.1382851453412074,0.0007197974172884391,1,,Eugene Wu 0002
2636,4,7,0.05278643129110419,0.0010116694613224904,0.11364429574058882,3.784290481929591e-05,1,,Jeffrey Heer
678,4,7,0.05278643129110419,0.0,0.1463689319159573,0.0011063292323461454,1,,Brian D. Ondov
3368,5,7,0.05278643129110419,0.002020907024901417,0.14944271993077154,0.0010617405348949728,1,,Lane Harrison
2962,5,7,0.05278643129110419,2.4318977435636788e-06,0.12112725720704641,9.442570679282249e-05,1,incoming,Jonathan Zong
3353,5,7,0.05278643129110419,0.0,0.17599518497541888,0.00855690083080439,1,incoming,Kylie Lin
178,5,7,0.05278643129110419,0.0010092375635789269,0.1074574217026549,1.46014073989187e-05,1,,Alireza Karduni
5108,5,7,0.05278643129110419,0.0010092375635789269,0.1074574217026549,1.46014073989187e-05,1,,Ryan Wesslen
4530,5,7,0.05278643129110419,0.00012832212362390215,0.12791703013941869,0.00023081166073377795,1,incoming,Paula Kayongo
6146,5,7,0.05278643129110419,0.0,0.15878837446549096,0.009275049511555873,3,incoming,Xi Chen
2231,5,7,0.05278643129110419,0.0,0.15878837446549096,0.009275049511555873,1,incoming,Hayder Al-Maneea
6039,5,7,0.05278643129110419,0.0,0.14051265352804942,0.0011175172811112896,1,incoming,Wenbo Tao
6222,5,7,0.05278643129110419,0.0,0.14051265352804942,0.0011175172811112896,1,incoming,Xinli Hou
51,5,7,0.05278643129110419,0.0,0.14051265352804942,0.0011175172811112896,1,incoming,Adam Sah
4077,5,7,0.05278643129110419,0.0,0.14051265352804942,0.0011175172811112896,2,,Michael Stonebraker
57,6,7,0.05278643129110419,0.004517773810733192,0.17401325721668667,0.008104799585577744,1,,Aditeya Pandey
1610,6,7,0.05278643129110419,0.0004997479025913655,0.11703813101697949,6.786960033306588e-05,1,,Emily Wall
1870,6,7,0.05278643129110419,5.618845589358611e-05,0.1464482002246039,0.0012284534555727848,3,incoming,Fumeng Yang
126,6,7,0.05278643129110419,0.0040927654026872845,0.13758158316699623,0.0006286928423468201,1,,Alex Kale
6327,6,7,0.05278643129110419,0.0011972143385738444,0.14247450037657067,0.0008762001303315339,1,incoming,Yifan Wu
835,7,7,0.05278643129110419,0.0009554900575762452,0.15039855490252008,0.0018184009725695928,1,incoming,Chase Stokes
412,7,7,0.05278643129110419,0.0076050348145291005,0.15676324737085862,0.0021513734361446706,1,,Arjun Srinivasan
6497,7,7,0.05278643129110419,0.0,0.1618776424512009,0.0062429105623472226,1,incoming,Zehua Zeng
4645,7,7,0.05278643129110419,0.0,0.1618776424512009,0.0062429105623472226,1,incoming,Phoebe Moh
5632,7,7,0.05278643129110419,0.0,0.1618776424512009,0.0062429105623472226,1,incoming,Tak Yeon Lee
5152,7,7,0.05278643129110419,0.0,0.1618776424512009,0.0062429105623472226,1,,Sana Malik
2198,7,7,0.05278643129110419,0.0,0.17778869277760098,0.030006346494426673,1,incoming,Haomin Li
744,7,7,0.05278643129110419,0.0011619293909643333,0.15295056658073025,0.0017097399130255142,1,incoming,Caitlyn M. McColeman
155,8,7,0.05278643129110419,0.000268503228523375,0.1778471566686821,0.030312453957396186,1,incoming,Alexandra Zytek
3145,8,7,0.05278643129110419,0.000268503228523375,0.1778471566686821,0.030312453957396186,1,,Kalyan Veeramachaneni
2956,8,7,0.05278643129110419,0.00302771269073678,0.15892835833954222,0.009360759451271876,1,,Jonathan Roberts 0002
1507,8,7,0.05278643129110419,0.0,0.13400228033435635,0.0008952188261358618,1,,Dylan Cashman
5320,8,7,0.05278643129110419,0.0,0.13400228033435635,0.0008952188261358618,1,incoming,Shenyu Xu
5560,8,7,0.05278643129110419,0.0,0.13400228033435635,0.0008952188261358618,1,,Subhajit Das 0002
1794,8,7,0.05278643129110419,0.0,0.13400228033435635,0.0008952188261358618,1,,Florian Heimerl
1053,8,7,0.05278643129110419,0.0,0.13400228033435635,0.0008952188261358618,1,incoming,Cong Liu
5278,8,7,0.05278643129110419,0.0,0.13400228033435635,0.0008952188261358618,1,incoming,Shah Rukh Humayoun
4017,8,7,0.05278643129110419,0.0,0.13400228033435635,0.0008952188261358618,1,,Michael Gleicher
29,9,7,0.05278643129110419,0.0016799032692209129,0.16837895499049257,0.008426238387191054,1,incoming,Abhraneel Sarma
5101,9,7,0.05278643129110419,0.0016799032692209129,0.16837895499049257,0.008426238387191054,1,incoming,Ryan A. Rossi
422,9,7,0.05278643129110419,0.0051049760019139506,0.12855555108853392,0.00018669563287391277,1,incoming,Arpit Narechania
3901,12,7,0.05278643129110419,0.010145743369975554,0.166461435343017,0.008296721092501791,1,,Matthew Kay 0001
1469,12,7,0.05278643129110419,0.0011192807382398116,0.18521685048954184,0.051707793225481774,1,,Dongyu Liu
6285,12,7,0.05278643129110419,0.00462260649852137,0.1813051302143688,0.037380326597974266,1,incoming,Yanna Lin
6306,13,7,0.05278643129110419,0.008724889130306938,0.14923653516265514,0.0013421816063174973,1,,Yea-Seul Kim
5947,13,7,0.05278643129110419,0.008703839523840058,0.18045819266915655,0.009929878629985364,1,,Vidya Setlur
123,13,7,0.05278643129110419,0.003961304960923881,0.1361614308734799,0.0009179295568134824,1,,Alex Endert
437,14,7,0.05278643129110419,0.0070995874386543525,0.14870310789921973,0.0014192841915600378,1,,Arvind Satyanarayan
2681,14,7,0.05278643129110419,0.009071417995874164,0.14989833797934096,0.0024464081154581246,1,,Jessica Hullman
1874,15,7,0.05278643129110419,0.0027825884433444123,0.19659513029060785,0.07427415556768617,1,,Furui Cheng
2560,15,7,0.05278643129110419,0.006053082004445709,0.17256962457864142,0.010286394143650289,1,,Jane Hoffswell
5526,16,7,0.05278643129110419,0.02018965288049966,0.18265221324872077,0.00996009031940287,1,,Steven Franconeri
1694,16,7,0.05278643129110419,0.010134052260153162,0.18566193045982224,0.016789298213386705,1,incoming,Eunyee Koh
3436,16,7,0.05278643129110419,0.033468779232811004,0.16832654946450737,0.007085404786994668,1,,Leilani Battle
5354,17,7,0.05278643129110419,0.01597281300877247,0.18950007127871837,0.030757532067067904,1,,Shunan Guo
1020,19,7,0.05278643129110419,0.03578508777524507,0.18252892454588665,0.009791000686364633,1,,Cindy Xiong
1728,20,7,0.05278643129110419,0.028784335149214035,0.19912857269126003,0.06362064280131234,1,,Fan Du
4855,22,7,0.05278643129110419,0.021127325545949267,0.16780428278915985,0.010418081048050983,1,,Remco Chang
6500,1,8,0.11463046757164404,0.0,0.14550261055406571,0.0018698200708427211,1,incoming,Zelin Ye
5181,2,8,0.11463046757164404,0.0,0.13301357683951356,0.0011009060049447107,1,incoming,Sara Tandon
4339,3,8,0.11463046757164404,0.0,0.1307623799394251,0.0005250180734607371,1,,Nicole Sultanum
1744,3,8,0.11463046757164404,0.0,0.1307623799394251,0.0005250180734607371,1,incoming,Farooq Naeem
3993,3,8,0.11463046757164404,0.0,0.1307623799394251,0.0005250180734607371,1,,Michael Brudno
1564,3,8,0.11463046757164404,0.0,0.1307623799394251,0.000525018073460737,1,incoming,Elaine Huynh
330,3,8,0.11463046757164404,0.0,0.1307623799394251,0.000525018073460737,1,incoming,Angela Nyhout
4473,3,8,0.11463046757164404,0.0,0.1307623799394251,0.000525018073460737,1,incoming,Patricia Ganea
207,4,8,0.11463046757164404,0.0,0.14315330953664962,0.0018010013730316817,1,incoming,Ameya D. Patil
1904,4,8,0.11463046757164404,0.0,0.14315330953664962,0.0018010013730316817,1,incoming,Gaëlle Richer
981,4,8,0.11463046757164404,0.0,0.14315330953664962,0.0018010013730316817,1,incoming,Christopher Jermaine
2468,4,8,0.11463046757164404,0.0,0.1631472710194456,0.007391741191268244,1,,Jacob Ritchie
2795,4,8,0.11463046757164404,0.0,0.1631472710194456,0.007391741191268244,1,incoming,Jingtao Zhou
164,4,8,0.11463046757164404,0.0,0.13989477584828303,0.0014524341388283196,1,incoming,Alexis Pister
4452,4,8,0.11463046757164404,0.0,0.13989477584828303,0.0014524341388283196,3,incoming,Paolo Buono
4449,4,8,0.11463046757164404,0.0,0.13989477584828303,0.0014524341388283196,1,,Paola Valdivia
4871,4,8,0.11463046757164404,0.0,0.17323292870898852,0.021805188187033666,1,incoming,Reshika Palaniyappan Velumani
6071,4,8,0.11463046757164404,0.0,0.1775552210864945,0.02093072728206007,1,incoming,William Alexander
2463,4,8,0.11463046757164404,0.0,0.1775552210864945,0.02093072728206007,1,incoming,Jack Pegg
4462,4,8,0.11463046757164404,0.0,0.14562014093415784,0.002227996379007095,1,incoming,Pascal Nardini
5064,4,8,0.11463046757164404,0.0,0.14562014093415784,0.002227996379007095,1,,Roxana Bujack
3996,4,8,0.11463046757164404,0.0,0.14562014093415784,0.002227996379007095,3,incoming,Michael Böttinger
1956,4,8,0.11463046757164404,0.0,0.14562014093415784,0.002227996379007095,1,,Gerik Scheuermann
2341,5,8,0.11463046757164404,0.0,0.1631965007330906,0.007835384720770524,1,incoming,Hugo Romat
4280,5,8,0.11463046757164404,0.0,0.1631965007330906,0.007835384720770524,1,,Nathalie Henry Riche
1292,5,8,0.11463046757164404,0.0,0.1631965007330906,0.007835384720770524,1,incoming,David Murray-Rust
3445,6,8,0.11463046757164404,0.0,0.1813051302143688,0.03487897510478088,1,incoming,Leo Yu-Ho Lo
3493,6,8,0.11463046757164404,0.0,0.1813051302143688,0.03487897510478088,1,incoming,Linping Yuan
6449,6,8,0.11463046757164404,0.0,0.16676941209665808,0.012647792742225921,1,incoming,Yulei Fan
3861,6,8,0.11463046757164404,0.0,0.167596282438631,0.00877401505787887,1,incoming,Mashael AlKadi
5921,6,8,0.11463046757164404,0.0,0.167596282438631,0.00877401505787887,1,incoming,Vanessa Serrano
2525,6,8,0.11463046757164404,0.0,0.167596282438631,0.00877401505787887,1,incoming,James Scott-Brown
5901,6,8,0.11463046757164404,0.0,0.167596282438631,0.00877401505787887,3,,Uta Hinrichs
4647,6,8,0.11463046757164404,0.0,0.16676941209665808,0.012647792742225921,1,,Phong Hai Nguyen
1684,7,8,0.11463046757164404,2.0265814529697323e-07,0.1668208523841648,0.013291068238979404,1,incoming,Euan Freeman
5131,7,8,0.11463046757164404,2.0265814529697323e-07,0.1668208523841648,0.013291068238979404,1,incoming,Saiful Khan
1663,7,8,0.11463046757164404,0.0,0.15123971013128137,0.006096516584560031,1,incoming,Erik Rydow
2343,7,8,0.11463046757164404,0.0,0.15123971013128137,0.006096516584560031,1,,Hui Fang 0003
5743,7,8,0.11463046757164404,0.0,0.15123971013128137,0.006096516584560031,1,,Thomas Torsney-Weir
523,7,8,0.11463046757164404,0.0,0.15123971013128137,0.006096516584560031,1,incoming,Ben Swallow
5687,7,8,0.11463046757164404,0.0,0.15123971013128137,0.006096516584560031,1,incoming,Thibaud Porphyre
6510,7,8,0.11463046757164404,2.4318977435636788e-06,0.1632950493446444,0.008587283647303557,1,incoming,Zezhong Wang 0001
3964,9,8,0.11463046757164404,0.001993417971183977,0.18553454663103336,0.040757788578487095,1,,Meng Xia
165,9,8,0.11463046757164404,0.0008997635781105253,0.1669238282189698,0.013695414313390348,3,incoming,Alfie Abdul-Rahman
4922,9,8,0.11463046757164404,0.00020984097569993468,0.15132434343297765,0.006849071218794417,1,,Rita Borgo
788,9,8,0.11463046757164404,0.0009924560013445873,0.16775223431434932,0.008995648159488705,1,,Catherine Plaisant
5986,10,8,0.11463046757164404,0.0013582851837749146,0.18785453401509628,0.044681773147597276,1,incoming,Wai Tong
1738,13,8,0.11463046757164404,0.006046913739371088,0.1635914105957236,0.00874750622538075,1,,Fanny Chevalier
2612,17,8,0.11463046757164404,0.005815506265491438,0.1780813972438137,0.015203088636514714,1,,Jean-Daniel Fekete
742,19,8,0.11463046757164404,0.004275112381556834,0.18240580216845267,0.04764296525076174,1,,Cagatay Turkay
4141,22,8,0.11463046757164404,0.009607838807272064,0.18746384867572344,0.03489418076111042,1,,Min Chen 0001
527,43,8,0.11463046757164404,0.07344154648699446,0.2170277702365418,0.11321709362246653,1,,Benjamin Bach
5812,2,9,1.0,0.0,0.001558846453624318,2.858767253414396e-22,1,,Tobias Rapp
953,2,9,1.0,0.0,0.001558846453624318,2.858767253414396e-22,1,,Christoph Peters 0002
778,2,9,1.0,0.0,0.001558846453624318,2.858767253414396e-22,1,,Carsten Dachsbacher
1258,2,10,0.06932052161976665,0.0,0.1330790362769346,0.0006740666133580913,1,incoming,David Hägele
1159,3,10,0.06932052161976665,0.0,0.13311179016230917,0.000712241747549098,1,incoming,Daniel Klötzl
562,3,10,0.06932052161976665,0.0,0.13311179016230917,0.000712241747549098,1,incoming,Bernd Eberhardt
5564,3,10,0.06932052161976665,0.0,0.11121390158944318,6.725071231260112e-05,1,incoming,Sudhanshu Sane
1299,3,10,0.06932052161976665,0.0,0.11121390158944318,6.725071231260112e-05,3,incoming,David Pugmire
6355,3,10,0.06932052161976665,0.0,0.14985680338860133,0.0035161170700172663,1,incoming,Yinqiao Wang
3541,3,10,0.06932052161976665,0.0,0.14985680338860133,0.0035161170700172663,1,incoming,Lu Chen
4841,3,10,0.06932052161976665,0.0,0.15010635676643413,0.004820405200647165,1,,Rebecca Kehlbeck
2821,3,10,0.06932052161976665,0.0,0.15010635676643413,0.004820405200647165,1,,Jochen Görtler
5079,4,10,0.06932052161976665,0.0,0.11708880784357267,0.00014794226604308557,1,,Ruizhen Hu
6588,4,10,0.06932052161976665,0.0,0.11708880784357267,0.00014794226604308557,1,incoming,Ziqi Ye
597,4,10,0.06932052161976665,0.0,0.11708880784357267,0.00014794226604308557,1,incoming,Bin Chen
4414,4,10,0.06932052161976665,0.0,0.11708880784357267,0.00014794226604308557,1,,Oliver van Kaick
1077,4,10,0.06932052161976665,0.0,0.13789729817171398,0.00125417369435856,1,incoming,Cristina Morariu
66,4,10,0.06932052161976665,0.0,0.13789729817171398,0.00125417369435856,1,incoming,Adrien Bibal
4866,4,10,0.06932052161976665,0.0,0.13789729817171398,0.00125417369435856,1,incoming,René Cutura
554,4,10,0.06932052161976665,0.0,0.13789729817171398,0.00125417369435856,1,incoming,Benoît Frénay
3770,4,10,0.06932052161976665,0.0,0.17872875195950502,0.025089962991859883,1,incoming,Mark S. Keller
3281,4,10,0.06932052161976665,0.0,0.16192610881121625,0.007296433264824168,1,incoming,Kexin Huang
4539,4,10,0.06932052161976665,0.0,0.16192610881121625,0.007296433264824168,1,incoming,Payal Chandak
3730,4,10,0.06932052161976665,0.0,0.16192610881121625,0.007296433264824168,1,incoming,Marinka Zitnik
5641,4,10,0.06932052161976665,0.0,0.16192610881121625,0.007296433264824168,1,incoming,Tali Mazor
5684,4,10,0.06932052161976665,0.0,0.16192610881121625,0.007296433264824168,1,incoming,Theresa Harbig
1677,4,10,0.06932052161976665,0.0,0.16192610881121625,0.007296433264824168,1,incoming,Ethan Cerami
2364,4,10,0.06932052161976665,0.0,0.13114287183061643,0.000556624988203722,1,incoming,Hyung-Kwon Ko
623,4,10,0.06932052161976665,0.0,0.11123677569507655,7.128897192569097e-05,1,,Bo Ma 0002
1568,4,10,0.06932052161976665,0.0,0.11123677569507655,7.128897192569097e-05,1,,Elham Sakhaee
177,4,10,0.06932052161976665,0.0,0.11123677569507655,7.128897192569097e-05,1,,Alireza Entezari
2081,5,10,0.06932052161976665,0.0,0.11713952857471567,0.00015873888334737372,1,,Guozheng Li 0002
5082,5,10,0.06932052161976665,0.0,0.11713952857471567,0.00015873888334737372,1,incoming,Runfei Li
6582,5,10,0.06932052161976665,0.0,0.11713952857471567,0.00015873888334737372,1,incoming,Zicheng Wang
864,5,10,0.06932052161976665,0.0,0.11713952857471567,0.00015873888334737372,1,incoming,Chi Harold Liu
2079,5,10,0.06932052161976665,0.0,0.11713952857471567,0.0001587388833473737,1,incoming,Guoren Wang
801,5,10,0.06932052161976665,0.0,0.1595378181207853,0.00712516352640261,1,incoming,Chang Han
400,5,10,0.06932052161976665,0.0,0.1595378181207853,0.00712516352640261,1,incoming,Anyi Li
4359,5,10,0.06932052161976665,0.0,0.13317734632589565,0.0008032246018368512,1,,Nils Rodrigues
956,5,10,0.06932052161976665,0.0,0.13317734632589565,0.0008032246018368512,1,,Christoph Schulz 0001
5620,5,10,0.06932052161976665,0.0,0.13317734632589565,0.0008032246018368512,1,incoming,Sören Döring
1137,5,10,0.06932052161976665,0.0,0.13317734632589565,0.0008032246018368512,1,incoming,Daniel Baumgartner
4193,5,10,0.06932052161976665,0.0,0.14221225438586962,0.002017489346418213,1,incoming,Moataz Abdelaal
4286,5,10,0.06932052161976665,0.0,0.14221225438586962,0.002017489346418213,1,incoming,Nathan Daniel Schiele
3342,5,10,0.06932052161976665,0.0,0.14221225438586962,0.002017489346418213,1,,Kuno Kurzhals
6433,5,10,0.06932052161976665,0.0,0.16260769796436023,0.012681123272420908,1,incoming,Yue Zhao
3937,5,10,0.06932052161976665,0.0,0.13793246708223977,0.0014012453686444877,1,incoming,Maximilian Weiß
154,5,10,0.06932052161976665,0.0,0.13793246708223977,0.0014012453686444877,1,incoming,Alexandra Voit
3614,5,10,0.06932052161976665,0.0,0.13793246708223977,0.0014012453686444877,1,incoming,Magdalena Schwarzl
5608,5,10,0.06932052161976665,0.0,0.13793246708223977,0.0014012453686444877,1,incoming,Sven Mayer
6232,5,10,0.06932052161976665,0.0,0.18106233794089796,0.033558238381644956,1,incoming,Xinyi Zhou 0005
4162,6,10,0.06932052161976665,0.0,0.16579803906482593,0.017130308842159814,1,,Mingliang Xue
6539,6,10,0.06932052161976665,0.0,0.16579803906482593,0.017130308842159814,1,incoming,Zhi Wang
1723,6,10,0.06932052161976665,0.0,0.16579803906482593,0.017130308842159814,1,incoming,Fahai Zhong
5871,6,10,0.06932052161976665,3.647846615345518e-06,0.11128255214597987,7.813236916550039e-05,1,,Tushar M. Athawale
2835,6,10,0.06932052161976665,0.0,0.1425496055428208,0.0022864036928163575,1,,Joel Lanir
1010,6,10,0.06932052161976665,0.0,0.1425496055428208,0.0022864036928163575,1,incoming,Chufeng Wang
6428,6,10,0.06932052161976665,0.0,0.1425496055428208,0.0022864036928163575,1,incoming,Yucong Yao
6034,6,10,0.06932052161976665,0.0,0.1425496055428208,0.0022864036928163575,1,incoming,Wen Zhang
1105,6,10,0.06932052161976665,0.0,0.15052413120775457,0.007056626855407856,1,incoming,Da Cheng
6560,6,10,0.06932052161976665,0.0,0.15052413120775457,0.007056626855407856,1,incoming,Zhirui Wang
1891,6,10,0.06932052161976665,0.0,0.15052413120775457,0.007056626855407857,1,incoming,Gaoqi He
2480,6,10,0.06932052161976665,0.0,0.11504641638576095,0.00014428282849881868,1,incoming,Jaeyoung Kim
6395,6,10,0.06932052161976665,0.0,0.11504641638576095,0.00014428282849881868,1,incoming,Young-Ho Kim
2367,6,10,0.06932052161976665,0.0,0.11504641638576095,0.00014428282849881868,1,,Hyunjoo Song
622,6,10,0.06932052161976665,0.0,0.11504641638576095,0.00014428282849881868,1,,Bo Hyoung Kim
1004,6,10,0.06932052161976665,0.0,0.16428712133337248,0.010814744173884816,1,incoming,Chuan Bu
4732,6,10,0.06932052161976665,0.0,0.16428712133337248,0.010814744173884816,1,incoming,Quanjie Zhang
5054,6,10,0.06932052161976665,0.0,0.15417138068114658,0.005886579388445847,1,incoming,Rongzheng Bian
6452,6,10,0.06932052161976665,0.0,0.15417138068114658,0.005886579388445847,1,incoming,Yumeng Xue
493,6,10,0.06932052161976665,0.0,0.15417138068114658,0.005886579388445847,1,,Baoquan Chen
5253,7,10,0.06932052161976665,0.003420656421763107,0.16790847669340647,0.009852789078094953,1,incoming,Sehi L'Yi
1865,7,10,0.06932052161976665,0.001144357519838669,0.1863014824076687,0.037232874488271145,1,,Fritz Lekschas
870,7,10,0.06932052161976665,6.899227736229193e-05,0.16579803906482593,0.013966630103405566,1,,Chi-Wing Fu
3208,7,10,0.06932052161976665,0.0,0.1565363830476012,0.007374676705609635,1,,Kecheng Lu
1128,7,10,0.06932052161976665,0.0,0.1565363830476012,0.007374676705609635,3,incoming,Dani Lischinski
6512,7,10,0.06932052161976665,0.0,0.1565363830476012,0.007374676705609635,1,,Zhanglin Cheng
5776,8,10,0.06932052161976665,8.511642102472875e-06,0.13327580173224796,0.000909980799106195,1,incoming,Tim Krake
992,8,10,0.06932052161976665,0.006037186148396832,0.1341019596899237,0.0011093107113673444,2,,Christopher R. Johnson 0001
2361,8,10,0.06932052161976665,0.0007084133828100317,0.131270195007151,0.0005859878913230278,1,incoming,Hyeon Jeon
6398,8,10,0.06932052161976665,0.0007084133828100317,0.131270195007151,0.0005859878913230278,1,incoming,Youngtaek Kim
3194,9,10,0.06932052161976665,0.00021077605157429781,0.14236199090009533,0.0023026230132233284,1,incoming,Katrin Angerbauer
2801,9,10,0.06932052161976665,0.0028956329120018403,0.13960588627502896,0.0010871325227325807,1,,Jinwook Seo
2344,10,10,0.06932052161976665,0.004032086458828579,0.14270005367531985,0.002316509997015728,1,,Hui Huang 0004
6203,10,10,0.06932052161976665,0.0002779576812342021,0.16015197021897015,0.010070375422450272,1,,Xin Chen
3975,10,10,0.06932052161976665,0.006511058790895015,0.16744062025679946,0.008022237728094092,1,,Mi Feng
4142,11,10,0.06932052161976665,0.005034028329176815,0.1427377153416369,0.0023267837861610796,1,,Min Lu 0002
3466,11,10,0.06932052161976665,0.0023574522867407274,0.15532257421868528,0.008604820438949053,1,incoming,Liang Zhou 0001
2476,12,10,0.06932052161976665,0.0056116268269753924,0.16393852786585697,0.008127233175021835,1,,Jaemin Jo
1441,13,10,0.06932052161976665,0.007134640147728469,0.1717476035025285,0.014803677024271888,1,,Dominik Moritz
4356,18,10,0.06932052161976665,0.01784995787439654,0.20053140653669344,0.059172523134369895,1,,Nils Gehlenborg
2713,20,10,0.06932052161976665,0.004124239239505575,0.17709011245234518,0.023830526709565578,1,,Jian Zhang 0070
1182,25,10,0.06932052161976665,0.01816667967373769,0.16728524696240712,0.011667574560200093,1,,Daniel Weiskopf
4710,27,10,0.06932052161976665,0.030352565448333747,0.20202958663782672,0.06239654785341237,1,,Qianwen Wang
4071,31,10,0.06932052161976665,0.017266984329989386,0.17485716244082192,0.019639636917344154,1,,Michael Sedlmair
4407,32,10,0.06932052161976665,0.020234290852302862,0.18173158717387844,0.03116212623026622,1,,Oliver Deussen
6459,41,10,0.06932052161976665,0.027184344254971463,0.193986084443853,0.05397103129847326,1,,Yunhai Wang
4426,3,11,1.0,0.0,0.002338269680436477,3.7988068627760123e-19,1,incoming,Oskar Elek
2995,3,11,1.0,0.0,0.002338269680436477,3.7988068627760123e-19,1,incoming,Joseph N. Burchett
2458,3,11,1.0,0.0,0.002338269680436477,3.7988068627760123e-19,1,incoming,J. Xavier Prochaska
332,3,11,1.0,0.0,0.002338269680436477,3.7988068627760123e-19,1,,Angus G. Forbes
3200,2,12,0.5428571428571428,0.0,0.09872822260486713,4.100842531573386e-06,1,,Katy Williams
5120,4,12,0.5428571428571428,0.0,0.09876428112298433,2.459498504664833e-06,1,incoming,Sabin Devkota
4459,4,12,0.5428571428571428,0.0,0.09876428112298433,2.459498504664833e-06,1,incoming,Pascal Aschwanden
48,4,12,0.5428571428571428,0.0,0.09876428112298433,2.459498504664833e-06,1,incoming,Adam Kunen
3905,4,12,0.5428571428571428,0.0,0.09876428112298433,2.459498504664833e-06,1,incoming,Matthew P. LeGendre
5198,9,12,0.5428571428571428,0.0,0.11625821225912773,3.7796164736830224e-05,1,incoming,Sayef Azad Sakin
4752,9,12,0.5428571428571428,0.0,0.11625821225912773,3.7796164736830224e-05,1,incoming,R. Tohid
1060,9,12,0.5428571428571428,0.0,0.11625821225912773,3.7796164736830224e-05,1,incoming,Connor Scully-Allison
5539,9,12,0.5428571428571428,0.0,0.11625821225912773,3.7796164736830224e-05,1,incoming,Steven R. Brandt
999,9,12,0.5428571428571428,0.0,0.11625821225912773,3.7796164736830224e-05,1,incoming,Christopher Taylor
3257,9,12,0.5428571428571428,0.0,0.11625821225912773,3.7796164736830224e-05,1,incoming,Kevin A. Huck
2225,9,12,0.5428571428571428,0.0,0.11625821225912773,3.7796164736830224e-05,1,incoming,Hartmut Kaiser
122,10,12,0.5428571428571428,0.0005027948584817906,0.11628320864963712,3.8004833108782215e-05,1,,Alex Bigelow
764,13,12,0.5428571428571428,0.02984744790078529,0.14109919212874047,0.0004019916953404759,1,,Carlos Scheidegger
3185,14,12,0.5428571428571428,0.00453488131731037,0.11638330179243861,3.850549773869363e-05,1,,Katherine E. Isaacs
6061,1,13,1.0,0.0,0.000779423226812159,1.1321326681304015e-26,1,,Wiebke Köpp
5802,1,13,1.0,0.0,0.000779423226812159,1.1321326681304015e-26,1,,Tino Weinkauf
2486,2,14,0.5111111111111111,0.0,0.0035074045206547155,1.2700709134458175e-14,1,incoming,Jakob Jakob
3786,2,14,0.5111111111111111,0.0,0.0035074045206547155,1.2700709134458175e-14,3,,Markus H. Gross
5121,3,14,0.5111111111111111,0.0,0.003713722433634405,2.749815725796073e-14,1,incoming,Sabine Bauer 0001
1812,3,14,0.5111111111111111,0.0,0.003713722433634405,2.749815725796073e-14,1,incoming,Francis Kilian
4210,5,14,0.5111111111111111,0.0,0.0048564062593680676,5.199975575004983e-14,1,,Monique Meuschke
3917,5,14,0.5111111111111111,0.0,0.0048564062593680676,5.199975575004982e-14,1,incoming,Matthias Mitterreiter
2813,5,14,0.5111111111111111,0.0,0.0048564062593680676,5.199975575004982e-14,3,incoming,Joachim Giesen
3129,7,14,0.5111111111111111,7.295693230691036e-06,0.0057393892156168075,6.058430931355035e-14,1,,Kai Lawonn
4552,7,14,0.5111111111111111,7.295693230691036e-06,0.0057393892156168075,6.058430931355035e-14,1,,Pepe Eulzer
5806,7,14,0.5111111111111111,1.702328420494575e-05,0.0057393892156168075,5.5964745734062726e-14,1,,Tobias Günther
4308,4,15,0.7818181818181819,0.0,0.004871395167575994,2.4683858117817783e-10,1,incoming,Negar Naghashzadeh
4996,4,15,0.7818181818181819,0.0,0.004871395167575994,2.4683858117817783e-10,1,incoming,Roberto Paoli
4124,8,15,0.7818181818181819,0.0,0.006495193556767992,5.468092748284902e-10,1,incoming,Mikayla Biggs
309,8,15,0.7818181818181819,0.0,0.006495193556767992,5.468092748284902e-10,1,,Andrew Wentzel
2044,8,15,0.7818181818181819,0.0,0.006495193556767992,5.468092748284902e-10,1,,Guadalupe Canahuate
3507,8,15,0.7818181818181819,0.0,0.006495193556767992,5.468092748284902e-10,1,incoming,Lisanne van Dijk
24,8,15,0.7818181818181819,0.0,0.006495193556767992,5.468092748284902e-10,1,incoming,Abdallah Sherif Radwan Mohamed
1039,8,15,0.7818181818181819,0.0,0.006495193556767992,5.468092748284902e-10,1,,Clifton D. Fuller
4245,10,15,0.7818181818181819,4.8637954871273575e-06,0.00779423226812159,5.999413873009105e-10,1,incoming,Nafiul Nipu
757,10,15,0.7818181818181819,4.8637954871273575e-06,0.00779423226812159,5.999413873009105e-10,1,incoming,Carla Floricel
1880,10,15,0.7818181818181819,4.8637954871273575e-06,0.00779423226812159,5.999413873009105e-10,3,,G. Elisabeta Marai
340,3,16,0.5714285714285714,0.0,0.003117692907248636,1.4061230463263763e-17,1,incoming,Anjana Arunkumar
243,3,16,0.5714285714285714,0.0,0.003117692907248636,1.4061230463263763e-17,1,incoming,Andrea Pinceti
3364,3,16,0.5714285714285714,0.0,0.003117692907248636,1.4061230463263763e-17,1,incoming,Lalitha Sankar
2779,3,16,0.5714285714285714,0.0,0.003117692907248636,1.4061230463263766e-17,1,incoming,Jinbin Huang
59,3,16,0.5714285714285714,0.0,0.003117692907248636,1.4061230463263766e-17,1,incoming,Aditi Mishra
727,3,16,0.5714285714285714,0.0,0.003117692907248636,1.4061230463263766e-17,1,,Bum Chul Kwon
882,6,16,0.5714285714285714,1.0943539846036555e-05,0.004676539360872954,2.31412884700977e-17,1,,Chris Bryan
3334,5,17,0.45098039215686275,0.0,0.007767355605128067,8.77835064051225e-10,1,incoming,Kristína Zákopcanová
3782,5,17,0.45098039215686275,0.0,0.007767355605128067,8.77835064051225e-10,1,incoming,Marko Rehácek
3018,5,17,0.45098039215686275,0.0,0.007767355605128067,8.77835064051225e-10,1,incoming,Jozef Bátrna
1170,5,17,0.45098039215686275,0.0,0.007767355605128067,8.77835064051225e-10,1,incoming,Daniel Plakinger
5262,5,17,0.45098039215686275,0.0,0.007767355605128067,8.77835064051225e-10,1,,Sergej Stoppel
3646,6,17,0.45098039215686275,0.0,0.008044761162454069,2.041950229983746e-09,1,,Manuela Waldner
3180,6,17,0.45098039215686275,0.0,0.008044761162454069,2.041950229983746e-09,1,,Katarína Furmanová
5619,6,17,0.45098039215686275,0.0,0.008044761162454069,2.041950229983746e-09,1,incoming,Sérgio M. Marques
1220,6,17,0.45098039215686275,0.0,0.008044761162454069,2.041950229983746e-09,1,incoming,David Bednar
3855,8,17,0.45098039215686275,0.0,0.008663588944181306,3.077384315969053e-09,1,incoming,María Virginia Sabando
3880,8,17,0.45098039215686275,0.0,0.008663588944181306,3.077384315969053e-09,1,incoming,Matias Nicolás Selzer
2550,8,17,0.45098039215686275,0.0,0.008663588944181306,3.077384315969053e-09,1,incoming,Jan Mican
2385,8,17,0.45098039215686275,0.0,0.008663588944181306,3.077384315969053e-09,1,incoming,Ignacio Ponzoni
469,8,17,0.45098039215686275,0.0,0.008663588944181306,3.077384315969053e-09,1,incoming,Axel J. Soto
3712,8,17,0.45098039215686275,0.0,0.008663588944181306,3.077384315969053e-09,1,,Maria Luján Ganuza
4538,12,17,0.45098039215686275,9.727590974254715e-06,0.010238786934032452,3.8987524674963915e-09,1,incoming,Pavol Ulbrich
2544,12,17,0.45098039215686275,9.727590974254715e-06,0.010238786934032452,3.8987524674963915e-09,1,,Jan Byska
496,17,17,0.45098039215686275,8.268452328116507e-05,0.013250194855806703,4.340135932802776e-09,1,,Barbora Kozlíková
6197,4,18,1.0,0.0,0.003117692907248636,1.0055358040709464e-16,1,incoming,Xiaoyi Wang
131,4,18,1.0,0.0,0.003117692907248636,1.0055358040709464e-16,1,incoming,Alexander Eiselmayer
6044,4,18,1.0,0.0,0.003117692907248636,1.0055358040709464e-16,1,incoming,Wendy E. Mackay
3178,4,18,1.0,0.0,0.003117692907248636,1.0055358040709464e-16,1,,Kasper Hornbæk
836,4,18,1.0,0.0,0.003117692907248636,1.0055358040709464e-16,1,incoming,Chat Wacharamanotham
2880,1,19,1.0,0.0,0.000779423226812159,1.1321326681304015e-26,1,,John E. Wenskovitch
893,1,19,1.0,0.0,0.000779423226812159,1.1321326681304015e-26,1,,Chris North 0001
672,2,20,1.0,0.0,0.001558846453624318,2.858767253414396e-22,1,incoming,Brian Bollen
4466,2,20,1.0,0.0,0.001558846453624318,2.858767253414396e-22,1,incoming,Pasindu Tennakoon
3001,2,20,1.0,0.0,0.001558846453624318,2.858767253414396e-22,1,,Joshua A. Levine
3284,2,21,0.12404870624048706,0.0,0.10268334980623926,8.76657948755571e-05,1,incoming,Khaled A. Al-Thelaya
2660,2,21,0.12404870624048706,0.0,0.10268334980623926,8.76657948755571e-05,1,,Jens Schneider 0002
3341,3,21,0.12404870624048706,0.0,0.16697536382508865,0.009981197994837418,1,incoming,Kun-Ting Chen
6216,3,21,0.12404870624048706,0.0,0.1217818517067017,0.0020292355387143404,1,incoming,Xingdi Zhang
5295,4,21,0.12404870624048706,0.0,0.147728271900973,0.0034648128230321306,1,incoming,Shaozhang Dai
3523,4,21,0.12404870624048706,0.0,0.147728271900973,0.0034648128230321306,1,,Lonni Besançon
4196,4,21,0.12404870624048706,0.0,0.12186417382367332,0.0015385926897382733,1,,Mohamed Ibrahim
2057,4,21,0.12404870624048706,0.0,0.12186417382367332,0.0015385926897382733,1,,Guido Reina
2747,4,21,0.12404870624048706,0.0,0.147728271900973,0.004515986148175568,1,,Jie Liu
2058,4,21,0.12404870624048706,0.0,0.147728271900973,0.004515986148175568,1,,Guido Tack
5764,5,21,0.12404870624048706,0.0,0.1602943697182757,0.01961973624005996,1,incoming,Tica Lin
1187,5,21,0.12404870624048706,0.0,0.1602943697182757,0.01961973624005996,1,incoming,Daniele Chiappalupi
203,5,21,0.12404870624048706,0.0,0.12183672075455333,0.0016363221345622122,1,incoming,Amani Ageeli
112,5,21,0.12404870624048706,0.0,0.12183672075455333,0.0016363221345622122,1,incoming,Alberto Jaspe Villanueva
5046,5,21,0.12404870624048706,0.0,0.12183672075455333,0.0016363221345622122,1,,Ronell Sicat
1799,5,21,0.12404870624048706,0.0,0.12183672075455333,0.0016363221345622122,1,incoming,Florian Mannuß
2491,5,21,0.12404870624048706,0.0,0.14890782032749508,0.012417819924877014,1,incoming,Jambay Kinley
6200,5,21,0.12404870624048706,0.0,0.14797078069205533,0.004533606019041399,1,incoming,Xiaoyun Hu
1201,5,21,0.12404870624048706,0.0,0.15200483514037724,0.0053955839984267725,1,incoming,Dave Brown
959,5,21,0.12404870624048706,0.0,0.15200483514037724,0.0053955839984267725,1,,Christophe Hurter
5536,5,21,0.12404870624048706,0.0,0.15200483514037724,0.0053955839984267725,1,,Steven Mark Drucker
3616,5,21,0.12404870624048706,0.0,0.12077561487929035,0.00031478770094503283,3,incoming,Magnus Heitzler
1411,5,21,0.12404870624048706,0.0,0.12077561487929035,0.00031478770094503283,1,incoming,Dilpreet Singh
3720,5,21,0.12404870624048706,0.0,0.12077561487929035,0.00031478770094503283,1,incoming,Marianna Farmakis-Serebryakova
2633,5,21,0.12404870624048706,0.0,0.12077561487929035,0.00031478770094503283,1,incoming,Jeffery Chieh Liu
3525,5,21,0.12404870624048706,0.0,0.12077561487929035,0.00031478770094503283,1,incoming,Lorenz Hurni
5912,5,21,0.12404870624048706,0.0,0.14862138044228146,0.005887861178169551,1,,Vahan Yoghourdjian
3414,5,21,0.12404870624048706,0.0,0.14862138044228146,0.005887861178169551,1,incoming,Lawrence Lee
4092,5,21,0.12404870624048706,0.0,0.14862138044228146,0.005887861178169551,1,,Michael Wybrow
110,6,21,0.12404870624048706,0.0,0.14894883046804247,0.01230935949287073,1,incoming,Albert Webson
5940,6,21,0.12404870624048706,0.0,0.14894883046804247,0.01230935949287073,1,incoming,Victor Sanh
534,6,21,0.12404870624048706,0.0,0.14894883046804247,0.01230935949287073,1,incoming,Benjamin Hoover
3679,6,21,0.12404870624048706,0.002020907024901417,0.1219191170941078,0.0015475156268179282,1,,Marco Agus
3865,6,21,0.12404870624048706,0.0,0.14936017769385865,0.012136550088625735,3,,Matej Mlejnek
2487,6,21,0.12404870624048706,0.0,0.14936017769385865,0.012136550088625735,1,incoming,Jakob Troidl
5742,7,21,0.12404870624048706,0.00033276467457763105,0.14940143741145365,0.012239801794969878,3,,Thomas Theußl
2259,8,21,0.12404870624048706,1.823923307672759e-06,0.14903091855317227,0.014296615156228504,1,,Hendrik Strobelt
139,8,21,0.12404870624048706,1.823923307672759e-06,0.14903091855317227,0.014296615156228504,1,,Alexander M. Rush
540,9,21,0.12404870624048706,0.00042442795968275677,0.15239030809508655,0.007013886270711045,1,incoming,Benjamin Lee
3933,9,21,0.12404870624048706,0.0007022815610261661,0.15846270244051044,0.015940050519345432,1,,Maxime Cordeil
5184,9,21,0.12404870624048706,0.0,0.14793030728376974,0.005090342306531077,1,,Sarah Goodwin
1847,9,21,0.12404870624048706,0.0,0.14793030728376974,0.005090342306531077,1,incoming,Fraser Anderson
1787,9,21,0.12404870624048706,0.0,0.14793030728376974,0.005090342306531077,1,incoming,Florence Y. Wang
6485,9,21,0.12404870624048706,0.0,0.14793030728376974,0.005090342306531077,1,incoming,Zac Lucarelli
665,9,21,0.12404870624048706,0.0,0.14793030728376974,0.005090342306531077,1,incoming,Brendan Moyle
574,10,21,0.12404870624048706,0.005034028329176815,0.14817348039163347,0.00461368652582195,1,,Bernhard Jenny
6264,11,21,0.12404870624048706,0.0004957719875149405,0.16364090875324122,0.02504454704237054,1,,Yalong Yang 0001
2767,11,21,0.12404870624048706,5.6744280683152496e-06,0.14801127625327373,0.005442853086843193,1,incoming,Jim Smiley
497,11,21,0.12404870624048706,5.6744280683152496e-06,0.14801127625327373,0.005442853086843193,1,incoming,Barrett Ens
81,12,21,0.12404870624048706,0.0,0.14919536646329992,0.018320116458001398,1,incoming,Ajit Johnson Nirmal
3950,12,21,0.12404870624048706,0.0,0.14919536646329992,0.018320116458001398,1,incoming,Megan L. Burger
5873,12,21,0.12404870624048706,0.0,0.14919536646329992,0.018320116458001398,1,incoming,Tyler Jacks
5289,12,21,0.12404870624048706,0.0,0.14919536646329992,0.018320116458001398,1,incoming,Shannon Coy
6407,12,21,0.12404870624048706,0.0,0.14919536646329992,0.018320116458001398,1,incoming,Yu-An Chen
2696,12,21,0.12404870624048706,0.0,0.14919536646329992,0.018320116458001398,1,incoming,Jia-Ren Lin
5145,12,21,0.12404870624048706,1.43887283160851e-05,0.1480517939856179,0.00670662881743322,1,,Samuel Gratzl
3289,13,21,0.12404870624048706,0.0014240490382743398,0.16964655063659415,0.02274094439290693,1,,Kim Marriott
417,13,21,0.12404870624048706,4.357150123884924e-05,0.14829536699464277,0.006723391675013488,1,incoming,Arnaud Prouzeau
634,14,21,0.12404870624048706,0.00977281962091343,0.18483704833542794,0.0325771770335472,1,,Bongshin Lee
4593,14,21,0.12404870624048706,0.004848190809939448,0.14977380322056555,0.012808171625354293,1,,Peter Rautek
3787,14,21,0.12404870624048706,0.004848190809939448,0.14977380322056555,0.012808171625354293,1,,Markus Hadwiger
5389,15,21,0.12404870624048706,1.0943539846036556e-06,0.14931894075910054,0.021118975335248587,1,incoming,Simon Warchol
1972,15,21,0.12404870624048706,1.0943539846036556e-06,0.14931894075910054,0.021118975335248587,1,incoming,Giorgio Gaglia
2570,15,21,0.12404870624048706,1.0943539846036556e-06,0.14931894075910054,0.021118975335248587,1,incoming,Jared Jessup
791,15,21,0.12404870624048706,1.0943539846036556e-06,0.14931894075910054,0.021118975335248587,1,incoming,Cecily C. Ritch
2890,15,21,0.12404870624048706,1.0943539846036556e-06,0.14931894075910054,0.021118975335248587,1,incoming,John Hoffer
2671,15,21,0.12404870624048706,1.0943539846036556e-06,0.14931894075910054,0.021118975335248587,1,incoming,Jeremy Muhlich
5158,15,21,0.12404870624048706,1.0943539846036556e-06,0.14931894075910054,0.021118975335248587,1,incoming,Sandro Santagata
4577,15,21,0.12404870624048706,1.0943539846036556e-06,0.14931894075910054,0.021118975335248587,1,,Peter K. Sorger
4966,19,21,0.12404870624048706,3.514092239449515e-05,0.14948402527071925,0.026619847858228296,1,,Robert Krüger
2841,24,21,0.12404870624048706,0.006165284486142562,0.1730112614937499,0.06712166878098462,1,,Johanna Beyer
5772,34,21,0.12404870624048706,0.026768893050169804,0.1909721763522112,0.050299849039891334,1,,Tim Dwyer
2182,43,21,0.12404870624048706,0.033674114338793755,0.19287917383361705,0.10932038553060058,0,,Hanspeter Pfister
6144,2,22,1.0,0.0,0.001558846453624318,2.858767253414396e-22,3,incoming,Xavier Tricoche
6005,2,22,1.0,0.0,0.001558846453624318,2.858767253414396e-22,1,incoming,Wayne R. Schlei
3189,2,22,1.0,0.0,0.001558846453624318,2.858767253414396e-22,1,incoming,Kathleen C. Howell
1125,2,23,1.0,0.0,0.001558846453624318,2.858767253414396e-22,1,,Dan Zhang
173,2,23,1.0,0.0,0.001558846453624318,2.858767253414396e-22,1,,Ali Sarvghad
1958,2,23,1.0,0.0,0.001558846453624318,2.858767253414396e-22,1,incoming,Gerome Miklau
3522,4,24,0.3201581027667984,0.0,0.11603372740387517,0.00019090630523259337,1,incoming,Longfei Chen
6273,4,24,0.3201581027667984,0.0,0.11603372740387517,0.00019090630523259337,1,incoming,Yang Ouyang
2128,4,24,0.3201581027667984,0.0,0.11603372740387517,0.00019090630523259337,1,incoming,Haipeng Zhang
5597,4,24,0.3201581027667984,0.0,0.11603372740387517,0.00019090630523259337,1,incoming,Suting Hong
4708,5,24,0.3201581027667984,0.0,0.13856858914411022,0.0016962098163987554,1,incoming,Qiangqiang Liu
6448,5,24,0.3201581027667984,0.0,0.13856858914411022,0.0016962098163987554,1,incoming,Yukun Ren
6552,5,24,0.3201581027667984,0.0,0.13856858914411022,0.0016962098163987554,1,incoming,Zhihua Zhu
1108,5,24,0.3201581027667984,0.0,0.13856858914411022,0.0016962098163987554,1,incoming,Dai Li
1011,6,24,0.3201581027667984,0.0,0.13800285874699214,0.0017256805282830287,1,incoming,Chuhan Shi
1752,6,24,0.3201581027667984,0.0,0.13800285874699214,0.0017256805282830287,1,incoming,Fei Nie
6323,6,24,0.3201581027667984,0.0,0.13800285874699214,0.0017256805282830287,1,incoming,Yicheng Hu
6331,6,24,0.3201581027667984,0.0,0.13800285874699214,0.0017256805282830287,1,incoming,Yige Xu 0001
3428,6,24,0.3201581027667984,0.0,0.13800285874699214,0.0017256805282830287,1,incoming,Lei Chen 0002
4724,6,24,0.3201581027667984,0.0,0.13800285874699214,0.0017256805282830287,1,incoming,Qiong Luo 0001
856,8,24,0.3201581027667984,0.0,0.13867518036652876,0.002098131237887871,1,incoming,Chenyang Zhang
6242,8,24,0.3201581027667984,0.0,0.13867518036652876,0.002098131237887871,1,incoming,Xiyuan Wang
1015,8,24,0.3201581027667984,0.0,0.13867518036652876,0.002098131237887871,1,incoming,Chuyi Zhao
6335,8,24,0.3201581027667984,0.0,0.13867518036652876,0.002098131237887871,1,incoming,Yijing Ren
5763,8,24,0.3201581027667984,0.0,0.13867518036652876,0.002098131237887871,1,incoming,Tianyu Zhang
6535,8,24,0.3201581027667984,0.0,0.13867518036652876,0.002098131237887871,1,incoming,Zhenhui Peng
6177,8,24,0.3201581027667984,0.0,0.13867518036652876,0.002098131237887871,1,incoming,Xiaomeng Fan
4729,20,24,0.3201581027667984,0.00539982103612587,0.14113601342104964,0.002989698792893377,1,,Quan Li
6170,22,24,0.3201581027667984,0.021614520536300967,0.1749137139163849,0.023575966743954242,1,,Xiaojuan Ma
1451,6,25,0.35,0.0,0.008470712804600069,1.8899759741545326e-09,1,incoming,Donald Bertucci
3940,6,25,0.35,0.0,0.008470712804600069,1.8899759741545326e-09,1,incoming,Md Montaser Hamid
6294,6,25,0.35,0.0,0.008470712804600069,1.8899759741545326e-09,1,incoming,Yashwanthi Anand
337,6,25,0.35,0.0,0.008470712804600069,1.8899759741545326e-09,1,incoming,Anita Ruangrotsakun
1352,6,25,0.35,0.0,0.008470712804600069,1.8899759741545326e-09,1,incoming,Delyar Tabatabai
3962,6,25,0.35,0.0,0.008470712804600069,1.8899759741545326e-09,1,incoming,Melissa Perez
4774,6,25,0.35,0.0,0.009353078721745909,6.411454530406597e-09,1,incoming,Rahul Duggal
462,6,25,0.35,0.0,0.009353078721745909,6.411454530406597e-09,1,incoming,Austin P. Wright
6586,7,25,0.35,0.0,0.010949945820580575,7.410897221197509e-09,1,incoming,Zijie J. Wang
4989,7,25,0.35,0.0,0.010949945820580575,7.410897221197509e-09,1,incoming,Robert Turko
785,9,25,0.35,0.0,0.009976617303195635,1.3241474759554992e-08,1,incoming,Catalina Vajiac
262,9,25,0.35,0.0,0.009976617303195635,1.3241474759554992e-08,1,incoming,Andreas M. Olligschlaeger
4843,9,25,0.35,0.0,0.009976617303195635,1.3241474759554992e-08,1,incoming,Rebecca Mackenzie
4684,9,25,0.35,0.0,0.009976617303195635,1.3241474759554992e-08,1,incoming,Pratheeksha Nair
3965,9,25,0.35,0.0,0.009976617303195635,1.3241474759554992e-08,1,incoming,Meng-Chieh Lee
6330,9,25,0.35,0.0,0.009976617303195635,1.3241474759554992e-08,1,incoming,Yifei Li
4251,9,25,0.35,0.0,0.009976617303195635,1.3241474759554992e-08,1,incoming,Namyong Park
4849,9,25,0.35,0.0,0.009976617303195635,1.3241474759554992e-08,1,incoming,Reihaneh Rabbany
1002,9,25,0.35,0.0,0.009976617303195635,1.3241474759554992e-08,1,incoming,Christos Faloutsos
2109,9,25,0.35,4.377415938414622e-06,0.011511481503687273,8.632199107375592e-09,1,,Haekyu Park
4354,9,25,0.35,4.377415938414622e-06,0.011511481503687273,8.632199107375592e-09,1,incoming,Nilaksh Das
4420,9,25,0.35,4.377415938414622e-06,0.011511481503687273,8.632199107375592e-09,1,incoming,Omar Shaikh
1850,9,25,0.35,4.377415938414622e-06,0.011511481503687273,8.632199107375592e-09,1,,Fred Hohman
4179,13,25,0.35,0.00013132247815243866,0.01282707938982296,8.491900791261458e-09,1,,Minsuk Kahng
4673,18,25,0.35,0.0001685305136289629,0.014964925954793455,1.9972417767830664e-08,1,,Polo Chau
1474,4,26,1.0,0.0,0.003117692907248636,1.0055358040709464e-16,1,incoming,Dora Kiesel
4491,4,26,1.0,0.0,0.003117692907248636,1.0055358040709464e-16,3,incoming,Patrick Riehmann
2263,4,26,1.0,0.0,0.003117692907248636,1.0055358040709464e-16,1,incoming,Henning Wachsmuth
553,4,26,1.0,0.0,0.003117692907248636,1.0055358040709464e-16,1,incoming,Benno Stein 0001
564,4,26,1.0,0.0,0.003117692907248636,1.0055358040709464e-16,5,incoming,Bernd Fröhlich 0001
2335,1,27,1.0,0.0,0.000779423226812159,1.1321326681304015e-26,1,incoming,Huan Liu
2349,1,27,1.0,0.0,0.000779423226812159,1.1321326681304015e-26,3,incoming,Hui Zhang 0006
5755,3,28,0.1978494623655914,0.0,0.14195097202873025,0.0037808876969619956,1,incoming,Tian Gao
2961,3,28,0.1978494623655914,0.0,0.12473090484996821,0.0004982664793237271,1,,Jonathan Zhang
4545,4,28,0.1978494623655914,0.0,0.14198823928313525,0.00399004442346743,1,incoming,Pei Liu
5365,4,28,0.1978494623655914,0.0,0.14198823928313525,0.00399004442346743,1,incoming,Siji Chen
6554,4,28,0.1978494623655914,0.0,0.12475967783839959,0.0003123003675767489,1,incoming,Zhilan Zhou
6053,4,28,0.1978494623655914,0.0,0.12475967783839959,0.0003123003675767489,1,,Wenyuan Wang
3969,4,28,0.1978494623655914,0.0,0.12475967783839959,0.0003123003675767489,1,incoming,Mengtian Guo
6431,4,28,0.1978494623655914,0.0,0.12475967783839959,0.0003123003675767489,1,incoming,Yue Wang 0035
5401,4,28,0.1978494623655914,0.00015124106077766034,0.1421748694609522,0.002203586476112232,1,incoming,Smiti Kaul
1222,4,28,0.1978494623655914,0.00015124106077766034,0.1421748694609522,0.002203586476112232,1,,David Borland
1194,4,28,0.1978494623655914,0.0,0.14198823928313525,0.004006816882300383,1,incoming,Danqing Shi
6164,5,28,0.1978494623655914,8.106325811878929e-07,0.1420255261106781,0.005331606138560169,1,incoming,Xiaohan Jiao
6363,5,28,0.1978494623655914,0.0,0.1483767361946398,0.008375531287917931,1,incoming,Yixuan Li
6468,5,28,0.1978494623655914,0.0,0.1483767361946398,0.008375531287917931,1,incoming,Yusheng Qi
3472,5,28,0.1978494623655914,0.0,0.14270005367531985,0.004838469073012715,1,incoming,Ligan Cai
6601,5,28,0.1978494623655914,0.0,0.1420255261106781,0.0029578352771638503,1,incoming,Zui Chen
2741,5,28,0.1978494623655914,0.0,0.1420255261106781,0.0029578352771638503,1,incoming,Jiazhe Wang
6577,5,28,0.1978494623655914,0.0,0.15395195087659044,0.00457754042905546,1,,Zhuochen Jin
4254,5,28,0.1978494623655914,0.0,0.15395195087659044,0.00457754042905546,1,incoming,Nan Chen
3967,7,28,0.1978494623655914,1.4969681665936425e-05,0.14277539689267746,0.0052443619253768805,1,incoming,Mengdi Sun
6286,7,28,0.1978494623655914,1.0775623097076203e-05,0.14277539689267746,0.006337994337757299,1,incoming,Yanqiu Wu
1869,7,28,0.1978494623655914,1.7225942350242723e-06,0.1421001585468897,0.004773715838901319,1,incoming,Fuling Sun
6235,7,28,0.1978494623655914,1.7225942350242723e-06,0.1421001585468897,0.004773715838901319,1,incoming,Xinyue Xu
3443,7,28,0.1978494623655914,0.0,0.1749137139163849,0.023558000689571035,1,,Leni Yang
6151,7,28,0.1978494623655914,0.0,0.1749137139163849,0.023558000689571035,1,incoming,Xian Xu
6589,7,28,0.1978494623655914,0.0,0.1749137139163849,0.023558000689571035,1,incoming,Ziyan Liu
4714,9,28,0.1978494623655914,0.00017297213126496992,0.148539742771069,0.009162042945258544,1,,Qing Chen 0001
6217,9,28,0.1978494623655914,0.0005353061125248901,0.17502692667620137,0.024151553328775232,1,incoming,Xingyu Lan
1248,12,28,0.1978494623655914,0.0050190102102896286,0.15425932784639537,0.004890596295874252,1,,David Gotz
6274,22,28,0.1978494623655914,0.005319029827378955,0.17749694894304635,0.03169599383645925,1,incoming,Yang Shi 0007
4253,30,28,0.1978494623655914,0.015339900418846985,0.18148765215753768,0.033528954300676726,1,,Nan Cao
1501,2,29,1.0,0.0,0.001558846453624318,2.858767253414396e-22,1,incoming,Duong B. Nguyen
5007,2,29,1.0,0.0,0.001558846453624318,2.858767253414396e-22,1,,Rodolfo Ostilla Monico
2077,2,29,1.0,0.0,0.001558846453624318,2.858767253414396e-22,1,,Guoning Chen
3084,2,30,0.2536231884057971,0.0,0.00542519588136358,4.4539361006791926e-13,1,,Juraj Pálenik
5741,2,30,0.2536231884057971,0.0,0.00542519588136358,4.4539361006791926e-13,1,incoming,Thomas Spengler
3641,4,30,0.2536231884057971,0.0,0.008246297739672642,1.4640078723683095e-12,1,incoming,Manlio Massiris Fernández
5168,4,30,0.2536231884057971,0.0,0.008246297739672642,1.4640078723683095e-12,1,incoming,Sanjin Rados
1025,4,30,0.2536231884057971,0.0,0.008246297739672642,1.4640078723683095e-12,1,,Claudio Delrieux
5728,5,30,0.2536231884057971,0.0,0.00808460562713004,2.2257148255687103e-12,1,,Thomas Ortner
275,5,30,0.2536231884057971,0.0,0.00808460562713004,2.2257148255687103e-12,1,,Andreas Walch
4844,5,30,0.2536231884057971,0.0,0.00808460562713004,2.2257148255687103e-12,1,incoming,Rebecca Nowak
4938,5,30,0.2536231884057971,0.0,0.00808460562713004,2.2257148255687103e-12,1,incoming,Robert Barnes
4782,6,30,0.2536231884057971,0.0,0.007233594508484774,2.3248226651656312e-12,1,,Rainer Splechtna
1355,6,30,0.2536231884057971,0.0,0.007233594508484774,2.3248226651656312e-12,1,,Denis Gracanin
1989,6,30,0.2536231884057971,0.0,0.007233594508484774,2.3248226651656312e-12,1,incoming,Goran Todorovic
5426,6,30,0.2536231884057971,0.0,0.007233594508484774,2.3248226651656312e-12,1,incoming,Stanislav Goja
637,6,30,0.2536231884057971,0.0,0.007233594508484774,2.3248226651656312e-12,1,incoming,Boris Bedic
391,6,30,0.2536231884057971,0.0,0.006650240112639228,2.987606469748949e-12,1,incoming,Antonios Somarakis
3726,6,30,0.2536231884057971,0.0,0.006650240112639228,2.987606469748949e-12,1,incoming,Marieke E. Ijsselsteijn
5363,6,30,0.2536231884057971,0.0,0.006650240112639228,2.987606469748949e-12,1,incoming,Sietse J. Luk
651,6,30,0.2536231884057971,0.0,0.006650240112639228,2.987606469748949e-12,1,incoming,Boyd Kenkhuis
4375,6,30,0.2536231884057971,0.0,0.006650240112639228,2.987606469748949e-12,1,incoming,Noel F. C. C. de Miranda
645,6,30,0.2536231884057971,0.0,0.006650240112639228,2.987606469748949e-12,1,,Boudewijn P. F. Lelieveldt
2257,8,30,0.2536231884057971,5.1069852614837255e-05,0.007496634308793311,2.4438264007745214e-12,1,,Helwig Hauser
3590,9,30,0.2536231884057971,0.0001605052510752028,0.0105721765893239,3.256750722867658e-12,1,,M. Eduard Gröller
3319,10,30,0.2536231884057971,0.00014591386461382074,0.009817021118657909,3.342839601683037e-12,1,,Kresimir Matkovic
5712,11,30,0.2536231884057971,0.00012402678492174762,0.009162553044080713,4.602657667082957e-12,1,,Thomas Höllt
1713,2,31,0.2679738562091503,0.0,0.09806585737614909,1.5866198219097393e-05,1,,Fabian Sperrle
1335,2,31,0.2679738562091503,0.0,0.09806585737614909,1.5866198219097393e-05,1,,Davide Ceneda
2556,2,31,0.2679738562091503,0.0,0.09815484635743414,1.7379203832226726e-05,3,incoming,Jan Zahálka
2572,2,31,0.2679738562091503,0.0,0.09815484635743414,1.7379203832226726e-05,0,,Jarke J. van Wijk
4923,4,31,0.2679738562091503,0.0,0.11541468276343624,0.00027858973873205354,1,,Rita Sevastjanova
5304,4,31,0.2679738562091503,0.0,0.11541468276343624,0.00027858973873205354,1,incoming,Shauli Ravfogel
5103,4,31,0.2679738562091503,0.0,0.11541468276343624,0.00027858973873205354,1,incoming,Ryan Cotterell
4630,4,31,0.2679738562091503,0.0,0.11546396315744283,0.0002867303467475992,1,incoming,Philipp Meschenmoser
3085,4,31,0.2679738562091503,0.0,0.11546396315744283,0.0002867303467475992,1,,Juri Buchmüller
3843,4,31,0.2679738562091503,0.0,0.11546396315744283,0.0002867303467475992,1,incoming,Martin Wikelski
3936,5,31,0.2679738562091503,0.0,0.11553796270657171,0.0003051527922666796,1,incoming,Maximilian T. Fischer
1386,5,31,0.2679738562091503,0.0,0.11553796270657171,0.0003051527922666796,1,incoming,Devanshu Arya
1429,5,31,0.2679738562091503,0.0,0.11553796270657171,0.0003051527922666796,1,,Dirk Streeb
3971,6,31,0.2679738562091503,0.0020209070249014166,0.11546396315744283,0.00028020384605964734,1,,Mennatallah El-Assady
3676,7,31,0.2679738562091503,0.0020209070249014166,0.11558734845682031,0.00030692084534948455,3,incoming,Marcel Worring
1625,8,31,0.2679738562091503,0.006033538301781486,0.14014853677881892,0.004361448931714692,1,,Eren Cakmak
1174,8,31,0.2679738562091503,1.0943539846036555e-05,0.11561205716747802,0.0003489051225801597,1,incoming,Daniel Seebacher
1130,12,31,0.2679738562091503,0.010018202754610574,0.14029395679104079,0.004428360721649585,0,,Daniel A. Keim
4762,3,32,0.11054421768707483,0.0,0.09123367129376893,2.072613331723756e-07,1,incoming,Racquel Fygenson
3879,3,32,0.11054421768707483,0.0,0.11362042088854248,4.189019488311273e-05,1,incoming,Mathieu Pont
3028,3,32,0.11054421768707483,0.0,0.11362042088854248,4.189019488311273e-05,1,,Jules Vidal
3046,3,32,0.11054421768707483,0.0,0.11362042088854248,4.189019488311273e-05,1,incoming,Julie Delon
4438,3,32,0.11054421768707483,0.0,0.08005227996291625,2.3752895247986664e-08,1,,P. Samuel Quinan
2253,3,32,0.11054421768707483,0.0,0.08005227996291625,2.3752895247986664e-08,1,incoming,Helia Hosseinpour
6528,3,32,0.11054421768707483,0.0,0.11907380084312247,2.4294337223142424e-05,1,incoming,Zhenge Zhao
6501,3,32,0.11054421768707483,0.0,0.10325185250657927,2.9842308076058723e-06,1,,Zeng Dai
351,3,32,0.11054421768707483,0.0,0.1114660353317111,4.136208006867239e-05,1,incoming,Anna Pia Lohfink
5377,3,32,0.11054421768707483,0.0,0.1114660353317111,4.136208006867239e-05,1,incoming,Simon Duque Antón
2939,3,32,0.11054421768707483,0.0,0.1341019596899237,0.0006823371334941935,1,,Jonas Lukasczyk
3943,4,32,0.11054421768707483,0.0,0.10327156834627882,1.8549204281396122e-06,1,incoming,Md. Naimul Hoque
4603,4,32,0.11054421768707483,0.0,0.10187101213589418,5.587940052123607e-06,1,incoming,Peter Xenopoulos
3020,4,32,0.11054421768707483,0.0,0.10187101213589418,5.587940052123607e-06,1,incoming,João Rulff
671,4,32,0.11054421768707483,0.0,0.10187101213589418,5.587940052123607e-06,1,incoming,Brian Barr
2559,4,32,0.11054421768707483,0.0,0.09526743058472119,2.6754990200529276e-06,1,incoming,Jan-Tobias Sohns
4096,4,32,0.11054421768707483,0.0,0.09526743058472119,2.6754990200529276e-06,1,incoming,Michaela Schmitt
1711,4,32,0.11054421768707483,0.0,0.09526743058472119,2.6754990200529276e-06,1,incoming,Fabian Jirasek
2162,4,32,0.11054421768707483,0.0,0.09526743058472119,2.6754990200529276e-06,1,incoming,Hans Hasse
2214,4,32,0.11054421768707483,0.0,0.11638330179243861,4.479012707602053e-05,1,,Harish Doraiswamy
4534,4,32,0.11054421768707483,0.0,0.11638330179243861,4.479012707602053e-05,1,incoming,Paulo J. S. Silva
6038,5,32,0.11054421768707483,3.0398721794545984e-07,0.1032912917168568,1.9664524403061406e-06,1,,Wenbin He
6199,5,32,0.11054421768707483,0.0,0.10782161152899965,2.8915181956286346e-06,1,,Xiaoyu Zhang
3362,5,32,0.11054421768707483,0.0010092375635789267,0.09126446227294333,2.0967923559267434e-07,1,,Lace M. K. Padilla
5420,5,32,0.11054421768707483,0.0010092375635789267,0.09126446227294333,2.0967923559267434e-07,1,,Spencer C. Castro
4447,5,32,0.11054421768707483,0.0007197680144120197,0.11912625626199608,2.466486465288262e-05,1,,Panpan Xu
5410,5,32,0.11054421768707483,0.0,0.10594186159245096,3.416147913427786e-06,1,incoming,Sonia Castelo
5057,5,32,0.11054421768707483,0.0,0.10594186159245096,3.416147913427786e-06,1,incoming,Roque Lopez
3042,5,32,0.11054421768707483,0.0,0.10594186159245096,3.416147913427786e-06,1,,Juliana Freire
2963,5,32,0.11054421768707483,0.0,0.10189020411255882,3.2373575695649784e-06,1,,Jonathas Costa
129,5,32,0.11054421768707483,0.0,0.10189020411255882,3.2373575695649784e-06,1,,Alexander Bock 0002
781,5,32,0.11054421768707483,0.0,0.10189020411255882,3.2373575695649784e-06,1,,Carter Emmart
823,5,32,0.11054421768707483,0.0,0.10189020411255882,3.2373575695649784e-06,0,,Charles D. Hansen
232,5,32,0.11054421768707483,0.0,0.10189020411255882,3.2373575695649784e-06,1,,Anders Ynnerman
941,6,32,0.11054421768707483,0.0070306163766425955,0.13433512256072086,0.0006886754463180647,1,,Christoph Garth
4266,6,32,0.11054421768707483,0.0,0.10331102262262888,2.0912868042325154e-06,1,incoming,Nanxiang Li
4028,6,32,0.11054421768707483,0.0,0.10331102262262888,2.0912868042325154e-06,1,incoming,Michael Hofmann 0010
470,6,32,0.11054421768707483,0.0,0.10331102262262888,2.0912868042325154e-06,1,incoming,Axel Wendt
3562,7,32,0.11054421768707483,0.0011880627596688096,0.11645848480393244,4.564270652661679e-05,1,,Luis Gustavo Nonato
2336,7,32,0.11054421768707483,0.00016417415736062974,0.10786461975059078,4.297869021258774e-06,1,incoming,Huan Song
3482,7,32,0.11054421768707483,9.119616538363795e-07,0.10333076106791406,2.1913635913057374e-06,1,incoming,Lincan Zou
2242,7,32,0.11054421768707483,0.004032086458828579,0.11155800400772735,4.190635436971942e-05,1,,Heike Leitte
436,8,32,0.11054421768707483,2.4318977435636783e-06,0.10335050705703462,2.285760003159919e-06,1,incoming,Arvind Kumar Shekar
1616,8,32,0.11054421768707483,0.005034028329176815,0.10604572616263964,3.448027245512118e-06,1,,Enrico Bertini
2970,10,32,0.11054421768707483,0.007038218746305809,0.1116501245725562,6.002286239011763e-06,1,incoming,Jorge Henrique Piazentin Ono
3051,10,32,0.11054421768707483,0.021342645405620888,0.1376165912034255,0.0006980194873137179,1,,Julien Tierny
3464,12,32,0.11054421768707483,0.0007102681523270926,0.10797229056287926,3.6331694598656165e-06,1,,Liang Gou
4857,16,32,0.11054421768707483,0.015701676331877037,0.1226935579467927,2.6720154130772505e-05,3,,Ren Liu
1041,17,32,0.11054421768707483,0.016473092178718007,0.12072169719407638,4.746799748038964e-05,0,,Cláudio T. Silva
2796,4,33,0.47435897435897434,0.0,0.005611847233047545,7.57050731516514e-13,1,incoming,Jingyi Shen
471,4,33,0.47435897435897434,0.0,0.005611847233047545,7.57050731516514e-13,1,,Ayan Biswas
4315,5,33,0.47435897435897434,0.0,0.005907207613734258,9.362584568057474e-13,1,incoming,Neng Shi
2159,5,33,0.47435897435897434,0.0,0.005907207613734258,9.362584568057474e-13,1,,Hanqi Guo 0001
2959,5,33,0.47435897435897434,0.0,0.005907207613734258,9.362584568057474e-13,1,,Jonathan Woodring
2045,5,33,0.47435897435897434,0.0,0.005907207613734258,7.478688039080002e-13,1,incoming,Guan Li
3076,5,33,0.47435897435897434,0.0,0.005907207613734258,7.478688039080002e-13,1,,Junpeng Wang
3140,5,33,0.47435897435897434,0.0,0.005907207613734258,7.478688039080002e-13,1,incoming,Kaixin Chen 0004
2059,5,33,0.47435897435897434,0.0,0.005907207613734258,7.478688039080002e-13,1,incoming,Guihua Shan
6568,5,33,0.47435897435897434,0.0,0.005907207613734258,7.478688039080002e-13,1,incoming,Zhonghua Lu
2203,7,33,0.47435897435897434,2.4318977435636783e-06,0.006602173215350053,1.1458397865813761e-12,1,,Haoyu Li
2738,7,33,0.47435897435897434,2.4318977435636783e-06,0.006602173215350053,1.1458397865813761e-12,1,,Jiayi Xu 0001
2145,12,33,0.47435897435897434,4.4990108255928054e-05,0.009353078721745909,1.6634520485577437e-12,0,,Han-Wei Shen
6134,5,34,1.0,0.0,0.003897116134060795,9.59243114085201e-15,1,incoming,Wonyoung So
1551,5,34,1.0,0.0,0.003897116134060795,9.59243114085201e-15,1,incoming,Edyta Paulina Bogucka
5166,5,34,1.0,0.0,0.003897116134060795,9.59243114085201e-15,1,incoming,Sanja Scepanovic
5129,5,34,1.0,0.0,0.003897116134060795,9.59243114085201e-15,1,incoming,Sagar Joglekar 0001
3207,5,34,1.0,0.0,0.003897116134060795,9.59243114085201e-15,1,incoming,Ke Zhou 0003
1188,5,34,1.0,0.0,0.003897116134060795,9.59243114085201e-15,1,incoming,Daniele Quercia
5581,3,35,1.0,0.0,0.002338269680436477,3.7988068627760123e-19,1,incoming,Sunwoo Ha
5311,3,35,1.0,0.0,0.002338269680436477,3.7988068627760123e-19,1,incoming,Shayan Monadjemi
5033,3,35,1.0,0.0,0.002338269680436477,3.7988068627760123e-19,1,incoming,Roman Garnett
200,3,35,1.0,0.0,0.002338269680436477,3.7988068627760123e-19,1,,Alvitta Ottley
3961,3,36,1.0,0.0,0.002338269680436477,3.7988068627760123e-19,1,incoming,Melissa E. Swift
6140,3,36,1.0,0.0,0.002338269680436477,3.7988068627760123e-19,1,incoming,Wyatt Ayers
5416,3,36,1.0,0.0,0.002338269680436477,3.7988068627760123e-19,1,incoming,Sophie Pallanck
5222,3,36,1.0,0.0,0.002338269680436477,3.7988068627760123e-19,1,incoming,Scott Wehrwein
6403,3,37,0.301994301994302,0.0,0.008106001558846455,3.076344378384278e-09,1,incoming,Yu Qin
706,3,37,0.301994301994302,0.0,0.008106001558846455,3.076344378384278e-09,1,incoming,Brittany Terese Fasy
768,3,37,0.301994301994302,0.0,0.008106001558846455,3.076344378384278e-09,1,incoming,Carola Wenk
197,4,37,0.301994301994302,0.0,0.010331178457353324,1.2062943743652012e-08,1,incoming,Alper Sahistan
5883,4,37,0.301994301994302,0.0,0.010331178457353324,1.2062943743652012e-08,1,incoming,Ugur Güdükbay
5451,5,37,0.301994301994302,0.0,0.010537802026500391,1.69901343408738e-08,1,incoming,Stefan Zellmann
5890,5,37,0.301994301994302,0.0,0.010537802026500391,1.69901343408738e-08,4,incoming,Ulrich Lang 0002
2402,7,37,0.301994301994302,2.4318977435636783e-06,0.010976877110937906,1.920430475966453e-08,3,,Ingo Wald
334,7,37,0.301994301994302,0.0,0.010976877110937906,2.2376428736811305e-08,1,incoming,Aniketh Venkat
2006,7,37,0.301994301994302,0.0,0.010976877110937906,2.23764287368113e-08,1,incoming,Graham Kosiba
219,7,37,0.301994301994302,0.0,0.010976877110937906,2.23764287368113e-08,1,incoming,Amitesh Maiti
2269,7,37,0.301994301994302,0.0,0.010976877110937906,2.23764287368113e-08,1,incoming,Henry Reinstein
4897,7,37,0.301994301994302,0.0,0.010976877110937906,2.23764287368113e-08,1,incoming,Richard Gee
1502,7,37,0.301994301994302,0.0,0.011708668918333765,2.3444210001990817e-08,1,,Duong Hoang
2222,7,37,0.301994301994302,0.0,0.011708668918333765,2.3444210001990817e-08,1,,Harsh Bhatia
4584,7,37,0.301994301994302,0.0,0.011708668918333765,2.3444210001990817e-08,1,,Peter Lindstrom 0001
4537,7,37,0.301994301994302,0.0,0.011708668918333765,2.3444210001990817e-08,1,,Pavol Klacansky
5848,7,37,0.301994301994302,0.0,0.010976877110937906,2.469882356508321e-08,1,incoming,Torin McDonald
5518,7,37,0.301994301994302,0.0,0.010976877110937906,2.469882356508321e-08,1,,Steve Petruzza
1853,7,37,0.301994301994302,0.0,0.010976877110937906,2.469882356508321e-08,1,,Frederick Federer
118,7,37,0.301994301994302,0.0,0.010976877110937906,2.469882356508321e-08,1,,Alessandra Angelucci
694,10,37,0.301994301994302,8.390047215294691e-05,0.012545002412500466,2.4291211152439355e-08,1,,Brian Summa
4290,12,37,0.301994301994302,1.4591386461382073e-05,0.01225325817034929,3.179404593262489e-08,1,incoming,Nathan Morrical
449,13,37,0.301994301994302,1.9252523803212455e-05,0.012545002412500466,3.838415568010601e-08,1,,Attila Gyulassy
4544,13,37,0.301994301994302,2.9588089213358094e-05,0.013510002598077423,3.723500604840411e-08,1,,Peer-Timo Bremer
6067,16,37,0.301994301994302,5.208314334132211e-05,0.014635836147917209,4.383292420962864e-08,1,,Will Usher 0001
5917,23,37,0.301994301994302,0.00015442550671629368,0.018168624183621362,5.631515760426067e-08,1,,Valerio Pascucci
6487,2,38,0.5833333333333334,0.0,0.0035630776082841552,1.0190405298694298e-14,1,,Zachary Leggon
3960,4,38,0.5833333333333334,0.0,0.004156923876331514,1.661759519451944e-14,1,incoming,Melissa A. Schoenlein
2932,4,38,0.5833333333333334,0.0,0.004156923876331514,1.661759519451944e-14,1,incoming,Johnny Campos
3267,4,38,0.5833333333333334,0.0,0.004156923876331514,1.661759519451944e-14,1,incoming,Kevin J. Lande
3347,4,38,0.5833333333333334,0.0,0.004156923876331514,1.661759519451944e-14,1,incoming,Kushin Mukherjee
697,4,38,0.5833333333333334,0.0,0.004156923876331514,1.661759519451944e-14,1,incoming,Brian Yin
698,4,38,0.5833333333333334,0.0,0.004156923876331514,1.661759519451944e-14,1,incoming,Brianne E. Sherman
3407,8,38,0.5833333333333334,9.119616538363796e-06,0.006235385814497272,2.6347444663457775e-14,1,,Laurent Lessard
3159,8,38,0.5833333333333334,9.119616538363796e-06,0.006235385814497272,2.6347444663457775e-14,1,,Karen B. Schloss
4390,3,39,0.5151515151515151,0.0,0.004963695286540592,1.10087516487757e-12,1,incoming,Nuo Chen
6540,4,39,0.5151515151515151,0.0,0.005239456135792847,7.702745494630449e-13,1,incoming,Zhibin Niu
5083,4,39,0.5151515151515151,0.0,0.005239456135792847,7.702745494630449e-13,1,incoming,Runlin Li
3078,4,39,0.5151515151515151,0.0,0.005239456135792847,7.702745494630449e-13,1,incoming,Junqi Wu
1337,4,39,0.5151515151515151,0.0,0.005239456135792847,7.702745494630449e-13,1,incoming,Dawei Cheng
5080,6,39,0.5151515151515151,0.0,0.005894388152766953,2.0675966144454883e-12,1,incoming,Ruizhi Shi
6267,6,39,0.5151515151515151,0.0,0.005894388152766953,2.0675966144454883e-12,1,incoming,Yan Liu
5340,6,39,0.5151515151515151,0.0,0.005894388152766953,2.0675966144454883e-12,1,incoming,Shizhuo Long
6585,6,39,0.5151515151515151,0.0,0.005894388152766953,2.0675966144454883e-12,1,incoming,Ziheng Guo
6507,7,39,0.5151515151515151,1.6212651623757858e-06,0.006287347362951416,2.2160363015083447e-12,1,,Zeyu Li 0003
5323,7,39,0.5151515151515151,1.6212651623757858e-06,0.006287347362951416,2.2160363015083447e-12,1,,Shichao Jia
2731,11,39,0.5151515151515151,3.5667833572267285e-05,0.00857365549493375,2.631486527513698e-12,1,,Jiawan Zhang
3283,1,40,0.10017730496453901,0.0,0.12156286883107714,3.303225176277888e-05,1,,Khairi Reda
2727,1,40,0.10017730496453901,0.0,0.09923545017054351,7.124356716392581e-07,1,,Jianping Kelvin Li
1985,2,40,0.10017730496453901,0.0,0.10256650927924564,2.2426845402067815e-06,1,incoming,Golina Hulstein
5920,2,40,0.10017730496453901,0.0,0.10256650927924564,2.2426845402067815e-06,1,,Vanessa Peña Araya
1219,2,40,0.10017730496453901,0.0,0.09925366185161721,7.528235046594119e-07,1,incoming,David Bauer
4700,2,40,0.10017730496453901,0.0,0.09925366185161721,7.528235046594119e-07,1,,Qi Wu 0015
3887,2,40,0.10017730496453901,0.0,0.1215901986127388,3.490278283401534e-05,1,incoming,Matt-Heun Hong
2682,2,40,0.10017730496453901,0.0,0.1215901986127388,3.490278283401534e-05,1,incoming,Jessica K. Witt
6218,3,40,0.10017730496453901,0.0,0.09938133102342195,8.396766555894436e-07,1,incoming,Xinhai Wei
3649,3,40,0.10017730496453901,0.0,0.0863261298371049,5.4052110130471114e-08,1,,Maoyuan Sun
26,3,40,0.10017730496453901,0.0,0.0863261298371049,5.4052110130471114e-08,1,incoming,Abdul Rahman Shaikh
2137,3,40,0.10017730496453901,0.0,0.0863261298371049,5.4052110130471114e-08,1,incoming,Hamed Alhoori
1554,3,40,0.10017730496453901,0.0,0.0863261298371049,5.4052110130471114e-08,1,incoming,Ehsan Jahangirzadeh Soure
1608,3,40,0.10017730496453901,0.0,0.0863261298371049,5.4052110130471114e-08,1,incoming,Emily Kuang
4163,3,40,0.10017730496453901,0.0,0.0863261298371049,5.4052110130471114e-08,1,,Mingming Fan 0001
3612,3,40,0.10017730496453901,0.0,0.14573786133911673,0.0005892793561886986,1,incoming,Madison A. Elliott
934,3,40,0.10017730496453901,0.0,0.14573786133911673,0.0005892793561886986,1,,Christine Nothelfer
5256,3,40,0.10017730496453901,0.0,0.1085138851182709,7.284786224164785e-06,1,incoming,Senthil K. Chandrasegaran
3253,3,40,0.10017730496453901,0.0,0.09927188021833006,7.9807202468949e-07,1,incoming,Keshav Dasu
3016,3,40,0.10017730496453901,0.0,0.09927188021833006,7.9807202468949e-07,1,,Joyce Ma
2647,3,40,0.10017730496453901,0.0,0.09927188021833006,7.9807202468949e-07,1,,Jennifer Frazier
1810,3,40,0.10017730496453901,0.0,0.09938133102342195,8.396766555894436e-07,1,,Francine Chen 0001
3352,4,40,0.10017730496453901,0.0,0.12169964073570257,3.937522726853261e-05,1,,Kyle Wm. Hall
378,4,40,0.10017730496453901,0.0,0.12169964073570257,3.937522726853261e-05,1,incoming,Anthony Kouroupis
969,4,40,0.10017730496453901,0.0,0.12169964073570257,3.937522726853261e-05,1,,Christopher Collins 0001
1750,4,40,0.10017730496453901,0.0,0.11087191542219396,3.585792680762387e-06,1,incoming,Federico Rossi 0001
3008,4,40,0.10017730496453901,0.0,0.11087191542219396,3.585792680762387e-06,1,incoming,Joshua Vander Hook
5207,4,40,0.10017730496453901,0.0,0.11087191542219396,3.585792680762387e-06,1,incoming,Scott Davidoff
5874,5,40,0.10017730496453901,0.0,0.09930833702340475,9.071593144750071e-07,1,incoming,Tyson Neuroth
3832,5,40,0.10017730496453901,0.0,0.09930833702340475,9.071593144750071e-07,1,incoming,Martin Rieth
63,5,40,0.10017730496453901,0.0,0.09930833702340475,9.071593144750071e-07,1,incoming,Aditya Konduri
4234,5,40,0.10017730496453901,0.0,0.09930833702340475,9.071593144750071e-07,1,incoming,Myoungkyu Lee
2469,5,40,0.10017730496453901,0.0,0.09930833702340475,9.071593144750071e-07,3,incoming,Jacqueline Chen
4267,5,40,0.10017730496453901,0.0,0.09930833702340475,1.3409256568664485e-06,1,incoming,Naohisa Sakamoto
2975,5,40,0.10017730496453901,0.0,0.09930833702340475,1.3409256568664485e-06,1,incoming,Jorji Nonaka
3210,5,40,0.10017730496453901,0.0,0.09930833702340475,1.3409256568664485e-06,1,incoming,Keiji Yamamoto
4921,6,40,0.10017730496453901,0.0,0.12487490266207854,4.521401354721395e-05,1,incoming,Rishi Vanukuru
5073,6,40,0.10017730496453901,0.0,0.12487490266207854,4.521401354721395e-05,1,incoming,Ruhan Yang
4568,6,40,0.10017730496453901,0.0,0.12487490266207854,4.521401354721395e-05,1,incoming,Peter Gyory
4803,6,40,0.10017730496453901,0.0,0.12487490266207854,4.521401354721395e-05,1,incoming,Ran Zhou 0003
1594,6,40,0.10017730496453901,0.0,0.12487490266207854,4.521401354721395e-05,3,incoming,Ellen Yi-Luen Do
228,6,40,0.10017730496453901,0.002020907024901417,0.12175443571127019,3.960340549087118e-05,1,,Anastasia Bezerianos
5328,7,40,0.10017730496453901,0.000957815489760547,0.10860104486535387,7.56459694833504e-06,1,,Shilpika
5636,8,40,0.10017730496453901,2.2292395982667052e-05,0.09947272455940082,1.4722245188549716e-06,1,,Takanori Fujiwara
5156,10,40,0.10017730496453901,0.012575564013877235,0.12852500081498627,4.643756987217214e-05,1,incoming,Sandra Bae
2714,10,40,0.10017730496453901,0.0060448871579181175,0.09950932905785874,8.989737573394193e-07,1,,Jian Zhao 0010
1189,16,40,0.10017730496453901,0.024930162018423553,0.14952535345022455,0.0006163955130820758,1,,Danielle Albers Szafir
3348,30,40,0.10017730496453901,0.028686984287431546,0.11711416271751023,1.3286713486694538e-05,0,,Kwan-Liu Ma
2757,3,41,1.0,0.0,0.002338269680436477,3.7988068627760123e-19,1,incoming,Jieying Huang
6276,3,41,1.0,0.0,0.002338269680436477,3.7988068627760123e-19,1,incoming,Yang Xi
3075,3,41,1.0,0.0,0.002338269680436477,3.7988068627760123e-19,1,incoming,Junnan Hu
3059,3,41,1.0,0.0,0.002338269680436477,3.7988068627760123e-19,1,,Jun Tao 0002
153,2,42,0.29310344827586204,0.0,0.008986291320893127,2.651129890538457e-07,1,incoming,Alexandra Lee
4115,2,42,0.29310344827586204,0.0,0.008986291320893127,2.651129890538457e-07,1,incoming,Miguel A. Nacenta
519,3,42,0.29310344827586204,0.0,0.008986291320893127,6.659992975186373e-08,1,incoming,Ben Jacobsen
542,3,42,0.29310344827586204,0.0,0.006642041411094921,2.0722191676446457e-08,1,incoming,Benjamin Niedermann
3942,3,42,0.29310344827586204,0.0,0.0067896423313414745,6.779883332735821e-09,1,incoming,Md. Iqbal Hossain
5911,3,42,0.29310344827586204,0.0,0.0067896423313414745,6.779883332735821e-09,1,incoming,Vahan Huroyan
4837,3,42,0.29310344827586204,0.0,0.0067896423313414745,6.779883332735821e-09,1,incoming,Raymundo Navarrete
1216,4,42,0.29310344827586204,0.0,0.010911925175370226,3.315719365713942e-07,3,incoming,David Auber
2459,4,42,0.29310344827586204,0.0,0.010911925175370226,3.315719365713942e-07,1,,Jaakko Peltonen
4595,5,42,0.29310344827586204,0.0,0.008986291320893127,8.166725696582138e-08,1,incoming,Peter Rottmann
364,6,42,0.29310344827586204,1.013290726484866e-05,0.009120415071951233,8.32548091791284e-08,1,incoming,Annika Bonerath
5605,6,42,0.29310344827586204,1.013290726484866e-05,0.009120415071951233,8.32548091791284e-08,1,incoming,Sven Gedicke
2558,6,42,0.29310344827586204,1.013290726484866e-05,0.009120415071951233,8.325480917912842e-08,3,incoming,Jan-Henrik Haunert
5485,6,42,0.29310344827586204,9.119616538363795e-05,0.009401043228011273,6.815817320919948e-08,5,incoming,Stephen G. Kobourov
3801,10,42,0.29310344827586204,0.00011855501499872934,0.013284082822189841,3.6728706348823767e-07,1,incoming,Markus Wallinger
3830,10,42,0.29310344827586204,0.00011855501499872934,0.013284082822189841,3.672870634882377e-07,1,incoming,Martin Nöllenburg
5825,12,42,0.29310344827586204,0.0,0.01053565189346091,2.7826141574205843e-06,1,incoming,Tom Baumgartl
3793,12,42,0.29310344827586204,0.0,0.01053565189346091,2.7826141574205843e-06,1,incoming,Markus Petzold
3677,12,42,0.29310344827586204,0.0,0.01053565189346091,2.7826141574205843e-06,1,incoming,Marcel Wunderlich
3789,12,42,0.29310344827586204,0.0,0.01053565189346091,2.7826141574205843e-06,1,incoming,Markus Höhn
3596,12,42,0.29310344827586204,0.0,0.01053565189346091,2.7826141574205843e-06,1,incoming,M. Lieser
0,12,42,0.29310344827586204,0.0,0.01053565189346091,2.7826141574205843e-06,1,incoming,A. Dalpke
5395,12,42,0.29310344827586204,0.0,0.01053565189346091,2.7826141574205843e-06,1,incoming,Simone Scheithauer
4049,12,42,0.29310344827586204,0.0,0.01053565189346091,2.7826141574205843e-06,1,incoming,Michael Marschollek
5919,12,42,0.29310344827586204,0.0,0.01053565189346091,2.7826141574205843e-06,1,incoming,Vanessa Eichel
4330,12,42,0.29310344827586204,0.0,0.01053565189346091,2.7826141574205843e-06,1,incoming,Nico T. Mutters
2284,12,42,0.29310344827586204,0.0,0.01053565189346091,2.7826141574205843e-06,1,incoming,Highmed Consortium
5658,12,42,0.29310344827586204,0.0,0.01053565189346091,2.7826141574205843e-06,1,,Tatiana von Landesberger
1135,18,42,0.29310344827586204,0.00026750875179200464,0.014549233567160301,2.930314634187174e-06,3,,Daniel Archambault
4236,1,43,1.0,0.0,0.000779423226812159,1.1321326681304015e-26,1,incoming,Mário Popolin Neto
1778,1,43,1.0,0.0,0.000779423226812159,1.1321326681304015e-26,3,incoming,Fernando Vieira Paulovich
5576,3,44,0.45054945054945056,0.0,0.11986551494447302,6.96553619673562e-05,1,incoming,Sungbok Shin
5578,3,44,0.45054945054945056,0.0,0.11986551494447302,6.96553619673562e-05,1,incoming,Sunghyo Chung
5165,3,44,0.45054945054945056,0.0,0.11986551494447302,6.96553619673562e-05,1,incoming,Sanghyun Hong 0001
612,5,44,0.45054945054945056,0.0,0.11991867038347277,8.065391804727531e-05,1,,Biswaksen Patnaik
6295,5,44,0.45054945054945056,0.0,0.11991867038347277,8.065391804727531e-05,1,incoming,Yasmin Reyazuddin
935,5,44,0.45054945054945056,0.0,0.11991867038347277,8.065391804727531e-05,1,incoming,Christine Tang
2952,5,44,0.45054945054945056,0.0,0.11991867038347277,8.065391804727531e-05,1,incoming,Jonathan Lazar
411,6,44,0.45054945054945056,0.0,0.11994526578608608,8.615611651404314e-05,1,incoming,Arjun Choudhry
3635,6,44,0.45054945054945056,0.0,0.11994526578608608,8.615611651404314e-05,1,incoming,Mandar Sharma
5717,6,44,0.45054945054945056,0.0,0.11994526578608608,8.615611651404314e-05,3,incoming,Thomas Kapler
1378,6,44,0.45054945054945056,0.0,0.11994526578608608,8.615611651404314e-05,1,incoming,Derek W. S. Gray
4270,6,44,0.45054945054945056,0.0,0.11994526578608608,8.615611651404314e-05,1,,Naren Ramakrishnan
4678,10,44,0.45054945054945056,1.2159488717818395e-05,0.12005176546713921,0.00010256655195029269,1,incoming,Pramod Chundury
4347,17,44,0.45054945054945056,0.013010652928065681,0.14688571521712715,0.001160498870288279,1,,Niklas Elmqvist
2121,3,45,0.34065934065934067,0.0,0.005727066318750211,1.75783541295863e-14,1,incoming,Haihan Lin
1381,3,45,0.34065934065934067,0.0,0.005727066318750211,1.75783541295863e-14,1,incoming,Derya Akbaba
2774,3,45,0.34065934065934067,0.0,0.004878612049305736,1.048601659335565e-14,1,incoming,Jimmy Moore
4460,3,45,0.34065934065934067,0.0,0.004878612049305736,1.048601659335565e-14,3,incoming,Pascal Goffin
2596,3,45,0.34065934065934067,0.0,0.004878612049305736,1.048601659335565e-14,1,incoming,Jason Wiese
1387,4,45,0.34065934065934067,0.0,0.0052689010132501955,1.821150046138225e-14,1,incoming,Devin Lange
1530,4,45,0.34065934065934067,0.0,0.0052689010132501955,1.821150046138225e-14,1,incoming,Eddie Polanco
4963,4,45,0.34065934065934067,0.0,0.0052689010132501955,1.821150046138225e-14,1,incoming,Robert Judson-Torres
5747,4,45,0.34065934065934067,0.0,0.0052689010132501955,1.821150046138225e-14,1,incoming,Thomas Zangle
2652,4,45,0.34065934065934067,0.0,0.00598738751505704,2.3039619370111838e-14,1,incoming,Jennifer Rogers
461,4,45,0.34065934065934067,0.0,0.00598738751505704,2.3039619370111838e-14,1,incoming,Austin H. Patton
3567,4,45,0.34065934065934067,0.0,0.00598738751505704,2.3039619370111838e-14,1,incoming,Luke Harmon
4185,9,45,0.34065934065934067,4.01263127688007e-05,0.007748383843014992,3.375158126112199e-14,1,,Miriah D. Meyer
138,10,45,0.34065934065934067,4.742200599949174e-05,0.00823265783320343,4.040687884581256e-14,1,,Alexander Lex
2666,4,46,1.0,0.0,0.003117692907248636,1.0055358040709464e-16,1,incoming,Jeremy E. Block
5277,4,46,1.0,0.0,0.003117692907248636,1.0055358040709464e-16,1,incoming,Shaghayegh Esmaeili
1638,4,46,1.0,0.0,0.003117692907248636,1.0055358040709464e-16,1,,Eric D. Ragan
2907,4,46,1.0,0.0,0.003117692907248636,1.0055358040709464e-16,3,,John R. Goodall
1878,4,46,1.0,0.0,0.003117692907248636,1.0055358040709464e-16,1,,G. David Richardson
1024,5,47,1.0,0.0,0.003897116134060795,9.59243114085201e-15,1,incoming,Claudio D. G. Linhares
2606,5,47,1.0,0.0,0.003897116134060795,9.59243114085201e-15,1,incoming,Jean R. Ponciano
1419,5,47,1.0,0.0,0.003897116134060795,9.59243114085201e-15,1,incoming,Diogenes S. Pedro
3561,5,47,1.0,0.0,0.003897116134060795,9.59243114085201e-15,1,incoming,Luis Enrique Correa da Rocha
69,5,47,1.0,0.0,0.003897116134060795,9.59243114085201e-15,1,incoming,Agma J. M. Traina
2972,5,47,1.0,0.0,0.003897116134060795,9.59243114085201e-15,1,,Jorge Poco
2278,3,48,0.6,0.0,0.004208885424785659,1.950948901224922e-13,1,incoming,Heungseok Park
6384,3,48,0.6,0.0,0.004208885424785659,1.950948901224922e-13,1,incoming,Yoonsoo Nam
2759,3,48,0.6,0.0,0.004208885424785659,1.950948901224922e-13,1,incoming,Jihoon Kim
5268,6,48,0.6,0.0,0.005261106780982073,7.203898132961831e-13,1,incoming,Seungmin Jin
2370,6,48,0.6,0.0,0.005261106780982073,7.203898132961831e-13,1,incoming,Hyunwook Lee
857,6,48,0.6,0.0,0.005261106780982073,7.203898132961831e-13,1,incoming,Cheonbok Park
2362,6,48,0.6,0.0,0.005261106780982073,7.203898132961831e-13,1,incoming,Hyeshin Chu
6463,6,48,0.6,0.0,0.005261106780982073,7.203898132961831e-13,1,incoming,Yunwon Tae
5575,6,48,0.6,0.0,0.005261106780982073,7.203898132961831e-13,3,incoming,Sungahn Ko
2475,9,48,0.6,2.188707969207311e-05,0.007014809041309431,8.026597180282713e-13,1,,Jaegul Choo
4993,8,49,1.0,0.0,0.006235385814497272,2.422200930866666e-10,1,incoming,Roberta C. Ramos Mota
4369,8,49,1.0,0.0,0.006235385814497272,2.422200930866666e-10,1,,Nivan Ferreira
3053,8,49,1.0,0.0,0.006235385814497272,2.422200930866666e-10,1,,Julio Daniel Silva
3740,8,49,1.0,0.0,0.006235385814497272,2.422200930866666e-10,1,incoming,Marius Horga
3691,8,49,1.0,0.0,0.006235385814497272,2.422200930866666e-10,1,,Marcos Lage
3560,8,49,1.0,0.0,0.006235385814497272,2.422200930866666e-10,1,incoming,Luis Ceferino
5900,8,49,1.0,0.0,0.006235385814497272,2.422200930866666e-10,1,,Usman R. Alim
1555,8,49,1.0,0.0,0.006235385814497272,2.422200930866666e-10,1,incoming,Ehud Sharlin
1721,8,49,1.0,0.0,0.006235385814497272,2.422200930866666e-10,1,,Fabio Miranda 0001
293,0,50,0.0,0.0,0.0,3.374018276126389e-34,1,incoming,Andrew M. McNutt
5932,4,51,0.9047619047619048,0.0,0.003507404520654716,5.562924929796364e-14,1,incoming,Vero Vanden Abeele
1942,5,51,0.9047619047619048,0.0,0.004008462309319675,6.798222489080823e-14,1,incoming,Georgia Panagiotidou
2674,5,51,0.9047619047619048,0.0,0.004008462309319675,6.798222489080823e-14,1,incoming,Jeroen Poblome
2324,6,51,0.9047619047619048,6.079744358909197e-07,0.004676539360872954,7.653621809290207e-14,1,incoming,Houda Lamqaddam
3306,6,51,0.9047619047619048,6.079744358909197e-07,0.004676539360872954,7.653621809290206e-14,1,incoming,Koenraad Brosens
3193,6,51,0.9047619047619048,6.079744358909197e-07,0.004676539360872954,7.653621809290206e-14,1,incoming,Katrien Verbert
305,6,51,0.9047619047619048,6.079744358909197e-07,0.004676539360872954,7.653621809290206e-14,5,incoming,Andrew Vande Moere
4279,4,52,1.0,0.0,0.003117692907248636,1.0055358040709464e-16,1,incoming,Nathalie Bressa
2265,4,52,1.0,0.0,0.003117692907248636,1.0055358040709464e-16,1,incoming,Henrik Korsgaard
460,4,52,1.0,0.0,0.003117692907248636,1.0055358040709464e-16,3,incoming,Aurélien Tabard
5528,4,52,1.0,0.0,0.003117692907248636,1.0055358040709464e-16,1,incoming,Steven Houben
2808,4,52,1.0,0.0,0.003117692907248636,1.0055358040709464e-16,1,,Jo Vermeulen
6477,5,53,1.0,0.0,0.003897116134060795,9.59243114085201e-15,1,incoming,Yuyu Luo
4256,5,53,1.0,0.0,0.003897116134060795,9.59243114085201e-15,1,incoming,Nan Tang 0001
2076,5,53,1.0,0.0,0.003897116134060795,9.59243114085201e-15,1,incoming,Guoliang Li 0001
2732,5,53,1.0,0.0,0.003897116134060795,9.59243114085201e-15,1,incoming,Jiawei Tang
849,5,53,1.0,0.0,0.003897116134060795,9.59243114085201e-15,1,incoming,Chengliang Chai
6251,5,53,1.0,0.0,0.003897116134060795,9.59243114085201e-15,1,incoming,Xuedi Qin
3057,4,54,1.0,0.0,0.003117692907248636,1.0055358040709464e-16,1,,Jun Han 0010
2188,4,54,1.0,0.0,0.003117692907248636,1.0055358040709464e-16,1,incoming,Hao Zheng 0006
1193,4,54,1.0,0.0,0.003117692907248636,1.0055358040709464e-16,1,incoming,Danny Ziyi Chen
813,4,54,1.0,0.0,0.003117692907248636,1.0055358040709464e-16,1,,Chaoli Wang 0001
6460,4,54,1.0,0.0,0.003117692907248636,1.0055358040709464e-16,1,incoming,Yunhao Xing
3575,2,55,1.0,0.0,0.001558846453624318,2.858767253414396e-22,1,,Lyn Bartram
3998,2,55,1.0,0.0,0.001558846453624318,2.858767253414396e-22,1,,Michael Correll
3959,2,55,1.0,0.0,0.001558846453624318,2.858767253414396e-22,1,,Melanie Tory
5682,0,56,0.0,0.0,0.0,3.374018276126389e-34,1,,Theophanis Tsandilas
5678,5,57,1.0,0.0,0.003897116134060795,9.59243114085201e-15,1,incoming,Theo Jaunet
1064,5,57,1.0,0.0,0.003897116134060795,9.59243114085201e-15,1,incoming,Corentin Kervadec
5032,5,57,1.0,0.0,0.003897116134060795,9.59243114085201e-15,1,,Romain Vuillemot
2040,5,57,1.0,0.0,0.003897116134060795,9.59243114085201e-15,1,incoming,Grigory Antipov
4194,5,57,1.0,0.0,0.003897116134060795,9.59243114085201e-15,1,incoming,Moez Baccouche
930,5,57,1.0,0.0,0.003897116134060795,9.59243114085201e-15,1,incoming,Christian Wolf 0001
3941,3,58,0.8571428571428571,0.0,0.003471976192163254,5.000573518004867e-13,1,incoming,Md. Amiruzzaman
652,6,58,0.8571428571428571,0.0,0.004773967264224474,9.666604323429519e-13,1,incoming,Boyu Wang 0001
4169,6,58,0.8571428571428571,0.0,0.004773967264224474,9.666604323429519e-13,1,incoming,Minh Hoai
3265,6,58,0.8571428571428571,0.0,0.004773967264224474,9.666604323429519e-13,1,incoming,Kevin G. Yager
6015,6,58,0.8571428571428571,0.0,0.004773967264224474,9.666604323429519e-13,1,,Wei Xu 0020
5582,7,58,0.8571428571428571,1.6212651623757858e-06,0.005455962587685113,1.035967562249596e-12,1,incoming,Suphanut Jamonnak
6304,7,58,0.8571428571428571,1.6212651623757858e-06,0.005455962587685113,1.035967562249596e-12,1,,Ye Zhao 0003
6230,7,58,0.8571428571428571,1.6212651623757858e-06,0.005455962587685113,1.035967562249596e-12,1,incoming,Xinyi Huang
909,0,59,0.0,0.0,0.0,3.374018276126389e-34,3,incoming,Christian Heine 0002
4520,0,60,0.0,0.0,0.0,3.374018276126389e-34,1,incoming,Paul Parsons
4292,2,61,0.8333333333333334,0.0,0.001753702260327358,1.8011383622467066e-20,1,incoming,Nathan van Beusekom
3929,2,61,0.8333333333333334,0.0,0.001753702260327358,1.8011383622467066e-20,1,,Max Sondag
6137,3,61,0.8333333333333334,6.079744358909197e-07,0.002338269680436477,2.306855519035471e-20,1,,Wouter Meulemans
581,3,61,0.8333333333333334,6.079744358909197e-07,0.002338269680436477,2.306855519035471e-20,1,,Bettina Speckmann
5250,1,62,1.0,0.0,0.000779423226812159,1.1321326681304015e-26,1,incoming,Sebastian Weiss
5114,1,62,1.0,0.0,0.000779423226812159,1.1321326681304015e-26,1,,Rüdiger Westermann
4965,2,63,0.6666666666666666,0.0,0.0035630776082841552,1.2134418796147748e-13,3,incoming,Robert Kosara
765,2,63,0.6666666666666666,0.0,0.0035630776082841552,1.2134418796147748e-13,1,incoming,Carmen Hull
3626,6,63,0.6666666666666666,0.0,0.004988308651597818,5.795406597136912e-13,1,,Mai El-Shehaly
4845,6,63,0.6666666666666666,0.0,0.004988308651597818,5.795406597136912e-13,1,incoming,Rebecca Randell
3579,6,63,0.6666666666666666,0.0,0.004988308651597818,5.795406597136912e-13,1,incoming,Lynn McVey
4277,6,63,0.6666666666666666,0.0,0.004988308651597818,5.795406597136912e-13,1,incoming,Natasha Alvarado
885,6,63,0.6666666666666666,0.0,0.004988308651597818,5.795406597136912e-13,1,incoming,Chris Gale
5066,6,63,0.6666666666666666,0.0,0.004988308651597818,5.795406597136912e-13,3,incoming,Roy A. Ruddle
3890,8,63,0.6666666666666666,1.4591386461382073e-05,0.006235385814497272,6.139190943270354e-13,1,,Matthew Brehmer
5345,3,64,1.0,0.0,0.002338269680436477,3.7988068627760123e-19,1,,Shreeraj Jadhav
1890,3,64,1.0,0.0,0.002338269680436477,3.7988068627760123e-19,1,incoming,Gaofeng Deng
3804,3,64,1.0,0.0,0.002338269680436477,3.7988068627760123e-19,1,incoming,Marlene Zawin
405,3,64,1.0,0.0,0.002338269680436477,3.7988068627760123e-19,0,,Arie E. Kaufman
1961,1,65,0.6666666666666666,0.0,0.0014029618082618863,6.201469864585673e-22,1,incoming,Ghulam Jilani Quadri
2141,2,65,0.6666666666666666,0.0,0.001753702260327358,1.1501479678657865e-21,1,incoming,Hamza Elhamdadi
5306,2,65,0.6666666666666666,0.0,0.001753702260327358,1.1501479678657865e-21,1,incoming,Shaun J. Canavan
4521,3,65,0.6666666666666666,2.4318977435636788e-06,0.002338269680436477,1.345772594887177e-21,1,,Paul Rosen 0001
6367,2,66,1.0,0.0,0.001558846453624318,2.858767253414396e-22,1,incoming,Yngve Sekse Kristiansen
3389,2,66,1.0,0.0,0.001558846453624318,2.858767253414396e-22,1,incoming,Laura A. Garrison
5434,2,66,1.0,0.0,0.001558846453624318,2.858767253414396e-22,1,,Stefan Bruckner
2065,8,67,1.0,0.0,0.006235385814497272,2.422200930866666e-10,1,incoming,Guizhen Wang
2790,8,67,1.0,0.0,0.006235385814497272,2.422200930866666e-10,1,incoming,Jingjing Guo
4158,8,67,1.0,0.0,0.006235385814497272,2.422200930866666e-10,1,,MingJie Tang
2980,8,67,1.0,0.0,0.006235385814497272,2.422200930866666e-10,1,incoming,Jose Florencio de Queiroz Neto
748,8,67,1.0,0.0,0.006235385814497272,2.422200930866666e-10,1,incoming,Calvin Yau
227,8,67,1.0,0.0,0.006235385814497272,2.422200930866666e-10,1,incoming,Anas Daghistani
4217,8,67,1.0,0.0,0.006235385814497272,2.422200930866666e-10,1,,Morteza Karimzadeh
5990,8,67,1.0,0.0,0.006235385814497272,2.422200930866666e-10,1,incoming,Walid G. Aref
1306,8,67,1.0,0.0,0.006235385814497272,2.422200930866666e-10,0,,David S. Ebert
2728,6,68,1.0,0.0,0.004676539360872954,4.524790032285811e-13,1,incoming,Jiansu Pu
2347,6,68,1.0,0.0,0.004676539360872954,4.524790032285811e-13,1,incoming,Hui Shao
649,6,68,1.0,0.0,0.004676539360872954,4.524790032285811e-13,1,incoming,Boyang Gao
6529,6,68,1.0,0.0,0.004676539360872954,4.524790032285811e-13,1,incoming,Zhengguo Zhu
6284,6,68,1.0,0.0,0.004676539360872954,4.524790032285811e-13,1,incoming,Yanlin Zhu
6457,6,68,1.0,0.0,0.004676539360872954,4.524790032285811e-13,1,incoming,Yunbo Rao
6372,6,68,1.0,0.0,0.004676539360872954,4.524790032285811e-13,1,incoming,Yong Xiang
648,1,69,1.0,0.0,0.000779423226812159,1.1321326681304015e-26,1,incoming,Boyan Zheng
1781,1,69,1.0,0.0,0.000779423226812159,1.1321326681304015e-26,1,,Filip Sadlo
361,1,70,0.6666666666666666,0.0,0.0014029618082618863,6.201469864585673e-22,1,incoming,Annemieke Verbraeck
3780,2,70,0.6666666666666666,0.0,0.001753702260327358,1.1501479678657865e-21,1,incoming,Mark van de Ruit
3783,2,70,0.6666666666666666,0.0,0.001753702260327358,1.1501479678657865e-21,1,incoming,Markus Billeter
1597,3,70,0.6666666666666666,2.4318977435636788e-06,0.002338269680436477,1.345772594887177e-21,1,,Elmar Eisemann
5326,3,71,0.7333333333333333,0.0,0.0027836543814719963,3.5852558045370046e-17,1,,Shih-Hsuan Hung
2221,3,71,0.7333333333333333,0.0,0.0027836543814719963,3.5852558045370046e-17,1,,Harry Yeh
644,3,71,0.7333333333333333,0.0,0.0027836543814719963,3.585255804537005e-17,1,,Botong Qu
3415,3,71,0.7333333333333333,0.0,0.0027836543814719963,3.585255804537005e-17,1,,Lawrence Roy
6432,5,71,0.7333333333333333,2.4318977435636788e-06,0.003897116134060795,5.0703173833530945e-17,1,,Yue Zhang 0009
1691,5,71,0.7333333333333333,2.4318977435636788e-06,0.003897116134060795,5.0703173833530945e-17,1,,Eugene Zhang
2683,5,72,1.0,0.0,0.003897116134060795,9.59243114085201e-15,1,incoming,Jessica Magallanes
5846,5,72,1.0,0.0,0.003897116134060795,9.59243114085201e-15,1,incoming,Tony Stone
4504,5,72,1.0,0.0,0.003897116134060795,9.59243114085201e-15,1,incoming,Paul D. Morris
5602,5,72,1.0,0.0,0.003897116134060795,9.59243114085201e-15,1,incoming,Suzanne Mason
5545,5,72,1.0,0.0,0.003897116134060795,9.59243114085201e-15,1,incoming,Steven Wood
3716,5,72,1.0,0.0,0.003897116134060795,9.59243114085201e-15,1,incoming,Maria-Cruz Villa-Uriol
4548,2,73,0.8,0.0,0.002435697583787997,1.4214103176693273e-16,1,,Peiying Zhang
1919,4,73,0.8,0.0,0.003247596778383996,2.7127373018811556e-16,1,incoming,George Baciu
6464,4,73,0.8,0.0,0.003247596778383996,2.7127373018811556e-16,1,incoming,Yunzhe Wang
3073,4,73,0.8,0.0,0.003247596778383996,2.7127373018811556e-16,1,incoming,Junjie Chen
854,5,73,0.8,1.823923307672759e-06,0.003897116134060795,2.986008065473464e-16,1,,Chenhui Li
803,5,73,0.8,1.823923307672759e-06,0.003897116134060795,2.986008065473464e-16,1,,Changbo Wang
5908,1,74,1.0,0.0,0.000779423226812159,1.1321326681304015e-26,1,incoming,Vaclav Pavlovec
3363,1,74,1.0,0.0,0.000779423226812159,1.1321326681304015e-26,1,,Ladislav Cmolík
3273,8,75,1.0,0.0,0.006235385814497272,2.422200930866666e-10,1,incoming,Kevin T. Maher
6496,8,75,1.0,0.0,0.006235385814497272,2.422200930866666e-10,1,incoming,Ze-Yuan Huang
2715,8,75,1.0,0.0,0.006235385814497272,2.422200930866666e-10,1,incoming,Jian-Cheng Song
6179,8,75,1.0,0.0,0.006235385814497272,2.422200930866666e-10,1,incoming,Xiaoming Deng 0001
6409,8,75,1.0,0.0,0.006235385814497272,2.422200930866666e-10,1,incoming,Yu-Kun Lai
1082,8,75,1.0,0.0,0.006235385814497272,2.422200930866666e-10,3,incoming,CuiXia Ma
2185,8,75,1.0,0.0,0.006235385814497272,2.422200930866666e-10,1,incoming,Hao Wang 0005
6375,8,75,1.0,0.0,0.006235385814497272,2.422200930866666e-10,1,incoming,Yong-Jin Liu
2309,8,75,1.0,0.0,0.006235385814497272,2.422200930866666e-10,3,incoming,Hongan Wang
4058,2,76,0.6,0.0,0.002078461938165757,1.8011383622467063e-20,1,incoming,Michael Oppermann
4964,2,76,0.6,0.0,0.002078461938165757,1.8011383622467063e-20,3,incoming,Robert Kincaid
5490,2,76,0.6,0.0,0.002078461938165757,1.8011383622467063e-20,1,incoming,Stephen Kasica
822,2,76,0.6,0.0,0.002078461938165757,1.8011383622467063e-20,1,incoming,Charles Berret
5644,4,76,0.6,4.8637954871273575e-06,0.003117692907248636,2.812572675824234e-20,1,,Tamara Munzner
5796,4,77,1.0,0.0,0.003117692907248636,1.0055358040709464e-16,1,incoming,Tinghao Feng
2788,4,77,1.0,0.0,0.003117692907248636,1.0055358040709464e-16,1,,Jing Yang 0001
3808,4,77,1.0,0.0,0.003117692907248636,1.0055358040709464e-16,1,incoming,Martha-Cary Eppes
6516,4,77,1.0,0.0,0.003117692907248636,1.0055358040709464e-16,1,incoming,Zhaocong Yang
1747,4,77,1.0,0.0,0.003117692907248636,1.0055358040709464e-16,1,incoming,Faye Moser
331,3,78,1.0,0.0,0.002338269680436477,3.7988068627760123e-19,1,incoming,Angelos Chatzimparmpas
4766,3,78,1.0,0.0,0.002338269680436477,3.7988068627760123e-19,1,incoming,Rafael Messias Martins
3317,3,78,1.0,0.0,0.002338269680436477,3.7988068627760123e-19,1,incoming,Kostiantyn Kucher
258,3,78,1.0,0.0,0.002338269680436477,3.7988068627760123e-19,1,,Andreas Kerren
2989,2,79,1.0,0.0,0.001558846453624318,2.858767253414396e-22,1,incoming,Joseph F. DeRose
2737,2,79,1.0,0.0,0.001558846453624318,2.858767253414396e-22,1,incoming,Jiayao Wang
3889,2,79,1.0,0.0,0.001558846453624318,2.858767253414396e-22,1,,Matthew Berger
5247,2,80,0.7435897435897436,0.0,0.005101679302770495,4.403531317736065e-09,1,incoming,Sebastian Mazza
1169,2,80,0.7435897435897436,0.0,0.005101679302770495,4.403531317736065e-09,3,incoming,Daniel Patel
4318,10,80,0.7435897435897436,0.0,0.00801692461863935,3.892304274797403e-08,1,incoming,Ngan V. T. Nguyen
4422,10,80,0.7435897435897436,0.0,0.00801692461863935,3.892304274797403e-08,1,incoming,Ondrej Strnad
5809,10,80,0.7435897435897436,0.0,0.00801692461863935,3.892304274797403e-08,1,,Tobias Klein
1353,10,80,0.7435897435897436,0.0,0.00801692461863935,3.892304274797403e-08,1,incoming,Deng Luo
5099,10,80,0.7435897435897436,0.0,0.00801692461863935,3.892304274797403e-08,1,incoming,Ruwayda Alharbi
4602,10,80,0.7435897435897436,0.0,0.00801692461863935,3.892304274797403e-08,3,incoming,Peter Wonka
3844,10,80,0.7435897435897436,0.0,0.00801692461863935,3.892304274797403e-08,1,incoming,Martina Maritan
4589,10,80,0.7435897435897436,0.0,0.00801692461863935,3.892304274797403e-08,1,,Peter Mindek
3558,10,80,0.7435897435897436,0.0,0.00801692461863935,3.892304274797403e-08,1,,Ludovic Autin
1307,10,80,0.7435897435897436,0.0,0.00801692461863935,3.892304274797403e-08,3,,David S. Goodsell
2430,12,80,0.7435897435897436,2.431897743563679e-05,0.009353078721745909,3.972219318773858e-08,1,,Ivan Viola
538,2,81,1.0,0.0,0.001558846453624318,2.858767253414396e-22,1,incoming,Benjamin Karer
2161,2,81,1.0,0.0,0.001558846453624318,2.858767253414396e-22,0,,Hans Hagen
1425,2,81,1.0,0.0,0.001558846453624318,2.858767253414396e-22,1,,Dirk J. Lehmann
3394,2,82,1.0,0.0,0.001558846453624318,2.858767253414396e-22,1,incoming,Laura J. Perovich
5174,2,82,1.0,0.0,0.001558846453624318,2.858767253414396e-22,1,incoming,Sara Ann Wylie
5059,2,82,1.0,0.0,0.001558846453624318,2.858767253414396e-22,1,incoming,Roseann Bongiovanni
5656,1,83,1.0,0.0,0.000779423226812159,1.1321326681304015e-26,1,incoming,Tariq Yousef
5440,1,83,1.0,0.0,0.000779423226812159,1.1321326681304015e-26,1,,Stefan Jänicke
1437,1,84,1.0,0.0,0.000779423226812159,1.1321326681304015e-26,1,incoming,Dominik Engel
5780,1,84,1.0,0.0,0.000779423226812159,1.1321326681304015e-26,1,,Timo Ropinski
