node,centrality,community,density,betwness,closeness,eign,volatility,type,name
414,1,0,0.09477971121806739,0.0,0.11381335077362136,0.00018248099416267308,2,incoming,Arlind Nocaj
631,1,0,0.09477971121806739,0.0,0.11381335077362136,0.00018248099416267308,2,outandin,Bobo Nick
2420,2,0,0.09477971121806739,0.0,0.11591462134898896,8.231231585115508e-06,2,incoming,Ismail Demir
4779,2,0,0.09477971121806739,0.0,0.11591462134898896,8.231231585115508e-06,2,outgoing,Rainer Burgkart
5023,2,0,0.09477971121806739,0.0,0.11591462134898896,8.203665327432133e-06,2,outgoing,Roland Fraedrich
5431,2,0,0.09477971121806739,0.0,0.11591462134898896,8.203665327432133e-06,2,outandin,Stefan Auer
902,3,0,0.09477971121806739,4.181192827414576e-07,0.11593134301969711,8.680761329488933e-06,2,outgoing,Christian Dick
5727,3,0,0.09477971121806739,0.0,0.12126694881734426,4.4877228657308946e-05,4,outandin,Thomas Nocke
3616,3,0,0.09477971121806739,0.0,0.12126694881734426,4.4877228657308946e-05,3,outandin,Magnus Heitzler
1032,3,0,0.09477971121806739,0.0,0.11255407140231659,3.74200398083403e-05,2,outandin,Clemens H. Cap
5768,3,0,0.09477971121806739,0.0,0.11255407140231659,3.74200398083403e-05,2,outandin,Till Wollenberg
4095,3,0,0.09477971121806739,0.0,0.13508758947933105,0.0031403880966080744,2,outandin,Michael Zinsmaier
3022,3,0,0.09477971121806739,0.0,0.11679059290983003,3.111362402495365e-05,2,outandin,Judith Muehl
1789,3,0,0.09477971121806739,0.0,0.1265369343115321,9.548180789460851e-06,2,,Florian Ferstl
5724,4,0,0.09477971121806739,0.0,0.14699763486602166,0.00028911125107463465,2,incoming,Thomas Mühlbacher
5458,4,0,0.09477971121806739,0.00038283315600791607,0.12128525049993065,4.660730233275526e-05,2,outandin,Steffen Hadlak
5063,4,0,0.09477971121806739,2.7874618849430505e-07,0.11680756828670646,3.7307653789506576e-05,2,outandin,Rostislav Khlebnikov
575,4,0,0.09477971121806739,2.7874618849430505e-07,0.11680756828670646,3.7307653789506576e-05,2,outandin,Bernhard Kainz
3169,4,0,0.09477971121806739,0.0,0.12916040980593704,0.00012784040862068655,2,outandin,Karl Kashofer
2366,5,0,0.09477971121806739,0.0,0.12858177117000646,7.770115807249783e-05,2,outandin,Hyungsuk Choi
6136,5,0,0.09477971121806739,0.0,0.12858177117000646,7.770115807249783e-05,2,outandin,Woohyuk Choi
5857,5,0,0.09477971121806739,0.0,0.12858177117000646,7.770115807249783e-05,2,incoming,Tran Minh Quan
1245,5,0,0.09477971121806739,0.0,0.12858177117000646,7.770115807249783e-05,2,outandin,David G. C. Hildebrand
5894,5,0,0.09477971121806739,0.0018623032853304522,0.13513301997856741,0.003160311161762363,2,,Ulrik Brandes
3669,5,0,0.09477971121806739,0.0,0.11596480083875042,1.0173114601412972e-05,2,outandin,Marc Treib
1802,5,0,0.09477971121806739,0.0,0.11596480083875042,1.0173114601412972e-05,2,outandin,Florian Reichl
829,5,0,0.09477971121806739,0.0,0.11596480083875042,1.0173114601412972e-05,2,outandin,Charles Meneveau
127,5,0,0.09477971121806739,0.0,0.11596480083875042,1.0173114601412972e-05,2,outandin,Alex Szalay
4356,6,0,0.09477971121806739,3.814126678795915e-05,0.14173475658069495,0.0004805782417678988,1,incoming,Nils Gehlenborg
171,6,0,0.09477971121806739,0.0,0.14294487189835298,0.00037004703763638297,2,incoming,Ali K. Al-Awami
1154,6,0,0.09477971121806739,0.0,0.12860234754561375,0.00014060446809965567,2,incoming,Daniel Haehn
5274,6,0,0.09477971121806739,0.0,0.12860234754561375,0.00014060446809965567,2,outandin,Seymour Knowles-Barley
4130,6,0,0.09477971121806739,0.0,0.12860234754561375,0.00014060446809965567,2,outandin,Mike Roberts 0001
473,6,0,0.09477971121806739,0.0,0.12860234754561375,7.766521216987573e-05,2,outandin,Azalea A. Vo
6594,6,0,0.09477971121806739,0.0,0.12860234754561375,7.766521216987573e-05,2,incoming,Zoya Bylinskii
4643,6,0,0.09477971121806739,0.0,0.12860234754561375,7.766521216987573e-05,2,outandin,Phillip Isola
5302,6,0,0.09477971121806739,0.0,0.12860234754561375,7.766521216987573e-05,2,outandin,Shashank Sunkavalli
453,6,0,0.09477971121806739,0.0,0.12860234754561375,7.766521216987573e-05,2,incoming,Aude Oliva
838,6,0,0.09477971121806739,0.0,0.12860234754561375,7.941651585221457e-05,2,incoming,Chelsea S. Yeh
3607,6,0,0.09477971121806739,0.0,0.12860234754561375,7.941651585221457e-05,2,outandin,Madelaine Boyd
4588,6,0,0.09477971121806739,0.0,0.12860234754561375,7.941651585221457e-05,2,outandin,Peter Macko
3706,6,0,0.09477971121806739,0.0,0.12860234754561375,7.941651585221457e-05,2,outandin,Margo I. Seltzer
3798,6,0,0.09477971121806739,0.0002998794470101979,0.12993307515158292,0.0001134527066570127,2,outandin,Markus Steinberger
1356,7,0,0.09477971121806739,0.0,0.13243837669949576,0.00023311444314445449,2,outandin,Denis Kalkofen
3126,7,0,0.09477971121806739,0.0007237764425039357,0.12661668029187653,1.1770674068218022e-05,2,,Kai Bürger
202,7,0,0.09477971121806739,0.0,0.12862293050776896,8.53818142565127e-05,2,outandin,Amanda Randles
1413,7,0,0.09477971121806739,0.0,0.12862293050776896,8.53818142565127e-05,2,outandin,Dimitrios Mitsouras
5394,7,0,0.09477971121806739,0.0,0.12862293050776896,8.53818142565127e-05,2,outandin,Simone Melchionna
1826,7,0,0.09477971121806739,0.0,0.12862293050776896,8.53818142565127e-05,2,outandin,Frank J. Rybicki
828,7,0,0.09477971121806739,0.0,0.12862293050776896,8.53818142565127e-05,2,outandin,Charles L. Feldman
3646,8,0,0.09477971121806739,0.0034371146589080555,0.13213352019278862,0.00012178173771132804,1,incoming,Manuela Waldner
357,8,0,0.09477971121806739,2.7710101843229814e-05,0.13602506259521674,0.00042939238901216516,2,outandin,Anne Mai Wassermann
2170,8,0,0.09477971121806739,0.010894129037790114,0.13648710424805374,0.00016828250832036268,2,incoming,Hans-Jörg Schulz
2660,8,0,0.09477971121806739,0.0,0.1319816176404238,0.00012709351368416795,1,,Jens Schneider 0002
5486,8,0,0.09477971121806739,0.0,0.1319816176404238,0.00012709351368416795,2,outandin,Stephen G. Turney
583,8,0,0.09477971121806739,0.0,0.1319816176404238,0.00012709351368416795,2,outandin,Beverly E. Faulkner-Jones
1440,8,0,0.09477971121806739,0.0,0.1319816176404238,0.00012709351368416795,2,outandin,Dominik Meyer
4737,8,0,0.09477971121806739,0.0,0.1319816176404238,0.00012709351368416795,2,outandin,R. Clay Reid
5032,9,0,0.09477971121806739,0.015061825926967021,0.15229032969727882,0.002029384252952605,1,,Romain Vuillemot
4269,9,0,0.09477971121806739,0.0003256204905823474,0.14302119056994844,0.00039307782140347966,2,incoming,Narayanan Kasthuri
2239,9,0,0.09477971121806739,0.011218930600338125,0.13331719804454883,0.0005640233545300652,1,,Heidrun Schumann
2841,10,0,0.09477971121806739,0.0003509126084527644,0.14304664824003924,0.00040411413382843484,1,,Johanna Beyer
915,10,0,0.09477971121806739,0.0008454348809082831,0.13834327247590641,0.0004455591487049678,2,outandin,Christian Partl
5145,11,0,0.09477971121806739,0.0016644985037172248,0.14956934111530623,0.00048338298583495016,1,incoming,Samuel Gratzl
3336,11,0,0.09477971121806739,5.574923769886102e-06,0.1287053282851602,0.00010272745742144621,2,outandin,Krzysztof Z. Gajos
138,14,0,0.09477971121806739,0.0038217525743631615,0.14519170186315092,0.0005954231914696968,1,incoming,Alexander Lex
6133,14,0,0.09477971121806739,0.0017650198454114722,0.1424886648603795,0.00020211984393728766,2,,Won-Ki Jeong
1405,15,0,0.09477971121806739,0.004314494757863124,0.1393024908671417,0.0004641744393810924,4,outandin,Dieter Schmalstieg
2259,16,0,0.09477971121806739,0.016901846058071487,0.15610646266754863,0.0035954814514121405,1,,Hendrik Strobelt
3668,16,0,0.09477971121806739,0.011292677520362525,0.1553520335999498,0.0007086705284684368,2,incoming,Marc Streit
2628,16,0,0.09477971121806739,0.0026056317685198083,0.1458240010547161,0.0004461204920694056,2,incoming,Jeff Lichtman
4106,16,0,0.09477971121806739,2.6480887906958984e-05,0.128808474084395,0.00012393120969664514,1,incoming,Michelle Borkin
5114,20,0,0.09477971121806739,0.014837493956348046,0.13808179893686262,0.00013382576020148557,1,,Rüdiger Westermann
2182,48,0,0.09477971121806739,0.0339431055710748,0.15634942992461875,0.0009102031459505488,0,,Hanspeter Pfister
6479,1,1,0.10168350168350168,0.0,0.12669652685047145,2.524241750139655e-06,2,outandin,Yuzuru Tanahashi
4293,1,1,0.10168350168350168,0.0,0.12669652685047145,2.524241750139655e-06,2,outgoing,Nathaniel Fout
795,1,1,0.10168350168350168,0.0,0.12669652685047145,2.524241750139655e-06,2,outgoing,Chad Jones
4584,2,1,0.10168350168350168,0.0,0.1130607864114435,2.0952473738366645e-07,1,,Peter Lindstrom 0001
1839,2,1,0.10168350168350168,0.0,0.12671650422777364,2.6879899197961507e-06,2,outandin,Franz Sauer
2310,2,1,0.10168350168350168,0.0,0.12671650422777364,2.6879899197961507e-06,2,outgoing,Hongfeng Yu 0001
5655,2,1,0.10168350168350168,0.0,0.12671650422777364,2.6879899197961507e-06,1,,Tarik Crnovrsanin
891,2,1,0.10168350168350168,0.0,0.12671650422777364,2.6879899197961507e-06,2,outgoing,Chris Muelder
6424,2,1,0.10168350168350168,0.0,0.12671650422777364,2.6879899197961507e-06,2,outandin,Yubo Zhang 0001
6021,2,1,0.10168350168350168,0.0,0.12671650422777364,2.6879899197961507e-06,2,outandin,Wei-Hsien Hsu
2072,2,1,0.10168350168350168,0.0,0.13232933802281252,5.2198349130432685e-06,2,outandin,Guo-Xun Yuan
353,2,1,0.10168350168350168,0.0,0.1287259442275413,2.7010004021412885e-06,2,outgoing,Anna Tikhonova
6408,2,1,0.10168350168350168,0.0,0.1287259442275413,2.7010004021412885e-06,2,outgoing,Yu-Hsuan Chan
5833,3,1,0.10168350168350168,0.0,0.11250679963776289,1.1782059821846124e-06,2,incoming,Tom Polk
2806,3,1,0.10168350168350168,0.0,0.12673648790609374,2.8746592199629627e-06,2,outandin,Jishang Wei
6504,3,1,0.10168350168350168,0.0,0.12673648790609374,2.8746592199629627e-06,2,outgoing,Zeqian Shen
4304,3,1,0.10168350168350168,0.0,0.12673648790609374,2.8746592199629627e-06,2,outandin,Neel Sundaresan
3016,3,1,0.10168350168350168,0.0,0.12673648790609374,2.8746592199629627e-06,1,incoming,Joyce Ma
2415,3,1,0.10168350168350168,0.0,0.12673648790609374,2.8746592199629627e-06,2,outandin,Isaac Liao
2647,3,1,0.10168350168350168,0.0,0.12673648790609374,2.8746592199629627e-06,1,incoming,Jennifer Frazier
847,3,1,0.10168350168350168,0.0,0.1267964767769865,2.87714306174443e-06,2,outandin,Cheng-Kai Chen
888,3,1,0.10168350168350168,0.0,0.1267964767769865,2.87714306174443e-06,2,outandin,Chris Ho
204,3,1,0.10168350168350168,0.0,0.1079140687273453,2.0241074939356564e-07,2,outandin,Amel Guetat
156,3,1,0.10168350168350168,0.0,0.1079140687273453,2.0241074939356564e-07,2,outandin,Alexandre Ancel
2620,3,1,0.10168350168350168,0.0,0.1079140687273453,2.0241074939356564e-07,2,outandin,Jean-Michel Dischler
6270,4,1,0.10168350168350168,0.0,0.11252255248005326,1.2573154440346948e-06,1,incoming,Yang Chen
2489,4,1,0.10168350168350168,0.0,0.11252255248005326,1.2573154440346948e-06,2,outgoing,Jamal Alsakran
1056,5,1,0.10168350168350168,0.0,0.13281045609197495,4.857458301356894e-06,1,incoming,Cong Xie
6228,5,1,0.10168350168350168,0.0,0.13281045609197495,4.857458301356894e-06,2,incoming,Xinxin Huang
6423,5,1,0.10168350168350168,0.0,0.11250679963776289,6.641455384573817e-07,2,outandin,Yubo Tao
2113,5,1,0.10168350168350168,0.0,0.11250679963776289,6.641455384573817e-07,2,outandin,Hai Lin 0003
1763,5,1,0.10168350168350168,0.0,0.11250679963776289,6.641455384573817e-07,4,outandin,Feng Dong 0005
811,5,1,0.10168350168350168,0.0,0.11250679963776289,6.641455384573817e-07,2,outandin,Chao Wang 0063
1991,5,1,0.10168350168350168,0.0,0.11250679963776289,6.641455384573817e-07,4,outandin,Gordon Clapworthy
761,5,1,0.10168350168350168,0.022725163346978317,0.1309066736948266,2.8990387704457243e-06,2,outgoing,Carlos D. Correa
5557,6,1,0.10168350168350168,0.002789691854451005,0.1268565224644894,2.9122791089647355e-06,2,outgoing,Stéphane Marchesin
2118,7,1,0.10168350168350168,0.0,0.1404712584884706,8.77644020816886e-06,2,outandin,Haidong Chen
2312,7,1,0.10168350168350168,0.0,0.1404712584884706,8.776440208168862e-06,2,incoming,Honghui Mei
6558,7,1,0.10168350168350168,0.0,0.1404712584884706,8.776440208168862e-06,2,outandin,Zhiqi Liu
3340,7,1,0.10168350168350168,0.0,0.1404712584884706,8.776440208168862e-06,3,outandin,Kun Zhou
6051,7,1,0.10168350168350168,0.0,0.1404712584884706,8.776440208168862e-06,2,outandin,Wentao Gu
6435,7,1,0.10168350168350168,0.00029158715114428925,0.13285436763308653,5.423656899484936e-06,2,outandin,Yueqi Hu
6023,8,1,0.10168350168350168,0.0006929924485911239,0.14061873487533513,9.253835791659771e-06,2,incoming,Weifeng Chen 0002
1754,8,1,0.10168350168350168,0.0,0.13307436161823818,7.836300792989823e-06,2,incoming,Fei Wang 0016
1756,8,1,0.10168350168350168,0.0,0.13307436161823818,7.836300792989823e-06,2,incoming,Feiran Wu
2143,8,1,0.10168350168350168,0.0,0.13307436161823818,7.836300792989823e-06,2,outandin,Han Hong
5762,8,1,0.10168350168350168,0.0,0.13307436161823818,7.836300792989823e-06,2,outandin,Tianyu Gu
3521,8,1,0.10168350168350168,0.0,0.13307436161823818,7.836300792989823e-06,2,outandin,Long Wang
5201,8,1,0.10168350168350168,0.000582756183005831,0.13287633429440152,5.4985480238637044e-06,2,outgoing,Scott Barlowe
2788,9,1,0.10168350168350168,0.0008747614534328542,0.13289830822102536,5.564524344207084e-06,1,,Jing Yang 0001
5050,13,1,0.10168350168350168,0.00133380631838171,0.1408158524290416,2.288625983174462e-05,2,outandin,Ronghua Liang
6304,14,1,0.10168350168350168,0.0010557020789391438,0.1332067080743478,8.961408346452636e-06,1,,Ye Zhao 0003
2355,14,1,0.10168350168350168,0.004645165858163347,0.1332067080743478,8.545107313311691e-06,2,outandin,Hujun Bao
6008,29,1,0.10168350168350168,0.05344062186454997,0.16254774874849118,6.13659574026225e-05,1,,Wei Chen 0001
3348,33,1,0.10168350168350168,0.06739181072214352,0.15368829026822345,4.171403636663317e-05,0,,Kwan-Liu Ma
4138,2,2,0.13649122807017544,0.0,0.1409393317805227,0.03220556209333015,2,outandin,Milos Krstajic
1745,3,2,0.13649122807017544,0.0,0.12610012079280408,0.021473787184900846,2,outandin,Fatih Korkmaz
3480,3,2,0.13649122807017544,0.0,0.12610012079280408,0.021473787184900846,2,outandin,Lin Shao 0001
2226,3,2,0.13649122807017544,0.0,0.1268965845274815,0.0204542173919102,2,outandin,Hartmut Ziegler
3686,3,2,0.13649122807017544,0.0,0.1268965845274815,0.0204542173919102,2,outandin,Marco Jenny
5801,3,2,0.13649122807017544,0.0,0.1268965845274815,0.0204542173919102,2,outandin,Tino Gruse
1184,3,2,0.13649122807017544,0.0,0.1268965845274815,0.024190330307968674,2,,Daniela Oelke
1319,3,2,0.13649122807017544,0.0,0.1268965845274815,0.024190330307968674,2,outandin,David Spretke
370,4,2,0.13649122807017544,0.0,0.13639444497836734,0.01707046255026973,2,incoming,Anshul Vikram Pandey
339,4,2,0.13649122807017544,0.0,0.13639444497836734,0.01707046255026973,2,outandin,Anjali Manivannan
4392,4,2,0.13649122807017544,0.0,0.13639444497836734,0.01707046255026973,2,outandin,Oded Nov
3703,4,2,0.13649122807017544,0.0,0.13639444497836734,0.01707046255026973,2,outandin,Margaret Satterthwaite
2847,4,2,0.13649122807017544,0.0,0.1494858760812017,0.030411360194041438,2,incoming,Johannes Fuchs 0001
4401,4,2,0.13649122807017544,0.0,0.11737053743428368,0.004858477788529373,2,outandin,Olav Lenz
1827,4,2,0.13649122807017544,0.0,0.11737053743428368,0.004858477788529373,2,outandin,Frank Keul
3715,4,2,0.13649122807017544,0.0,0.12778439653562415,0.0037708754333414174,2,outandin,Maria Tekusova
247,4,2,0.13649122807017544,0.0,0.11366846814887417,0.009012466126488705,2,outandin,Andreas Bannach
1914,5,2,0.13649122807017544,0.0,0.13191662340980637,0.04186911327977974,2,,Geoffrey P. Ellis
3645,5,2,0.13649122807017544,0.0,0.13474783196051984,0.047091057169730326,2,incoming,Manuel Stein
4361,5,2,0.13649122807017544,0.0,0.1261595086047944,0.024287751764722386,2,outandin,Nils Wilhelm
614,5,2,0.13649122807017544,0.0,0.1261595086047944,0.024287751764722386,2,outandin,Björn Krüger
3820,5,2,0.13649122807017544,0.0,0.13146344999387213,0.022288471269488623,2,outandin,Martin Hess
4634,5,2,0.13649122807017544,0.0,0.13146344999387213,0.022288471269488623,2,outandin,Philipp Weil
233,6,2,0.13649122807017544,0.0,0.14371174352870894,0.06920801126207991,2,outgoing,Andrada Tatu
2399,6,2,0.13649122807017544,0.0,0.14371174352870894,0.06920801126207991,2,outandin,Ines Färber
5739,6,2,0.13649122807017544,0.0,0.14371174352870894,0.06920801126207991,3,outandin,Thomas Seidl 0001
3582,6,2,0.13649122807017544,0.0,0.13150647517796438,0.02486505371348232,2,outandin,Lyubka Sharalieva
1840,6,2,0.13649122807017544,0.0,0.13150647517796438,0.02486505371348232,2,outandin,Franz Wanner
528,6,2,0.13649122807017544,0.0,0.13150647517796438,0.02486505371348232,4,outandin,Benjamin Bustos
3388,6,2,0.13649122807017544,0.0,0.12695672508886893,0.05015155272579458,2,outgoing,Lars-Erik Haug
3202,7,2,0.13649122807017544,0.0003526134096737749,0.13150647517796438,0.022818912137515187,2,outandin,Kay Hamacher
2504,7,2,0.13649122807017544,0.000307123264725293,0.1299120707747398,0.045246251202105216,2,outandin,James Davey
4818,7,2,0.13649122807017544,0.0,0.12772346945526708,0.04144735560977802,2,outgoing,Ratnesh K. Sharma
1348,7,2,0.13649122807017544,0.0,0.12772346945526708,0.04144735560977802,2,outandin,Debprakash Patnaik
4407,8,2,0.13649122807017544,0.014041962213967933,0.14622199232397023,0.04763128644918125,1,,Oliver Deussen
5753,8,2,0.13649122807017544,9.45726065980656e-05,0.12621895238142616,0.029003313261766563,2,incoming,Thorsten May
3437,8,2,0.13649122807017544,0.0,0.1299120707747398,0.05846102612532196,2,incoming,Leishi Zhang
4869,8,2,0.13649122807017544,0.0,0.1299120707747398,0.05846102612532196,2,outandin,René Pompl
5447,8,2,0.13649122807017544,0.0,0.1299120707747398,0.05846102612532196,2,outandin,Stefan Weber 0004
2297,8,2,0.13649122807017544,0.0,0.1299120707747398,0.05846102612532196,2,outandin,Holger Last
1443,9,2,0.13649122807017544,0.0023411553199416905,0.14025062300393376,0.0681361710854275,2,incoming,Dominik Sacha
727,10,2,0.13649122807017544,0.023657421473018327,0.13961710733365887,0.042786224754020434,1,incoming,Bum Chul Kwon
3105,10,2,0.13649122807017544,0.0004024458096740307,0.12997510428797354,0.04971008433971749,2,outgoing,Jörn Kohlhammer
5813,10,2,0.13649122807017544,0.0004360737804512601,0.1315926100888391,0.032123901214389274,2,outandin,Tobias Ruppert
1083,10,2,0.13649122807017544,0.0,0.127037001234989,0.05556623005822225,2,outandin,Cullen E. Bash
763,10,2,0.13649122807017544,0.0,0.127037001234989,0.05556623005822225,2,outandin,Carlos J. Felix
799,10,2,0.13649122807017544,0.0,0.127037001234989,0.05556623005822225,2,outandin,Chandrakant D. Patel
6413,10,2,0.13649122807017544,0.0,0.127037001234989,0.055566230058222234,2,outandin,Yuan Chen 0001
5240,11,2,0.13649122807017544,0.011204659389402039,0.1399818968494235,0.025319551522678715,2,outandin,Sebastian Bremm
3108,11,2,0.13649122807017544,0.00032401368740019417,0.13161416144981009,0.0331958319182724,1,,Jürgen Bernard
3988,12,2,0.13649122807017544,0.00010721108248490262,0.13001716062328755,0.06598909693686092,2,incoming,Michael Behrisch 0001
3956,12,2,0.13649122807017544,1.979097938309566e-06,0.12707717738971225,0.07071142753358835,4,outandin,Meichun Hsu
3640,13,2,0.13649122807017544,3.6424616097663564e-05,0.12784538177100546,0.06245778948053938,2,outandin,Manish Marwah
272,14,2,0.13649122807017544,0.0013017866460876468,0.13520122305056198,0.08142194810259415,2,outgoing,Andreas Stoffel
5658,15,2,0.13649122807017544,0.012654018486302529,0.14010391733133548,0.03114526126550542,1,,Tatiana von Landesberger
4150,15,2,0.13649122807017544,5.275964923713073e-05,0.12788607094407073,0.07760298695590549,2,outgoing,Ming C. Hao
5897,15,2,0.13649122807017544,5.275964923713073e-05,0.12788607094407073,0.07760298695590549,2,outgoing,Umeshwar Dayal
3085,16,2,0.13649122807017544,0.0,0.14396919917816917,0.20664813401057622,1,incoming,Juri Buchmüller
5465,16,2,0.13649122807017544,0.0,0.14396919917816917,0.20664813401057622,2,outandin,Stephan Huber
5721,16,2,0.13649122807017544,0.0,0.14396919917816917,0.20664813401057622,2,outandin,Thomas Lindemeier
1800,16,2,0.13649122807017544,0.0,0.14396919917816917,0.20664813401057622,2,outgoing,Florian Mansmann
5731,16,2,0.13649122807017544,0.0,0.14396919917816917,0.20664813401057622,2,outandin,Thomas Ramm
4062,16,2,0.13649122807017544,0.0,0.14396919917816917,0.20664813401057622,2,outandin,Michael Regenscheit
923,16,2,0.13649122807017544,0.0,0.14396919917816917,0.20664813401057622,2,outandin,Christian Scheible
5471,16,2,0.13649122807017544,0.0,0.14396919917816917,0.20664813401057622,2,outandin,Stephan Sellien
3774,16,2,0.13649122807017544,0.0,0.14396919917816917,0.20664813401057622,2,outandin,Mark Tautzenberger
3920,16,2,0.13649122807017544,0.0,0.14396919917816917,0.20664813401057622,2,outandin,Matthias Zieker
5248,17,2,0.13649122807017544,0.00029669597961218415,0.130101354996364,0.09190571571120285,2,outandin,Sebastian Mittelstädt
2136,19,2,0.13649122807017544,0.0040309090764497554,0.13591004055683076,0.10202035393965686,2,,Halldór Janetzko
1709,19,2,0.13649122807017544,0.01704044235386458,0.15735971603926774,0.21213613703365813,2,incoming,Fabian Fischer 0001
1712,19,2,0.13649122807017544,8.153326013458423e-06,0.14404661584738132,0.21798217084074378,2,outandin,Fabian Maass
1805,20,2,0.13649122807017544,0.006848323189075164,0.14854640846812206,0.21943402028515804,2,outandin,Florian Stoffel
920,21,2,0.13649122807017544,0.0011921187092693586,0.14409827323158336,0.22728775242503835,2,outgoing,Christian Rohrdantz
1616,40,2,0.13649122807017544,0.07890170240059992,0.1680895356227861,0.24442576796432805,1,,Enrico Bertini
5815,47,2,0.13649122807017544,0.0341008085493831,0.15275348219208143,0.2844336193464219,1,,Tobias Schreck
1130,52,2,0.13649122807017544,0.03820437342916048,0.15392378276432492,0.3133301075481,0,,Daniel A. Keim
6392,1,3,0.10365853658536585,0.0,0.1046401132568412,6.374054367889695e-06,2,,Youn ah Kang
1547,1,3,0.10365853658536585,0.0,0.10954690155568982,5.616145078534284e-05,2,outandin,Edward Segel
3010,2,3,0.10365853658536585,0.0,0.1419350176284953,0.01500257079914262,2,incoming,Josua Krause
6609,2,3,0.10365853658536585,0.0,0.10956183637526112,5.9603009755799635e-05,2,,Çagatay Demiralp
4065,2,3,0.10365853658536585,0.0,0.10956183637526112,5.9603009755799635e-05,2,outandin,Michael S. Bernstein
4320,2,3,0.10365853658536585,0.0,0.11554796115205469,8.502348197203133e-05,2,outandin,Nicholas Kong
3990,2,3,0.10365853658536585,0.0,0.10956183637526112,5.9603009755799635e-05,2,outgoing,Michael Bostock
5910,2,3,0.10365853658536585,0.0,0.10956183637526112,5.9603009755799635e-05,2,outandin,Vadim Ogievetsky
1314,2,3,0.10365853658536585,0.0,0.10956183637526112,5.9603009755799635e-05,2,outandin,David Selassie
659,2,3,0.10365853658536585,0.0,0.10956183637526112,5.9603009755799635e-05,2,outandin,Brandon Heller
5283,2,3,0.10365853658536585,0.0,0.11096880279101634,2.1232692783382713e-05,2,incoming,Shamkant B. Navathe
4797,3,3,0.10365853658536585,0.0,0.10466737038454552,7.206290958094557e-06,2,outandin,Ramik Sadana
5788,3,3,0.10365853658536585,0.0,0.10466737038454552,7.206290958094557e-06,2,incoming,Timothy Major
181,3,3,0.10365853658536585,0.0,0.10466737038454552,7.206290958094557e-06,2,outandin,Alistair D. M. Dove
5229,3,3,0.10365853658536585,0.0,0.10957677526759482,6.349389934633363e-05,2,outandin,Sean Kandel
266,3,3,0.10365853658536585,0.0,0.10957677526759482,6.349389934633363e-05,2,outandin,Andreas Paepcke
2993,3,3,0.10365853658536585,0.0,0.10957677526759482,6.349389934633363e-05,3,outandin,Joseph M. Hellerstein
2156,3,3,0.10365853658536585,0.0,0.11650276454226448,6.70750026468739e-05,2,outandin,Hannah Pileggi
2451,3,3,0.10365853658536585,0.0,0.11650276454226448,6.70750026468739e-05,2,outandin,J. Michael Boyle
1580,3,3,0.10365853658536585,0.0,0.11098412785700047,2.2533846110333055e-05,2,outandin,Elizabeth Braunstein
779,3,3,0.10365853658536585,0.0,0.11098412785700047,2.2533846110333055e-05,2,outgoing,Carsten Görg
5421,3,3,0.10365853658536585,0.0,0.12181841288654546,0.00019458941324683422,2,outandin,Srikanth Kandula
4819,3,3,0.10365853658536585,0.0,0.12181841288654546,0.00019458941324683422,2,outandin,Ratul Mahajan
4773,4,3,0.10365853658536585,0.0,0.10468100427413579,7.709599188247605e-06,2,incoming,Rahul C. Basole
5865,4,3,0.10365853658536585,0.0,0.10468100427413579,7.709599188247605e-06,2,outandin,Trustin A. Clear
3968,4,3,0.10365853658536585,0.0,0.10468100427413579,7.709599188247605e-06,2,incoming,Mengdie Hu
2224,4,3,0.10365853658536585,0.0,0.10468100427413579,7.709599188247605e-06,2,outandin,Harshit Mehrotra
2383,4,3,0.10365853658536585,0.0,0.12592229235545918,0.0010754029481996235,2,outandin,Ido Guy
1624,4,3,0.10365853658536585,0.0,0.12592229235545918,0.0010754029481996235,2,outandin,Erel Uziel
2397,4,3,0.10365853658536585,0.0,0.12592229235545918,0.0010754029481996235,2,outandin,Inbal Ronen
4099,4,3,0.10365853658536585,0.0,0.12592229235545918,0.0010754029481996235,2,outandin,Michal Jacovi
4179,6,3,0.10365853658536585,0.0,0.11655345465011463,8.218428423530944e-05,1,incoming,Minsuk Kahng
6564,6,3,0.10365853658536585,0.0,0.11655345465011463,8.218428423530944e-05,2,outandin,Zhiyuan Lin 0001
1790,6,3,0.10365853658536585,0.0,0.11655345465011463,8.218428423530944e-05,2,outandin,Florian Foerster
11,6,3,0.10365853658536585,0.0,0.11655345465011463,8.218428423530944e-05,2,outandin,Aakash Goel
4673,6,3,0.10365853658536585,0.0,0.11655345465011463,8.218428423530944e-05,1,incoming,Polo Chau
6542,8,3,0.10365853658536585,0.007290313431695212,0.125079543939695,0.0002573304748877043,1,,Zhicheng Liu
50,9,3,0.10365853658536585,0.029061361865866733,0.15246368237764,0.015398277661061568,2,,Adam Perer
824,10,3,0.10365853658536585,0.012240887820777998,0.13739717384382638,0.0009841524688090557,2,outandin,Charles D. Stolper
2636,14,3,0.10365853658536585,0.012119487657444236,0.12916040980593704,0.000972638217604969,1,,Jeffrey Heer
2923,20,3,0.10365853658536585,0.00978584751974768,0.12239355312405427,0.00011038620991183541,1,,John T. Stasko
3727,3,4,1.0,0.0,0.0019392372333548805,2.5242309480106063e-29,2,outandin,Marielle Mokhtari
1632,3,4,1.0,0.0,0.0019392372333548805,2.5242309480106063e-29,2,outandin,Eric Boivin
1359,3,4,1.0,0.0,0.0019392372333548805,2.5242309480106063e-29,2,outandin,Denis Laurendeau
3934,3,4,1.0,0.0,0.0019392372333548805,2.5242309480106063e-29,2,outandin,Maxime Girardin
1640,3,5,1.0,0.0,0.0019392372333548805,2.5242309480106063e-29,2,outandin,Eric E. Monson
2051,3,5,1.0,0.0,0.0019392372333548805,2.5242309480106063e-29,2,outandin,Guangliang Chen
4757,3,5,1.0,0.0,0.0019392372333548805,2.5242309480106063e-29,2,outandin,Rachel Brady
3927,3,5,1.0,0.0,0.0019392372333548805,2.5242309480106063e-29,2,outandin,Mauro Maggioni
1375,2,6,1.0,0.0,0.001292824822236587,1.4279143216674162e-34,2,outgoing,Derek Overby
2895,2,6,1.0,0.0,0.001292824822236587,1.4279143216674162e-34,2,outgoing,John Keyser
2768,2,6,1.0,0.0,0.001292824822236587,1.4279143216674162e-34,2,outgoing,Jim Wall
6074,0,7,0.0,0.0,0.0,1.3049968136254519e-54,2,outandin,William C. Ray
1189,2,8,0.4444444444444444,0.0,0.10074414815250601,2.3941911695392135e-06,1,incoming,Danielle Albers Szafir
1046,2,8,0.4444444444444444,0.0,0.10074414815250601,2.3941911695392135e-06,2,outandin,Colin N. Dewey
3998,3,8,0.4444444444444444,0.0,0.1169775938591762,3.796326042490593e-05,1,incoming,Michael Correll
934,3,8,0.4444444444444444,0.0,0.1169775938591762,3.796326042490593e-05,1,incoming,Christine Nothelfer
1635,4,8,0.4444444444444444,0.0,0.10076941314263829,2.731531863687835e-06,2,incoming,Eric C. Alexander
2827,4,8,0.4444444444444444,0.0,0.10076941314263829,2.731531863687835e-06,2,outandin,Joe Kohlmann
5002,4,8,0.4444444444444444,0.0,0.10076941314263829,2.731531863687835e-06,2,outandin,Robin Valenza
4088,4,8,0.4444444444444444,0.0,0.10076941314263829,2.731531863687835e-06,2,outandin,Michael Witmore
4017,9,8,0.4444444444444444,0.005571021323247181,0.11707984700066147,3.882678978978406e-05,1,,Michael Gleicher
6581,2,9,1.0,0.0,0.001292824822236587,1.4279143216674162e-34,2,outandin,Zicheng Liao
6366,2,9,1.0,0.0,0.001292824822236587,1.4279143216674162e-34,2,outandin,Yizhou Yu
493,2,9,1.0,0.0,0.001292824822236587,1.4279143216674162e-34,1,,Baoquan Chen
4450,1,10,0.09578947368421052,0.0,0.11837326113014295,6.146673311960533e-05,2,outandin,Paolo Angelelli
3910,2,10,0.09578947368421052,0.0,0.13248204250124307,3.468500547308433e-05,2,outandin,Matthias Buchetics
5069,2,10,0.09578947368421052,0.0,0.13248204250124307,3.468500547308433e-05,2,outandin,Rudolf Benedik
3818,2,10,0.09578947368421052,0.0,0.14304664824003924,4.898531685716072e-05,2,outandin,Martin Haidacher
3987,3,10,0.09578947368421052,0.0,0.13625569172813504,2.2703873572537166e-05,2,outandin,Michael Beham
6123,3,10,0.09578947368421052,0.0,0.13625569172813504,2.2703873572537166e-05,2,outandin,Wolfgang Herzner
4593,3,10,0.09578947368421052,0.0,0.14705143088976036,8.705697302902368e-05,1,,Peter Rautek
6119,3,10,0.09578947368421052,0.0,0.14440899727089673,5.407175510587731e-05,2,outgoing,Wolfgang Berger
435,3,10,0.09578947368421052,0.0,0.11854787871552447,0.0001266327378627419,2,outandin,Arvid Lundervold
445,3,10,0.09578947368421052,0.0,0.11854787871552447,0.0001266327378627419,2,outandin,Astri J. Lundervold
5025,3,10,0.09578947368421052,0.0,0.1344772539846955,4.687154949262636e-05,2,outandin,Roland N. Boubela
185,4,10,0.09578947368421052,0.0,0.12796752704021344,7.874567001452301e-05,2,outandin,Allan Hanbury
268,4,10,0.09578947368421052,0.0,0.12796752704021344,7.874567001452301e-05,2,outandin,Andreas Rauber
269,4,10,0.09578947368421052,0.0,0.14309759077858625,5.118229884345486e-05,2,outandin,Andreas Reh
906,4,10,0.09578947368421052,0.0,0.14309759077858625,5.118229884345486e-05,2,outandin,Christian Gusenbauer
5034,4,10,0.09578947368421052,0.0,0.13625569172813504,2.3791365646822322e-05,2,outandin,Roman Gurbat
423,4,10,0.09578947368421052,0.0,0.14309759077858625,5.1182298843454864e-05,2,incoming,Artem Amirkhanov
4063,4,10,0.09578947368421052,0.0,0.14309759077858625,5.1182298843454864e-05,2,outandin,Michael Reiter
2845,5,10,0.09578947368421052,0.0,0.14312307565673024,6.172444953824365e-05,2,outandin,Johanna Schmidt
4854,5,10,0.09578947368421052,0.0,0.14312307565673024,6.172444953824365e-05,2,outandin,Reinhold Preiner
3784,5,10,0.09578947368421052,0.0,0.12378867372343506,2.6855576190483627e-05,2,incoming,Markus Bögl
246,5,10,0.09578947368421052,0.0,0.1282943917325256,8.659988849870303e-05,2,outandin,Andreas Ammer
97,5,10,0.09578947368421052,0.0,0.1282943917325256,8.659988849870303e-05,2,outandin,Alan Lez
4782,6,10,0.09578947368421052,0.0,0.12936833062017714,9.311946329242893e-05,1,incoming,Rainer Splechtna
525,6,10,0.09578947368421052,0.0,0.12936833062017714,9.311946329242893e-05,2,outandin,Benedikt Stehno
424,6,10,0.09578947368421052,0.0,0.1363019114336059,2.6598070311272326e-05,2,outandin,Artem Konev
1144,6,10,0.09578947368421052,0.0,0.1363019114336059,2.6598070311272326e-05,2,outandin,Daniel Cornel
5074,6,10,0.09578947368421052,0.0,0.1363019114336059,2.6598070311272326e-05,2,outandin,Rui A. P. Perdigão
6598,6,10,0.09578947368421052,0.0,0.1363019114336059,2.6598070311272326e-05,2,outandin,Zsolt Horváth
3712,6,10,0.09578947368421052,0.0,0.13865356622024505,3.343879451725067e-05,1,incoming,Maria Luján Ganuza
1887,6,10,0.09578947368421052,0.0,0.13865356622024505,3.343879451725067e-05,2,incoming,Gabriela Ferracutti
3710,6,10,0.09578947368421052,0.0,0.13865356622024505,3.343879451725067e-05,2,incoming,Maria Florencia Gargiulo
5370,6,10,0.09578947368421052,0.0,0.13865356622024505,3.343879451725067e-05,2,incoming,Silvia Mabel Castro
1671,6,10,0.09578947368421052,0.0,0.13865356622024505,3.343879451725067e-05,2,incoming,Ernesto A. Bjerg
4117,6,10,0.09578947368421052,0.0,0.12124865265729336,1.1651829415574508e-05,2,outandin,Miguel Nunes
544,6,10,0.09578947368421052,0.0,0.12124865265729336,1.1651829415574508e-05,2,outandin,Benjamin Rowland
3918,6,10,0.09578947368421052,0.0,0.12124865265729336,1.1651829415574508e-05,2,outandin,Matthias Schlachter
5404,6,10,0.09578947368421052,0.0,0.12124865265729336,1.1651829415574508e-05,2,outandin,Soléakhéna Ken
356,6,10,0.09578947368421052,0.0,0.12124865265729336,1.1651829415574508e-05,2,outandin,Anne Laprie
3192,6,10,0.09578947368421052,0.0,0.12124865265729336,1.1651829415574508e-05,2,outgoing,Katja Bühler
5778,6,10,0.09578947368421052,4.957700066791569e-07,0.12380774454052386,3.256971940404504e-05,2,,Tim Lammarsch
144,6,10,0.09578947368421052,4.957700066791569e-07,0.12380774454052386,3.256971940404504e-05,2,incoming,Alexander Rind
2840,6,10,0.09578947368421052,1.1149847539772202e-06,0.14314856961391886,5.677631023247148e-05,2,,Johann Kastner
910,6,10,0.09578947368421052,0.0,0.1363019114336059,2.840089322418755e-05,2,outandin,Christian Hirsch
2098,6,10,0.09578947368421052,0.0,0.1363019114336059,2.840089322418755e-05,2,outandin,Günter Blöschl
2850,7,10,0.09578947368421052,0.0005176647546613778,0.14651523606427355,6.877238773372234e-05,2,,Johannes Kehrer
5432,7,10,0.09578947368421052,0.0,0.12143186307230892,1.9132439471191933e-05,2,outandin,Stefan Barp
416,7,10,0.09578947368421052,0.0,0.12143186307230892,1.9132439471191933e-05,2,outandin,Armin Pobitzer
4942,7,10,0.09578947368421052,0.0,0.12143186307230892,1.9132439471191933e-05,2,outandin,Robert Carnecky
5043,7,10,0.09578947368421052,0.0,0.12143186307230892,1.9132439471191933e-05,2,outgoing,Ronald Peikert
2138,7,10,0.09578947368421052,0.0,0.1431740726550045,7.172702399153426e-05,2,outandin,Hamed Bouzari
4139,7,10,0.09578947368421052,0.0,0.1431740726550045,7.172702399153426e-05,5,outandin,Milos Srámek
588,8,10,0.09578947368421052,0.0034047935106491967,0.14453886147707562,0.00010461800765627823,2,incoming,Bilal Alsallakh
1355,8,10,0.09578947368421052,1.701593224436286e-05,0.1294099951388954,0.00010257638340336002,1,,Denis Gracanin
3735,8,10,0.09578947368421052,1.701593224436286e-05,0.1294099951388954,0.00010257638340336002,2,,Mario Jelovic
577,8,10,0.09578947368421052,2.2299695079544404e-06,0.13634816250636927,2.961492881463712e-05,2,outandin,Bernhard Sadransky
6118,8,10,0.09578947368421052,0.0033582666859831396,0.14456486235159927,0.00010714318516282049,2,incoming,Wolfgang Aigner
2328,8,10,0.09578947368421052,2.2299695079544404e-06,0.13634816250636927,3.1324190225525294e-05,2,outandin,Hrvoje Ribicic
5696,9,10,0.09578947368421052,1.6724771309658305e-06,0.1432251060082945,7.930219110276662e-05,2,outandin,Thomas Auzinger
4087,9,10,0.09578947368421052,1.6724771309658305e-06,0.1432251060082945,7.930219110276662e-05,2,outandin,Michael Wimmer 0001
1884,9,10,0.09578947368421052,5.574923769886101e-07,0.1432251060082945,8.03961797613536e-05,2,outandin,Gabriel Mistelbauer
2425,9,10,0.09578947368421052,5.574923769886101e-07,0.1432251060082945,8.03961797613536e-05,2,outandin,Ivan Baclija
5113,9,10,0.09578947368421052,5.574923769886101e-07,0.1432251060082945,8.03961797613536e-05,2,outandin,Rüdiger Schernthaner
420,9,10,0.09578947368421052,5.574923769886101e-07,0.1432251060082945,8.03961797613536e-05,4,outandin,Arnold Köchl
945,10,10,0.09578947368421052,0.007216971300604092,0.1581027089932206,0.0004766184762205199,2,,Christoph Heinzl
5371,10,10,0.09578947368421052,0.003892067028766209,0.14461689217429197,0.00011574204373098066,4,incoming,Silvia Miksch
6056,10,10,0.09578947368421052,0.003576388579383986,0.13276657356889815,0.00010636349598428631,4,outandin,Werner Purgathofer
4565,10,10,0.09578947368421052,0.0019379021444841655,0.13716266765873705,0.0001768764412249403,2,incoming,Peter Filzmoser
546,11,10,0.09578947368421052,0.0006857844741949694,0.13877328092083238,4.0418681500471797e-05,2,outgoing,Benjamin Schindler
4816,11,10,0.09578947368421052,0.0006857844741949694,0.13877328092083238,4.0418681500471797e-05,2,outgoing,Raphael Fuchs
2209,14,10,0.09578947368421052,0.013978252234616233,0.16225238639461748,0.0005659062574906826,2,,Harald Piringer
3116,17,10,0.09578947368421052,0.0008438200439435131,0.13891721172213317,4.916554166962436e-05,2,outgoing,Jürgen Waser
5434,18,10,0.09578947368421052,0.009871936024747924,0.1602145274745894,0.0005465875538613387,1,,Stefan Bruckner
2257,21,10,0.09578947368421052,0.019805844746853343,0.1416098801431789,0.0010644651971544444,1,,Helwig Hauser
3319,27,10,0.09578947368421052,0.01644396826751962,0.14561262362974095,0.00014330900352589794,1,,Kresimir Matkovic
3590,59,10,0.09578947368421052,0.09122933562353434,0.16773869125705287,0.00030104231239980997,1,,M. Eduard Gröller
4964,0,11,0.0,0.0,0.0,1.3049968136254519e-54,3,outgoing,Robert Kincaid
5871,1,12,0.09774436090225563,0.0,0.07374161037002573,2.1046240871145196e-11,1,incoming,Tushar M. Athawale
177,2,12,0.09774436090225563,0.0009315697619479675,0.08213778309613046,3.229706974220931e-10,1,,Alireza Entezari
3625,3,12,0.09774436090225563,0.0018614670467649694,0.09267021100236858,5.064832833593242e-09,2,outandin,Mahsa Mirzargar
619,3,12,0.09774436090225563,0.0,0.08214617906700811,3.7385096751887293e-10,2,outandin,Blake Nelson
1648,3,12,0.09774436090225563,0.0,0.08214617906700811,3.7385096751887293e-10,2,outandin,Eric Liu
4956,3,12,0.09774436090225563,0.0,0.08214617906700811,3.7385096751887293e-10,3,incoming,Robert Haimes
517,3,12,0.09774436090225563,0.0,0.09895777241873419,4.617182894619843e-08,2,incoming,Bei Wang 0001
4123,3,12,0.09774436090225563,0.0,0.09895777241873419,4.617182894619843e-08,2,outandin,Mikael Vejdemo-Johansson
5144,3,12,0.09774436090225563,0.0,0.10611858838142618,7.544148482474798e-08,2,outandin,Samuel Gerber
4999,4,12,0.09774436090225563,0.0,0.1051879672529503,3.3707969468414385e-07,2,outandin,Roberto Álvarez Boto
3027,4,12,0.09774436090225563,0.0,0.1051879672529503,3.3707969468414385e-07,2,outandin,Juila Contreras-Garcia
2621,4,12,0.09774436090225563,0.0,0.1051879672529503,3.3707969468414385e-07,2,outandin,Jean-Philip Piquemal
2025,4,12,0.09774436090225563,0.0,0.10993653485807667,3.2166769343825865e-07,2,outandin,Gregorio Palmas
4235,4,12,0.09774436090225563,0.0,0.10993653485807667,3.2166769343825865e-07,2,outandin,Myroslav Bachynskyi
393,4,12,0.09774436090225563,0.0,0.10993653485807667,3.2166769343825865e-07,2,outandin,Antti Oulasvirta
451,4,12,0.09774436090225563,0.0,0.10603457841569341,8.114132865002899e-08,2,outandin,Atul Rungta
1435,4,12,0.09774436090225563,0.0,0.10603457841569341,8.114132865002899e-08,2,outandin,Dogan Demir
5062,5,12,0.09774436090225563,0.00648586631388549,0.10621676841297124,7.604843483275195e-08,3,outgoing,Ross T. Whitaker
4971,5,12,0.09774436090225563,0.002789691854451005,0.09268089837533623,5.1139337645441255e-09,2,,Robert M. Kirby
449,5,12,0.09774436090225563,0.0003868501009756627,0.11320412308952534,3.963285507609278e-07,1,,Attila Gyulassy
115,5,12,0.09774436090225563,0.0,0.1205574662185029,1.869115568507525e-06,2,outandin,Alec Jacobson
4405,5,12,0.09774436090225563,0.0,0.1205574662185029,1.869115568507525e-06,4,outandin,Olga Sorkine-Hornung
3870,5,12,0.09774436090225563,2.5826330525109784e-05,0.1088495286215008,4.145698085110979e-07,2,outandin,Mathias Hummel
5384,5,12,0.09774436090225563,0.0,0.10325530898272393,3.6083095894265107e-07,2,outandin,Simon Schröder
2863,5,12,0.09774436090225563,0.0,0.10325530898272393,3.6083095894265107e-07,2,outandin,John A. Peterson
3540,5,12,0.09774436090225563,0.0,0.10325530898272393,3.6083095894265107e-07,2,outandin,Louise H. Kellogg
4275,5,12,0.09774436090225563,0.0,0.1155313498867942,4.092204151424494e-06,2,outandin,Natallia Kotava
2393,6,12,0.09774436090225563,0.0,0.1057833447166698,1.3286709878020518e-07,2,outandin,Ilir Jusufi
3568,6,12,0.09774436090225563,0.0,0.09472372345739515,7.195630211521158e-08,2,outgoing,Luke J. Gosink
3261,6,12,0.09774436090225563,0.0,0.09472372345739515,7.195630211521158e-08,2,outandin,Kevin Bensema
5861,6,12,0.09774436090225563,0.0,0.09472372345739515,7.195630211521158e-08,2,outandin,Trenton Pulsipher
4026,6,12,0.09774436090225563,0.0,0.09472372345739515,7.195630211521158e-08,2,outandin,Michael Henry
2152,6,12,0.09774436090225563,0.0,0.09472372345739515,7.195630211521158e-08,2,outgoing,Hank Childs
694,6,12,0.09774436090225563,0.0003582994392002514,0.10606256695427482,8.648365494992855e-08,1,incoming,Brian Summa
1147,6,12,0.09774436090225563,0.0,0.10879058749323682,4.3603877788131585e-07,2,outandin,Daniel Engel
3298,6,12,0.09774436090225563,0.0,0.10879058749323682,4.3603877788131585e-07,2,outandin,Klaus Greff
3212,6,12,0.09774436090225563,0.0,0.10879058749323682,4.3603877788131585e-07,2,outandin,Keith Bein
379,6,12,0.09774436090225563,0.0,0.10879058749323682,4.3603877788131585e-07,2,outandin,Anthony S. Wexler
2659,6,12,0.09774436090225563,0.008100082791422695,0.13144194795756303,2.035904490277953e-05,2,outandin,Jens Kasten
2404,6,12,0.09774436090225563,0.008100082791422695,0.13144194795756303,2.035904490277953e-05,2,outgoing,Ingrid Hotz
3051,7,12,0.09774436090225563,0.00020428954876171247,0.10835055545537824,4.208877577354927e-07,1,,Julien Tierny
5030,7,12,0.09774436090225563,0.0,0.10590881257413554,4.3962068880337726e-07,2,outgoing,Rolf Westerteiger
5856,7,12,0.09774436090225563,0.0,0.10590881257413554,4.3962068880337726e-07,2,outandin,Tracy Compton
5843,7,12,0.09774436090225563,0.0,0.10590881257413554,4.3962068880337726e-07,2,outandin,Tony Bernardin
1652,7,12,0.09774436090225563,0.0,0.10590881257413554,4.3962068880337726e-07,2,outandin,Eric S. Cowgill
3299,7,12,0.09774436090225563,0.0,0.10590881257413554,4.3962068880337726e-07,2,outandin,Klaus Gwinner
252,7,12,0.09774436090225563,0.0,0.10590881257413554,4.3962068880337726e-07,2,outandin,Andreas Gerndt
5236,7,12,0.09774436090225563,0.0,0.10723726578763548,1.5684569788533836e-07,2,outandin,Sean Williams
3768,7,12,0.09774436090225563,0.0,0.10723726578763548,1.5684569788533836e-07,2,incoming,Mark R. Petersen
3897,7,12,0.09774436090225563,0.0,0.10723726578763548,1.5684569788533836e-07,2,outandin,Matthew Hecht
2518,7,12,0.09774436090225563,0.0,0.10723726578763548,1.5684569788533836e-07,2,,James P. Ahrens
3734,7,12,0.09774436090225563,0.0,0.10723726578763548,1.5684569788533836e-07,2,,Mario Hlawitschka
2175,8,12,0.09774436090225563,0.0006630540058670055,0.12061174693269405,1.9218874156634123e-06,2,,Hans-Peter Seidel
10,8,12,0.09774436090225563,0.0,0.10609057027228257,1.6086827011591927e-07,2,outandin,Aaditya G. Landge
5508,8,12,0.09774436090225563,0.0,0.10609057027228257,1.6086827011591927e-07,2,outandin,Steve H. Langer
2566,8,12,0.09774436090225563,0.0,0.10609057027228257,1.135460876000118e-07,2,outgoing,Janine Bennett
5914,8,12,0.09774436090225563,0.0,0.10609057027228257,1.135460876000118e-07,2,outandin,Vaidyanathan Krishnamoorthy
5355,8,12,0.09774436090225563,0.0,0.10609057027228257,1.135460876000118e-07,2,incoming,Shusen Liu
4833,8,12,0.09774436090225563,0.0,0.10609057027228257,1.135460876000118e-07,2,outandin,Ray W. Grout
1701,8,12,0.09774436090225563,0.0,0.10609057027228257,1.135460876000118e-07,2,outandin,Evatt R. Hawkes
2469,8,12,0.09774436090225563,0.0,0.10609057027228257,1.135460876000118e-07,3,outandin,Jacqueline Chen
2588,8,12,0.09774436090225563,0.0,0.10609057027228257,1.135460876000118e-07,2,outandin,Jason F. Shepherd
5802,9,12,0.09774436090225563,0.011961258522942612,0.12963963055533803,2.9978523013695565e-06,1,,Tino Weinkauf
3185,10,12,0.09774436090225563,3.6213837200491204e-05,0.10728021222968101,2.1343288777889705e-07,1,incoming,Katherine E. Isaacs
5820,10,12,0.09774436090225563,3.6213837200491204e-05,0.10728021222968101,2.1343288777889705e-07,2,outandin,Todd Gamblin
28,10,12,0.09774436090225563,3.6213837200491204e-05,0.10728021222968101,2.1343288777889705e-07,2,outandin,Abhinav Bhatele
3836,10,12,0.09774436090225563,3.6213837200491204e-05,0.10728021222968101,2.1343288777889705e-07,2,outandin,Martin Schulz 0001
2553,10,12,0.09774436090225563,0.013342607342383267,0.1344322632674039,2.083218185111081e-05,2,outandin,Jan Reininghaus
3001,11,12,0.09774436090225563,0.0013233439019126989,0.11329988295679408,4.645615168286062e-07,1,incoming,Joshua A. Levine
2208,12,12,0.09774436090225563,0.0020311274161831853,0.10623080896398418,4.4907631112582956e-07,2,outandin,Harald Obermaier
941,13,12,0.09774436090225563,0.011911106296204496,0.11436403441191695,8.091812746792756e-07,1,,Christoph Garth
3238,13,12,0.09774436090225563,0.003099874780896051,0.10896760268644616,4.939142476423512e-07,2,outgoing,Kenneth I. Joy
1251,16,12,0.09774436090225563,0.01776187001366229,0.1230871603327524,4.7277557870558835e-06,2,outandin,David Günther
2161,23,12,0.09774436090225563,0.01652537603433883,0.12034083105908062,4.5585027549911e-06,0,,Hans Hagen
567,26,12,0.09774436090225563,0.007878045068654,0.11420151624449913,8.007813245442779e-07,1,outgoing,Bernd Hamann
4544,30,12,0.09774436090225563,0.02245920535050776,0.11788705732910965,5.298583455606778e-07,1,,Peer-Timo Bremer
5917,31,12,0.09774436090225563,0.011538751332830225,0.11465773574155236,6.304697410400339e-07,1,,Valerio Pascucci
1399,1,13,1.0,0.0,0.0006464124111182935,5.739436683167256e-42,2,outgoing,Diansheng Guo
6148,1,13,1.0,0.0,0.0006464124111182935,5.739436683167256e-42,2,outandin,Xi Zhu 0002
2220,1,14,0.08724569640062597,0.0,0.1268565224644894,5.71868236657435e-05,2,incoming,Harry Stavropoulos
705,1,14,0.08724569640062597,0.0,0.1177143796415029,1.01136038185203e-05,2,outandin,Brittany Kondo
2773,1,14,0.08724569640062597,0.0,0.1079140687273453,3.314538699462805e-06,2,outandin,Jimmy Lin
3325,2,14,0.08724569640062597,0.0009315697619479675,0.1268965845274815,5.7378311393139835e-05,2,,Krist Wongsuphasawat
2055,2,14,0.08724569640062597,0.0,0.13131308330270267,0.00025232517569548395,2,outandin,Guia Gali
6578,3,14,0.08724569640062597,0.0,0.12784538177100546,1.2270270698637479e-05,2,outandin,Zhuofeng Wu 0002
2186,3,14,0.08724569640062597,0.0,0.12784538177100546,1.2270270698637479e-05,2,outandin,Hao Wei
1753,3,14,0.08724569640062597,0.0,0.12788607094407073,2.814949147967048e-05,2,outandin,Fei Wang
6176,3,14,0.08724569640062597,0.0,0.108702295389225,1.9273578806039473e-06,1,incoming,Xiaolong Zhang 0001
80,3,14,0.08724569640062597,0.0,0.108702295389225,1.9273578806039473e-06,2,outandin,Airong Luo
4472,3,14,0.08724569640062597,0.0,0.108702295389225,1.9273578806039473e-06,2,outandin,Patricia F. Anderson
1612,3,14,0.08724569640062597,0.0,0.1322204787450708,0.00015634324644933558,2,incoming,Emmanuel Pietriga
3135,4,14,0.08724569640062597,0.0,0.13213352019278862,1.3263109344992965e-05,2,outandin,Kai Yan
1736,4,14,0.08724569640062597,0.0,0.13213352019278862,1.3263109344992965e-05,2,outandin,Fangzhao Wu
6017,4,14,0.08724569640062597,0.0,0.13536063160056264,1.1838354689962945e-05,1,incoming,Wei Zeng 0004
5443,4,14,0.08724569640062597,0.0,0.13536063160056264,1.1838354689962945e-05,2,incoming,Stefan Müller Arisona
132,4,14,0.08724569640062597,0.0,0.13536063160056264,1.1838354689962945e-05,2,outandin,Alexander Erath
6240,4,14,0.08724569640062597,0.0,0.1278657231205315,1.0764137503366865e-05,2,incoming,Xiting Wang
2719,4,14,0.08724569640062597,0.0,0.1278657231205315,1.0764137503366865e-05,2,outandin,Jianfei Chen 0001
2769,4,14,0.08724569640062597,0.0,0.1278657231205315,1.0764137503366865e-05,2,outandin,Jim Zhu
487,4,14,0.08724569640062597,0.0,0.1278657231205315,1.0764137503366865e-05,4,incoming,Baining Guo
6271,4,14,0.08724569640062597,0.0,0.13213352019278862,1.4157534558862876e-05,2,outandin,Yang Liu 0014
4827,4,14,0.08724569640062597,5.574923769886101e-07,0.13226400095663932,0.0001659040736875432,2,outgoing,Ravin Balakrishnan
5258,4,14,0.08724569640062597,0.0,0.1140880280824163,8.512857943554819e-07,2,outandin,Seon Joo Kim
5293,4,14,0.08724569640062597,0.0,0.1140880280824163,8.512857943554819e-07,2,outandin,Shaojie Zhuo
1731,4,14,0.08724569640062597,0.0,0.1140880280824163,8.512857943554819e-07,2,outandin,Fanbo Deng
4066,4,14,0.08724569640062597,0.0,0.1140880280824163,8.512857943554819e-07,4,outandin,Michael S. Brown
6525,5,14,0.08724569640062597,0.0,0.1295769219304322,3.7581783533370955e-05,3,outgoing,Zhen Wen
6262,5,14,0.08724569640062597,0.0,0.1295769219304322,3.7581783533370955e-05,2,outandin,Yale Song
2073,5,14,0.08724569640062597,0.0,0.13248204250124307,1.6323849297386006e-05,3,outandin,Guodao Sun
6040,5,14,0.08724569640062597,0.0,0.15157225005894764,3.5029638218402524e-05,2,incoming,Wenchao Wu
6362,5,14,0.08724569640062597,0.0,0.15157225005894764,3.5029638218402524e-05,2,incoming,Yixian Zheng
6167,5,14,0.08724569640062597,0.0,0.13944752209136568,3.429517512546569e-05,2,outandin,Xiaohua Sun
1276,5,14,0.08724569640062597,0.0,0.13944752209136568,3.429517512546569e-05,2,outandin,David Lazer
2771,5,14,0.08724569640062597,0.0,0.14474713072992443,8.948176273094587e-05,2,incoming,Jimeng Sun 0001
2234,5,14,0.08724569640062597,0.0,0.13529226764520882,1.452047389367237e-05,2,outandin,He Liu
6414,5,14,0.08724569640062597,0.0,0.13529226764520882,1.452047389367237e-05,2,outandin,Yuan Gao
3543,5,14,0.08724569640062597,0.0,0.13529226764520882,1.452047389367237e-05,2,outandin,Lu Lu
5399,5,14,0.08724569640062597,0.0,0.13529226764520882,1.452047389367237e-05,2,incoming,Siyuan Liu
4699,5,14,0.08724569640062597,0.0,0.1122553526767063,2.554642279741879e-06,2,outandin,Qi Liao 0002
6415,5,14,0.08724569640062597,0.0,0.1122553526767063,2.554642279741879e-06,2,outandin,Yuan He 0004
5075,5,14,0.08724569640062597,0.0,0.1122553526767063,2.554642279741879e-06,2,outandin,Rui Li 0047
20,5,14,0.08724569640062597,0.0,0.1122553526767063,2.554642279741879e-06,2,outandin,Aaron Striegel
6567,5,14,0.08724569640062597,0.0,0.1122553526767063,2.554642279741879e-06,2,outandin,Zhong Su
6193,5,14,0.08724569640062597,0.0,0.1327446431801355,3.157582124457186e-05,2,outandin,Xiaoxiao Lian
3966,6,14,0.08724569640062597,1.1149847539772202e-06,0.13217698516653625,1.5632621240144348e-05,1,incoming,Mengchen Liu
3464,6,14,0.08724569640062597,0.002789691854451005,0.1279471532896896,2.8476138817484156e-05,1,incoming,Liang Gou
4385,6,14,0.08724569640062597,0.0,0.1433528487000607,2.874655784265056e-05,2,outandin,Norman Au
2308,7,14,0.08724569640062597,3.066208073437356e-07,0.14337842458742914,3.0958703599885e-05,2,outgoing,Hong Zhou 0004
6279,7,14,0.08724569640062597,0.0,0.1386296480615043,3.0205924613294582e-05,1,incoming,Yangqiu Song
6498,7,14,0.08724569640062597,0.0,0.1386296480615043,3.0205924613294582e-05,2,outandin,Zekai Gao
6208,7,14,0.08724569640062597,0.0,0.1386296480615043,3.0205924613294582e-05,2,outandin,Xin Tong 0001
969,8,14,0.08724569640062597,0.0025653710924339827,0.14066796250875904,0.00017496134625925047,1,,Christopher Collins 0001
870,8,14,0.08724569640062597,0.003716244185006075,0.1354518910858824,1.2026605797106936e-05,1,,Chi-Wing Fu
5631,8,14,0.08724569640062597,9.299195518070946e-05,0.14378888348766153,2.906712029893929e-05,1,incoming,Tai-Quan Peng
2947,8,14,0.08724569640062597,9.299195518070946e-05,0.14378888348766153,2.906712029893929e-05,2,outandin,Jonathan J. H. Zhu
1619,8,14,0.08724569640062597,0.00020200663597243014,0.14340400960252325,2.8541975762350897e-05,2,outandin,Enxun Wei
1248,9,14,0.08724569640062597,0.02892558609126045,0.15392378276432492,0.0009900448784327437,1,,David Gotz
3495,9,14,0.08724569640062597,0.0008823015441345158,0.15168668739383548,3.823101144097844e-05,2,incoming,Lionel M. Ni
4447,9,14,0.08724569640062597,1.107472391040052e-05,0.14409827323158336,3.502898897833608e-05,1,incoming,Panpan Xu
1738,10,14,0.08724569640062597,0.01514632290421338,0.15010012510506918,0.002340176444752612,1,incoming,Fanny Chevalier
3431,10,14,0.08724569640062597,0.00464112403843018,0.13285436763308653,3.230337758631346e-05,2,incoming,Lei Shi 0002
1873,10,14,0.08724569640062597,0.0042449172325816,0.1478631223206146,4.9187109830357023e-05,2,incoming,Furu Wei
2714,11,14,0.08724569640062597,0.006931564807781058,0.14503448291148535,0.00020012108866701816,1,incoming,Jian Zhao 0010
4253,11,14,0.08724569640062597,0.002656967500128768,0.1474561595986313,0.00011791878408220118,1,incoming,Nan Cao
6410,11,14,0.08724569640062597,0.002656967500128768,0.1474561595986313,0.00011791878408220118,2,incoming,Yu-Ru Lin
1057,11,14,0.08724569640062597,0.0001663697024861106,0.14414996767937946,3.9812517348627755e-05,2,incoming,Conglei Shi
3461,11,14,0.08724569640062597,0.003756262531938493,0.14302119056994844,5.056990005480942e-05,2,outandin,Li Tan
6029,15,14,0.08724569640062597,0.0007428672900424029,0.1442534679254246,4.55342537742532e-05,1,,Weiwei Cui
6347,19,14,0.08724569640062597,0.012440560257247792,0.15060645985992135,4.569629333795267e-05,1,,Yingcai Wu
5338,37,14,0.08724569640062597,0.02737021852812859,0.15532200808127955,0.0001513165419418385,1,incoming,Shixia Liu
2333,40,14,0.08724569640062597,0.06974266848900337,0.16638427946429407,0.00016756271866203335,1,,Huamin Qu
5732,2,15,0.16042780748663102,0.0,0.1183906997366736,4.125046332355695e-05,2,outandin,Thomas Reinhardt
5722,2,15,0.16042780748663102,0.0,0.11314037305540481,3.478408743017204e-06,2,incoming,Thomas Löwe
5457,3,15,0.16042780748663102,0.0,0.13704571449736364,2.915149055957652e-05,2,incoming,Steffen Frey
778,3,15,0.16042780748663102,0.0,0.12808990593123054,4.452071874702912e-05,1,incoming,Carsten Dachsbacher
2085,3,15,0.16042780748663102,0.0,0.12707717738971225,3.0730440427215266e-05,2,outgoing,Gustavo Mello Machado
3675,3,15,0.16042780748663102,0.0,0.11840814348203041,4.131151149550722e-05,2,incoming,Marcel Hlawatsch
4628,3,15,0.16042780748663102,0.0,0.11840814348203041,4.131151149550722e-05,2,outandin,Philipp C. Leube
6128,3,15,0.16042780748663102,0.0,0.11840814348203041,4.131151149550722e-05,2,outandin,Wolfgang Nowak
3342,4,15,0.16042780748663102,0.0,0.11842559236848517,4.795696941898051e-05,1,incoming,Kuno Kurzhals
1707,4,15,0.16042780748663102,0.0,0.11842559236848517,7.93429721900215e-05,1,incoming,Fabian Beck 0001
5464,4,15,0.16042780748663102,0.0,0.11842559236848517,7.93429721900215e-05,2,outandin,Stephan Diehl 0001
4273,4,15,0.16042780748663102,0.0,0.11842559236848517,8.003189899771795e-05,2,outandin,Natalia Konevtsova
3036,4,15,0.16042780748663102,0.0,0.11842559236848517,8.003189899771795e-05,2,outgoing,Julian Heinrich
5071,5,15,0.16042780748663102,5.574923769886101e-07,0.11844304639831103,8.146559643865832e-05,2,incoming,Rudolf Netzel
5725,5,15,0.16042780748663102,0.005021596410357152,0.13445475486239591,6.939066551362081e-05,2,,Thomas Müller 0005
1065,5,15,0.16042780748663102,1.2543578482243729e-06,0.11844304639831103,8.159665743143679e-05,2,outandin,Corinna Vehlow
535,5,15,0.16042780748663102,2.090596413707288e-07,0.11844304639831103,5.240654863484627e-05,2,outgoing,Benjamin Höferlin
2069,5,15,0.16042780748663102,2.090596413707288e-07,0.11844304639831103,5.240654863484626e-05,2,outandin,Gunther Heidemann
1260,5,15,0.16042780748663102,0.0,0.10188084049347622,3.0812131435109004e-06,2,,David J. Duke
19,5,15,0.16042780748663102,0.0,0.10188084049347622,3.081213143510901e-06,2,,Aaron Knoll
4336,5,15,0.16042780748663102,0.0,0.10188084049347622,3.081213143510901e-06,2,outandin,Nicolas Schunck
2112,5,15,0.16042780748663102,0.0,0.10188084049347622,3.081213143510901e-06,2,outandin,Hai Ah Nam
314,5,15,0.16042780748663102,0.0,0.10188084049347622,3.081213143510901e-06,2,outandin,Andrzej Staszczak
5472,6,15,0.16042780748663102,0.0,0.12363631843269851,5.231996222664717e-05,2,outandin,Stephan Wenger
5438,6,15,0.16042780748663102,0.0,0.12363631843269851,5.231996222664717e-05,4,outandin,Stefan Guthe
1422,6,15,0.16042780748663102,0.0,0.12363631843269851,5.231996222664717e-05,2,outandin,Dirk A. Lorenz
263,6,15,0.16042780748663102,0.0,0.12363631843269851,5.231996222664717e-05,2,outandin,Andreas M. Tillmann
2139,7,15,0.16042780748663102,0.00464112403843018,0.11856536881270882,4.097149921019305e-05,2,,Hamish A. Carr
1781,8,15,0.16042780748663102,0.016885390196722975,0.14312307565673024,7.510863438211097e-05,1,,Filip Sadlo
3788,8,15,0.16042780748663102,4.250879374538152e-06,0.1184954393707668,9.28280355084547e-05,2,outgoing,Markus Höferlin
3680,9,15,0.16042780748663102,0.0026904868558792357,0.13154952853372737,6.118944657723363e-05,2,incoming,Marco Ament
3994,10,15,0.16042780748663102,0.0014648244349844167,0.1284379206988238,0.0005802606441693569,2,incoming,Michael Burch
3692,11,15,0.16042780748663102,0.014121275809354877,0.1341629498852321,5.4742850921168006e-05,2,,Marcus A. Magnor
1182,28,15,0.16042780748663102,0.042388778278552176,0.1416098801431789,0.0006322750269261542,1,,Daniel Weiskopf
3649,2,16,0.25,0.0,0.11063271886185853,0.002704275047117452,1,incoming,Maoyuan Sun
4477,2,16,0.25,0.0,0.10498185105323846,0.00022053667193320687,2,outandin,Patrick Fiaux
4474,2,16,0.25,0.0,0.10945737807307823,0.002656420838058503,2,outandin,Patrick Butler
4692,2,16,0.25,0.0,0.10945737807307823,0.002656420838058503,2,outandin,Prithwish Chakraborty
5135,4,16,0.25,0.0,0.11066318780123112,0.003110985828158142,2,outandin,Samah Gad
3400,5,16,0.25,0.0,0.09964489396311722,0.00026920619410153684,2,incoming,Lauren Bradel
6225,5,16,0.25,0.0,0.09964489396311722,0.00026920619410153684,2,outandin,Xinran Hu
4686,5,16,0.25,0.0,0.10950212151690154,0.00329498448310072,2,outandin,Praveen Kumar Reddy Ojili
1017,5,16,0.25,0.0,0.10950212151690154,0.00329498448310072,2,outandin,Cindy Grimm
5029,5,16,0.25,0.0,0.10950212151690154,0.00329498448310072,2,outandin,Rolf Müller
3418,5,16,0.25,0.0,0.10950212151690154,0.00329498448310072,4,outandin,Layne T. Watson
809,5,16,0.25,0.0,0.10502300964617621,0.0002729546196689834,2,outandin,Chao Han
2111,5,16,0.25,0.0,0.09964489396311722,0.00046781355907935034,2,incoming,Haeyong Chung
5269,5,16,0.25,0.0,0.09964489396311722,0.00046781355907935034,2,outandin,Seungwon Yang
4296,5,16,0.25,0.0,0.09964489396311722,0.00046781355907935034,2,outandin,Naveed Massjouni
4775,5,16,0.25,0.0,0.09964489396311722,0.00046781355907935034,2,outandin,Rahul Kanna
3423,7,16,0.25,0.00016159679662037417,0.10505046664216215,0.00030235381343248586,2,incoming,Leanna House
5199,7,16,0.25,0.00016159679662037417,0.10505046664216215,0.00030235381343248586,2,incoming,Scotland Leman
1420,7,16,0.25,0.00016159679662037417,0.10505046664216215,0.00030235381343248586,2,outandin,Dipayan Maiti
965,8,16,0.25,0.0012710088968518089,0.11072417605573717,0.003213141610621504,2,,Christopher Andrews
3623,8,16,0.25,0.00012236957674899995,0.11072417605573717,0.003830469968846671,2,outandin,Mahmud Shahriar Hossain
123,12,16,0.25,0.006114102932569238,0.11790435296545487,0.00033172947618997765,1,,Alex Endert
893,17,16,0.25,0.0072909776663019135,0.11554796115205469,0.0034849163077778963,1,,Chris North 0001
4270,18,16,0.25,0.015411181782083665,0.12901526245184466,0.04334907895533305,1,incoming,Naren Ramakrishnan
4364,2,17,0.1767881241565452,0.0,0.12121207689480248,4.8285459900570856e-06,2,outandin,Ningyu Mao
1052,3,17,0.1767881241565452,0.0,0.12123036201727869,8.409732635113131e-06,2,incoming,Cong Guo 0004
6178,3,17,0.1767881241565452,0.0,0.12123036201727869,5.330395040167392e-06,2,outandin,Xiaomin Zhu
3478,3,17,0.1767881241565452,0.0,0.12123036201727869,4.792611366603253e-06,2,outandin,Limei Che
6324,3,17,0.1767881241565452,0.0,0.12123036201727869,4.792611366603253e-06,2,incoming,Yifan Hu 0001
6210,3,17,0.1767881241565452,0.0,0.12123036201727869,4.792611366603253e-06,2,outandin,Xin Zhang
1460,4,17,0.1767881241565452,6.325742927663844e-05,0.12403705352871437,1.0008622474922347e-05,2,incoming,Donghao Ren
3077,4,17,0.1767881241565452,0.0,0.12566631271501805,4.7888725557091865e-05,2,outandin,Junping Zhang
3128,4,17,0.1767881241565452,0.0,0.10396326905724973,8.753175968049264e-07,2,outandin,Kai Kang
1111,4,17,0.1767881241565452,0.0,0.10396326905724973,8.753175968049264e-07,2,outandin,Dajian Liu
6303,4,17,0.1767881241565452,0.0,0.10396326905724973,8.753175968049264e-07,2,outandin,Ye Yuan
1729,5,17,0.1767881241565452,0.0,0.12126694881734426,5.845629284975726e-06,2,incoming,Fan Hong
1009,5,17,0.1767881241565452,0.0,0.12126694881734426,5.845629284975726e-06,2,incoming,Chufan Lai
1620,5,17,0.1767881241565452,0.0,0.12126694881734426,5.845629284975726e-06,2,outandin,Enya Shen
5366,5,17,0.1767881241565452,0.0,0.12126694881734426,5.845629284975726e-06,2,outandin,Sikun Li
5646,6,17,0.1767881241565452,0.0,0.1398114248108108,2.389799018283732e-05,2,incoming,Tangzhi Ye
2467,6,17,0.1767881241565452,0.0,0.1398114248108108,2.389799018283732e-05,2,outandin,Jacky Yuan
4709,6,17,0.1767881241565452,0.0,0.1398114248108108,2.389799018283732e-05,2,outandin,Qianliang Wu
2235,6,17,0.1767881241565452,0.0,0.12128525049993065,6.453468400664364e-06,2,outgoing,He Xiao
4546,6,17,0.1767881241565452,0.0,0.12128525049993065,6.453468400664364e-06,2,outgoing,Peihong Guo
6058,6,17,0.1767881241565452,0.0,0.12128525049993065,6.453468400664364e-06,2,outandin,Wesley Kendall
6382,6,17,0.1767881241565452,0.0,0.12128525049993065,6.453468400664364e-06,2,outandin,Yongxian Zhang
2721,7,17,0.1767881241565452,0.0,0.12130355770755327,6.941190235473894e-06,2,incoming,Jiang Zhang 0002
4913,7,17,0.1767881241565452,0.0,0.12130355770755327,6.941190235473894e-06,2,incoming,Richen Liu
3542,7,17,0.1767881241565452,0.0,0.12130355770755327,6.941190235473894e-06,2,outandin,Lu Liu 0017
6153,7,17,0.1767881241565452,0.0,0.12130355770755327,6.941190235473894e-06,2,outandin,Xiangfei Meng
2794,7,17,0.1767881241565452,0.0,0.12130355770755327,6.941190235473894e-06,2,outandin,Jingshan Pan
2783,7,17,0.1767881241565452,0.0,0.12135851250566904,6.524260016332368e-06,2,outandin,Jing Ma
6260,7,17,0.1767881241565452,0.0,0.12135851250566904,6.524260016332368e-06,2,outandin,Yahui Zhao
605,7,17,0.1767881241565452,0.0,0.12135851250566904,6.524260016332368e-06,2,outandin,Binghan Xu
3509,7,17,0.1767881241565452,0.0,0.12135851250566904,6.524260016332368e-06,2,outandin,Liting Sun
2802,7,17,0.1767881241565452,0.0,0.12135851250566904,6.524260016332368e-06,2,outandin,Jinyan Chen
4142,8,17,0.1767881241565452,0.0032893158173380784,0.14312307565673024,6.104470138136279e-05,1,incoming,Min Lu 0002
6599,10,17,0.1767881241565452,0.004071098170588502,0.1431740726550045,6.205338692499024e-05,2,incoming,Zuchao Wang
2731,10,17,0.1767881241565452,0.0013935915693772782,0.12141351711928394,6.668411002837186e-06,1,incoming,Jiawan Zhang
1525,10,17,0.1767881241565452,0.0013935915693772782,0.12141351711928394,6.668411002837186e-06,2,outandin,E. Yanli
2708,12,17,0.1767881241565452,8.083639466334846e-06,0.12139517670884296,8.648602381424209e-06,2,outgoing,Jian Huang 0007
2159,17,17,0.1767881241565452,3.275267714808085e-05,0.12148693421202424,1.0194914764932949e-05,1,incoming,Hanqi Guo 0001
6188,38,17,0.1767881241565452,0.035745089817097765,0.145665410515233,7.314967001184772e-05,1,,Xiaoru Yuan
4440,2,18,0.6,0.0,0.0017237664296487825,1.6629481366443828e-31,2,outandin,Pablo Roman
3931,2,18,0.6,0.0,0.0017237664296487825,1.6629481366443828e-31,2,outgoing,Maxim Lazarov
199,2,18,0.6,0.0,0.0017237664296487825,1.6629481366443828e-31,2,outandin,Alvin J. Law
1151,2,18,0.6,0.0,0.0017237664296487825,1.6629481366443828e-31,2,outgoing,Daniel G. Aliaga
58,4,18,0.6,3.344954261931661e-06,0.002585649644473174,2.5967813403322386e-31,2,outgoing,Aditi Majumder
1410,1,19,0.19964349376114082,0.0,0.08937233872470422,1.1858570208980416e-05,2,outandin,Dilip Mathew Thomas
5738,1,19,0.19964349376114082,0.0,0.0795285571313746,5.231555460935264e-07,2,,Thomas Schultz 0001
1995,2,19,0.19964349376114082,0.0009315697619479674,0.08938227892476258,9.06036376314857e-06,2,,Gordon L. Kindlmann
2531,2,19,0.19964349376114082,0.0,0.10197133229444745,0.0001558956872943495,4,outandin,James T. Klosowski
4823,2,19,0.19964349376114082,0.0,0.10199721662806707,0.0002047273449945137,2,outandin,Ravi S. Nanjundiah
4965,2,19,0.19964349376114082,0.002867224512461244,0.12833536726485792,0.0014204699037487977,3,outgoing,Robert Kosara
764,3,19,0.19964349376114082,0.001861467046764969,0.10199721662806707,0.00015639028427778194,1,,Carlos Scheidegger
5948,3,19,0.19964349376114082,0.0009315697619479674,0.10201016372334863,0.00020537469336746154,2,outgoing,Vijay Natarajan
760,3,19,0.19964349376114082,0.0,0.11851291399683533,0.0019069016340177811,2,outgoing,Carlos A. Dietrich
1269,3,19,0.19964349376114082,0.0,0.11851291399683533,0.0019069016340177811,2,,David Koop
5680,4,19,0.19964349376114082,0.0,0.11858286407149776,0.0022807073560074925,2,outandin,Theodoros Damoulas
2358,6,19,0.19964349376114082,2.5087156964487458e-06,0.11856536881270882,0.0037379849938476923,2,,Huy T. Vo
1149,6,19,0.19964349376114082,0.0,0.1186353808403514,0.0025264665005417988,2,outandin,Daniel Fink 0002
5511,6,19,0.19964349376114082,0.0,0.1186353808403514,0.0025264665005417988,2,outandin,Steve Kelling
1000,6,19,0.19964349376114082,0.0,0.1186353808403514,0.0025264665005417988,2,outandin,Christopher Wood
6301,8,19,0.19964349376114082,0.0,0.13836709190987265,0.024081232411756373,2,outandin,Yaxing Wei
6099,8,19,0.19964349376114082,0.0,0.13836709190987265,0.024081232411756373,2,outandin,William W. Hargrove
993,8,19,0.19964349376114082,0.0,0.13836709190987265,0.024081232411756373,2,outandin,Christopher R. Schwalm
1344,8,19,0.19964349376114082,0.0,0.13836709190987265,0.024081232411756373,2,outandin,Deborah N. Huntzinger
4935,8,19,0.19964349376114082,0.0,0.13836709190987265,0.024081232411756373,2,outandin,Robert B. Cook
647,8,19,0.19964349376114082,0.0,0.11865289676842468,0.0027141305753138265,2,incoming,Bowen Yu 0004
6146,8,19,0.19964349376114082,0.0,0.11865289676842468,0.0027141305753138265,3,outandin,Xi Chen
1609,8,19,0.19964349376114082,0.0,0.11865289676842468,0.0027141305753138265,2,outandin,Emily R. Miraldi
3736,8,19,0.19964349376114082,0.0,0.11865289676842468,0.0027141305753138265,2,outandin,Mario Luis Arrieta-Ortiz
943,8,19,0.19964349376114082,0.0,0.11865289676842468,0.0027141305753138265,2,outandin,Christoph Hafemeister
465,8,19,0.19964349376114082,0.0,0.11865289676842468,0.0027141305753138265,2,outandin,Aviv Madar
4889,8,19,0.19964349376114082,0.0,0.11865289676842468,0.0027141305753138265,2,outandin,Richard Bonneau
3410,8,19,0.19964349376114082,0.0037162441850060748,0.11870547560007982,0.0025435139173967405,2,outgoing,Lauro Didier Lins
409,9,19,0.19964349376114082,0.0032278220212817975,0.14136078624670895,0.024158833099327842,2,incoming,Aritra Dasgupta
4369,10,19,0.19964349376114082,1.8397248440624142e-05,0.11875810105106256,0.004389236064177924,1,incoming,Nivan Ferreira
3042,10,19,0.19964349376114082,1.8397248440624142e-05,0.11875810105106256,0.004389236064177924,1,,Juliana Freire
2972,11,19,0.19964349376114082,0.0011839421371579448,0.13843859945091136,0.02476449529511156,1,incoming,Jorge Poco
2214,13,19,0.19964349376114082,0.002798472359388575,0.11875810105106256,0.003340228973700154,1,incoming,Harish Doraiswamy
1041,31,19,0.19964349376114082,0.03327571356347902,0.14175975830173582,0.027380068695636462,0,,Cláudio T. Silva
5947,2,20,0.39285714285714285,0.0,0.002639517345399699,4.8051981326631967e-29,1,incoming,Vidya Setlur
5838,2,20,0.39285714285714285,0.0,0.002111613876319759,3.02824907604454e-29,2,outandin,Tommy Dang
3440,2,20,0.39285714285714285,0.0,0.002111613876319759,3.02824907604454e-29,2,,Leland Wilkinson
2885,2,20,0.39285714285714285,0.0,0.0022624434389140274,4.637683379049375e-29,2,outgoing,John Gerth
5299,2,20,0.39285714285714285,0.0,0.0022624434389140274,4.637683379049375e-29,2,outandin,Sharon Lin
4467,3,20,0.39285714285714285,4.181192827414576e-07,0.0024364775495997215,5.775120024051437e-29,1,outgoing,Pat Hanrahan
398,4,20,0.39285714285714285,8.362385654829153e-06,0.003167420814479638,6.290613255966462e-29,2,,Anushka Anand
3094,5,20,0.39285714285714285,1.0452982068536442e-05,0.0035193564605329316,8.496475382626408e-29,2,,Justin Talbot
2782,1,21,1.0,0.0,0.0006464124111182935,5.739436683167256e-42,2,outandin,Jing Jin
4541,1,21,1.0,0.0,0.0006464124111182935,5.739436683167256e-42,2,outandin,Pedro A. Szekely
2706,3,22,1.0,0.0,0.0019392372333548805,2.5242309480106063e-29,2,outandin,Jian Cui
4521,3,22,1.0,0.0,0.0019392372333548805,2.5242309480106063e-29,1,incoming,Paul Rosen 0001
5970,3,22,1.0,0.0,0.0019392372333548805,2.5242309480106063e-29,4,outandin,Voicu Popescu
950,3,22,1.0,0.0,0.0019392372333548805,2.5242309480106063e-29,4,outandin,Christoph M. Hoffmann
589,4,23,1.0,0.0,0.002585649644473174,2.9672192195572536e-25,2,outandin,Bilkis J. Ferdosi
2340,4,23,1.0,0.0,0.002585649644473174,2.9672192195572536e-25,2,outandin,Hugo Buddelmeijer
5204,4,23,1.0,0.0,0.002585649644473174,2.9672192195572536e-25,2,outandin,Scott C. Trager
4024,4,23,1.0,0.0,0.002585649644473174,2.9672192195572536e-25,2,outandin,Michael H. F. Wilkinson
2976,4,23,1.0,0.0,0.002585649644473174,2.9672192195572536e-25,2,outgoing,Jos B. T. M. Roerdink
484,3,24,1.0,0.0,0.0019392372333548805,2.5242309480106063e-29,2,incoming,Bahador Saket
4456,3,24,1.0,0.0,0.0019392372333548805,2.5242309480106063e-29,2,,Paolo Simonetto
5485,3,24,1.0,0.0,0.0019392372333548805,2.5242309480106063e-29,5,outandin,Stephen G. Kobourov
3199,3,24,1.0,0.0,0.0019392372333548805,2.5242309480106063e-29,4,outandin,Katy Börner
5806,1,25,0.156794425087108,0.0,0.11819915720143262,1.1382558393410402e-06,1,incoming,Tobias Günther
905,3,25,0.156794425087108,0.0,0.11217700583647967,1.148059476910188e-06,2,outandin,Christian Godenschwager
3872,3,25,0.156794425087108,0.0,0.11217700583647967,1.8322069729804016e-06,2,incoming,Mathias Neugebauer
4631,3,25,0.156794425087108,0.0,0.1473480142670591,5.974145808556735e-05,2,outgoing,Philipp Muigg
5615,4,25,0.156794425087108,0.0,0.11219266645435437,1.2585247912510071e-06,2,incoming,Sylvia Saalfeld
5711,4,25,0.156794425087108,0.0,0.11219266645435437,1.2585247912510071e-06,2,outandin,Thomas Hoffmann 0002
3838,4,25,0.156794425087108,0.0,0.11219266645435437,1.2585247912510071e-06,4,outandin,Martin Skalej
3813,4,25,0.156794425087108,0.0,0.12428643207741114,5.224740971808632e-06,2,,Martin Eisemann
4514,5,25,0.156794425087108,0.0,0.11220833144548177,1.9064381519751862e-06,2,incoming,Paul Klemm
3196,5,25,0.156794425087108,0.0,0.11220833144548177,1.9064381519751862e-06,2,incoming,Katrin Hegenscheid
2271,5,25,0.156794425087108,0.0,0.11220833144548177,1.9064381519751862e-06,2,incoming,Henry Völzke
2043,5,25,0.156794425087108,0.0,0.11220833144548177,1.298605695136926e-06,2,outandin,Grzegorz Soza
928,5,25,0.156794425087108,0.0,0.11220833144548177,1.298605695136926e-06,4,outandin,Christian Tietjen
4079,5,25,0.156794425087108,0.0,0.11220833144548177,1.298605695136926e-06,2,outandin,Michael Sühling
539,5,25,0.156794425087108,0.0,0.11990988806513583,2.899291766655581e-06,2,outandin,Benjamin Köhler 0001
5902,5,25,0.156794425087108,0.0,0.11990988806513583,2.899291766655581e-06,2,outandin,Uta Preim
3911,5,25,0.156794425087108,0.0,0.11990988806513583,2.899291766655581e-06,2,outandin,Matthias Gutberlet
5712,5,25,0.156794425087108,0.0,0.13609416931626425,5.13744751765934e-05,1,,Thomas Höllt
1864,5,25,0.156794425087108,0.0,0.13609416931626425,5.13744751765934e-05,2,outandin,Fritz Gschwantner
1882,5,25,0.156794425087108,0.0,0.13609416931626425,5.13744751765934e-05,2,outandin,Gabor Heinemann
1941,5,25,0.156794425087108,0.00025526188439683615,0.12430565658353293,5.414922451160647e-06,2,,Georgia Albuquerque
4875,5,25,0.156794425087108,0.0,0.1277640810512783,9.478891012593393e-06,2,outandin,Reyk Hillert
5995,5,25,0.156794425087108,0.0,0.1277640810512783,9.478891012593393e-06,2,outandin,Walter Schubert
2549,6,25,0.156794425087108,8.362385654829153e-07,0.11222400081169394,1.361491771904926e-06,2,outandin,Jan Kretschmer
3667,6,25,0.156794425087108,8.362385654829153e-07,0.11222400081169394,1.361491771904926e-06,2,outgoing,Marc Stamminger
2598,6,25,0.156794425087108,0.0,0.13886920162649738,2.5125971879676395e-05,2,outgoing,Javier Oliván Bescós
3673,6,25,0.156794425087108,0.0,0.13886920162649738,2.5125971879676395e-05,2,,Marcel Breeuwer
4758,6,25,0.156794425087108,0.0,0.13886920162649738,2.5125971879676395e-05,2,outandin,Rachel E. Clough
503,6,25,0.156794425087108,0.0,0.13886920162649738,2.5125971879676395e-05,2,outgoing,Bart M. ter Haar Romeny
2094,7,25,0.156794425087108,0.0,0.1267964767769865,6.924488316649255e-06,2,incoming,Gábor Janiga
3129,8,25,0.156794425087108,5.0174313928974915e-06,0.1122553526767063,2.1132558604549043e-06,1,incoming,Kai Lawonn
4406,8,25,0.156794425087108,0.00019586930504020262,0.1268164856892126,7.024898137251169e-06,2,incoming,Oliver Beuing
5461,9,25,0.156794425087108,0.0009956174310087368,0.12784538177100546,9.907741062280661e-06,2,,Steffen Oeltze-Jafra
6120,9,25,0.156794425087108,0.003299221075416404,0.13906144139341414,5.388825631462922e-05,2,outgoing,Wolfgang Freiler
1425,10,25,0.156794425087108,0.0031207377757486564,0.13287633429440152,1.049850770502768e-05,1,incoming,Dirk J. Lehmann
5003,11,25,0.156794425087108,0.00044691579696676796,0.1268765503335239,7.501273351305428e-06,2,outandin,Rocco Gasteiger
2255,11,25,0.156794425087108,0.0070160387482977125,0.14956934111530623,7.361475503853357e-05,2,outgoing,Helmut Doleisch
5067,12,25,0.156794425087108,0.0065986903515255265,0.14422757893261673,2.8887826558181447e-05,2,outandin,Roy van Pelt
354,12,25,0.156794425087108,0.0065986903515255265,0.14422757893261673,2.8887826558181447e-05,2,,Anna Vilanova
2300,18,25,0.156794425087108,0.0233771903930001,0.14136078624670895,1.9673277434946266e-05,2,,Holger Theisel
3787,19,25,0.156794425087108,0.031223597360375794,0.16545935141291754,0.000659228104141277,1,,Markus Hadwiger
576,29,25,0.156794425087108,0.013453896827917672,0.13278851120498025,1.7105347287058286e-05,2,,Bernhard Preim
1279,1,26,0.0717154331612163,0.0,0.12329488643948149,0.00027211838175839867,2,outandin,David Lloyd 0002
3545,2,26,0.0717154331612163,0.0,0.1334278714614877,0.0017362153743532038,2,outandin,Luana Micallef
455,2,26,0.0717154331612163,0.0,0.12459473950582022,0.0003998040160944099,2,outandin,Audrey Bowerman
3264,2,26,0.0717154331612163,0.0,0.10632919685267801,2.5250294392742023e-05,2,outandin,Kevin Buchin
3277,2,26,0.0717154331612163,0.0,0.10632919685267801,2.5250294392742023e-05,2,incoming,Kevin Verbeek
2664,3,26,0.0717154331612163,0.0,0.14243815487638078,0.01641529611899937,2,incoming,Jeremy Boy
5040,3,26,0.0717154331612163,0.0,0.14243815487638078,0.01641529611899937,2,outandin,Ronald A. Rensink
5231,3,26,0.0717154331612163,0.0,0.10762502608980051,3.26302791871079e-05,2,outandin,Sean M. Arietta
162,3,26,0.0717154331612163,0.0,0.10762502608980051,3.26302791871079e-05,2,outandin,Alexei A. Efros
4821,3,26,0.0717154331612163,0.0,0.10762502608980051,3.26302791871079e-05,2,outandin,Ravi Ramamoorthi
6482,3,26,0.0717154331612163,0.00027732064378098816,0.1290566998253638,0.0006389161546684822,1,incoming,Yvonne Jansen
830,3,26,0.0717154331612163,2.215237691640996e-05,0.13877328092083238,0.0018533976125935494,1,incoming,Charles Perin
4460,3,26,0.0717154331612163,0.0,0.14221130239117685,0.003814275181838149,3,outandin,Pascal Goffin
5014,3,26,0.0717154331612163,8.362385654829153e-07,0.12463338551683317,0.0006570675167043348,2,incoming,Roger Beecham
433,3,26,0.0717154331612163,0.0,0.12465271751396625,0.0004092891129736705,2,incoming,Arthur van Goethem
274,3,26,0.0717154331612163,0.0,0.12465271751396625,0.0004092891129736705,2,outandin,Andreas W. Reimer
579,3,26,0.0717154331612163,0.0,0.11405564431060748,0.00012024060449858618,2,outandin,Bertjan Broeksema
431,3,26,0.0717154331612163,0.0,0.11405564431060748,0.00012024060449858618,2,outandin,Arthur G. Telea
4454,3,26,0.0717154331612163,0.0,0.11405564431060748,0.00012024060449858618,2,outandin,Paolo Crisafulli
3312,3,26,0.0717154331612163,0.0,0.1393024908671417,0.002741946374659463,2,incoming,Konstantinos Efstathiou 0001
5935,3,26,0.0717154331612163,0.0,0.11407183389816045,6.646723718648162e-05,2,,Veronika Soltészová
3752,3,26,0.0717154331612163,0.0,0.11407183389816045,6.646723718648162e-05,2,outandin,Mark C. Price
1470,3,26,0.0717154331612163,0.0,0.12463338551683317,0.0009031715713176989,2,outandin,Donia Badawood
4661,3,26,0.0717154331612163,0.0,0.13536063160056264,0.0018222212913439654,2,outandin,Pierre-Luc Hemery
4404,3,26,0.0717154331612163,0.0,0.10762502608980051,3.263027918710789e-05,2,outandin,Olga A. Karpenko
6103,3,26,0.0717154331612163,0.0,0.10762502608980051,3.263027918710789e-05,2,incoming,Wilmot Li
4355,3,26,0.0717154331612163,0.0,0.10762502608980051,3.263027918710789e-05,2,outandin,Niloy J. Mitra
5147,4,26,0.0717154331612163,0.0012140629393839902,0.13896525502551277,0.0016684427467149336,2,incoming,Samuel Huron
3877,4,26,0.0717154331612163,0.0,0.11902192977081463,1.9051595600441103e-05,2,incoming,Mathieu Le Muzic
3908,4,26,0.0717154331612163,0.0,0.11902192977081463,1.9051595600441103e-05,2,outandin,Matthias Bernhard
3026,4,26,0.0717154331612163,0.0,0.1335165425839077,0.0039029422040020153,2,outandin,Juhee Bae
551,4,26,0.0717154331612163,0.0,0.1335165425839077,0.0039029422040020153,4,outandin,Benjamin Watson 0001
5336,4,26,0.0717154331612163,0.0,0.12258024249733684,0.0004314241334979516,2,outandin,Shiry Ginosar
464,4,26,0.0717154331612163,0.0,0.12258024249733684,0.0004314241334979516,2,outandin,Avital Steinitz
613,4,26,0.0717154331612163,0.0,0.12258024249733684,0.0004314241334979516,2,outandin,Björn Hartmann
4306,4,26,0.0717154331612163,0.0,0.10735186612510558,0.0001031255973644776,2,outandin,Neesha Kodagoda
5374,4,26,0.0717154331612163,0.0,0.10735186612510558,0.0001031255973644776,2,incoming,Simon Attfield
5297,4,26,0.0717154331612163,0.0,0.10735186612510558,0.0001031255973644776,2,outandin,Sharmin (Tinni) Choudhury
4573,4,26,0.0717154331612163,0.0,0.10735186612510558,0.00017760562559194747,2,outandin,Peter J. Passmore
1459,4,26,0.0717154331612163,0.0,0.10735186612510558,0.00017760562559194747,2,outandin,Dong-Han Ham
6514,4,26,0.0717154331612163,0.0,0.11075469539864118,9.556822985904466e-05,2,outandin,Zhao Geng
6536,4,26,0.0717154331612163,0.0,0.11075469539864118,9.556822985904466e-05,2,outandin,Zhenmin Peng
4669,4,26,0.0717154331612163,0.0,0.139326641784421,0.002909972296136425,2,outandin,Pjotr Svetachov
3605,4,26,0.0717154331612163,0.0,0.139326641784421,0.002909972296136425,2,outgoing,Maarten H. Everts
581,5,26,0.0717154331612163,0.0018614670467649694,0.12469139950543683,0.0004120459360106169,1,incoming,Bettina Speckmann
3490,5,26,0.0717154331612163,5.574923769886101e-07,0.13935080107725686,0.00305965335704634,1,incoming,Lingyun Yu 0001
3666,5,26,0.0717154331612163,0.0,0.10582513429188048,6.2099470428914105e-06,2,outandin,Marc Ruiz
382,5,26,0.0717154331612163,0.0,0.10582513429188048,6.2099470428914105e-06,2,outandin,Anton Bardera
2395,5,26,0.0717154331612163,0.0,0.10582513429188048,6.2099470428914105e-06,2,outandin,Imma Boada
4181,5,26,0.0717154331612163,0.0,0.10582513429188048,6.2099470428914105e-06,2,outgoing,Miquel Feixas
3867,5,26,0.0717154331612163,0.0,0.10582513429188048,6.2099470428914105e-06,2,outgoing,Mateu Sbert
5697,6,26,0.0717154331612163,0.002789691854451005,0.13542906468023935,0.001841912914135661,2,outandin,Thomas Baudel
3516,6,26,0.0717154331612163,0.0,0.10865820305740136,0.0001096399162094311,2,outandin,Llyr ap Cenydd
5260,6,26,0.0717154331612163,0.0,0.10865820305740136,0.0001096399162094311,2,outandin,Serban R. Pop
2247,6,26,0.0717154331612163,0.0,0.10865820305740136,0.0001096399162094311,2,outandin,Helen C. Miles
889,6,26,0.0717154331612163,0.0,0.10865820305740136,0.0001096399162094311,2,outandin,Chris J. Hughes
6088,6,26,0.0717154331612163,0.0,0.10865820305740136,0.0001096399162094311,2,outandin,William John Teahan
5184,8,26,0.0717154331612163,0.0,0.12473010551180203,0.001269765372852562,1,incoming,Sarah Goodwin
5178,8,26,0.0717154331612163,0.0,0.12473010551180203,0.001269765372852562,2,incoming,Sara Jones 0001
2375,8,26,0.0717154331612163,0.0,0.12473010551180203,0.001269765372852562,2,outandin,Iain Dillingham
2002,8,26,0.0717154331612163,0.0,0.12473010551180203,0.001269765372852562,2,outandin,Graham Dove
180,8,26,0.0717154331612163,0.0,0.12473010551180203,0.001269765372852562,2,outandin,Alison Duffy
136,8,26,0.0717154331612163,0.0,0.12473010551180203,0.001269765372852562,2,incoming,Alexander Kachkaev
1376,8,26,0.0717154331612163,0.0,0.12594202629878395,0.0012820967763282972,2,outandin,Derek Stephens
6378,8,26,0.0717154331612163,0.0,0.12594202629878395,0.0012820967763282972,2,outandin,Yongjun Zheng
895,8,26,0.0717154331612163,8.083639466334846e-06,0.10740925819467259,0.00026619934659338236,2,outandin,Chris Rooney
4238,8,26,0.0717154331612163,0.0033433139659052105,0.14879393997640075,0.006898959648318057,2,incoming,Nadia Boukhelifa
6059,9,26,0.0717154331612163,0.009179930092383081,0.14511304980363676,0.006108949562080403,1,,Wesley Willett
2956,9,26,0.0717154331612163,0.00021907891161191138,0.110831067413121,0.00012549464522649618,1,incoming,Jonathan Roberts 0002
742,10,26,0.0717154331612163,0.005042265075464527,0.13217698516653625,0.0010019294258835963,1,incoming,Cagatay Turkay
4657,11,26,0.0717154331612163,0.011394862719021901,0.1502123494976711,0.006619174619558427,1,,Pierre Dragicevic
228,11,26,0.0717154331612163,0.002025995121743222,0.15324867845395507,0.03362176726891673,1,,Anastasia Bezerianos
3134,11,26,0.0717154331612163,0.0012348456150298014,0.12600126525753222,0.0013160197048880141,2,,Kai Xu 0003
4647,11,26,0.0717154331612163,0.0012348456150298014,0.12600126525753222,0.0013160197048880141,1,incoming,Phong Hai Nguyen
3636,12,26,0.0717154331612163,0.007652084432825524,0.12645728871951856,0.0004998487708278797,2,,Maneesh Agrawala
2430,12,26,0.0717154331612163,0.005312489914728218,0.12394140496800438,8.26992049019526e-05,1,,Ivan Viola
480,12,26,0.0717154331612163,0.0030882290223283315,0.12602102396307674,0.0013135176140788094,2,incoming,B. L. William Wong
5808,14,26,0.0717154331612163,0.008167985194633541,0.15844559736051664,0.00792747763141258,1,,Tobias Isenberg 0001
4917,17,26,0.0717154331612163,0.01992407455125398,0.12782504689240343,0.0013347287251419579,2,outandin,Rick Walker
2612,20,26,0.0717154331612163,0.022172503874266166,0.1602464745388914,0.02344942238401915,1,,Jean-Daniel Fekete
76,20,26,0.0717154331612163,0.013350861275544667,0.14865632072004079,0.004661956704790191,2,,Aidan Slingsby
2587,22,26,0.0717154331612163,0.01467312794824369,0.1487113378631644,0.004712680725914723,2,,Jason Dykes
4608,27,26,0.0717154331612163,0.10829388460734649,0.17256518570164062,0.03649953619121817,1,,Petra Isenberg
2809,28,26,0.0717154331612163,0.02786659912428781,0.15057824054947355,0.006266942055797204,2,,Jo Wood
4423,4,27,1.0,0.0,0.002585649644473174,2.9672192195572536e-25,2,outandin,Orland Hoeber
1896,4,27,1.0,0.0,0.002585649644473174,2.9672192195572536e-25,2,outandin,Garnett Carl Wilson
5379,4,27,1.0,0.0,0.002585649644473174,2.9672192195572536e-25,2,outandin,Simon Harding
4867,4,27,1.0,0.0,0.002585649644473174,2.9672192195572536e-25,2,outandin,René Enguehard
5008,4,27,1.0,0.0,0.002585649644473174,2.9672192195572536e-25,2,outandin,Rodolphe Devillers
3810,1,28,1.0,0.0,0.0006464124111182935,5.739436683167256e-42,2,outandin,Martijn Tennekes
1550,1,28,1.0,0.0,0.0006464124111182935,5.739436683167256e-42,2,outandin,Edwin de Jonge
5430,1,29,0.12682926829268293,0.0,0.10718005732362502,3.633729320465778e-05,2,incoming,Stef van den Elzen
4528,1,29,0.12682926829268293,0.0,0.10718005732362502,3.633729320465778e-05,2,outandin,Paul van der Corput
2576,1,29,0.12682926829268293,0.0,0.10718005732362502,3.633729320465778e-05,2,outandin,Jarry H. T. Claessen
3177,2,29,0.12682926829268293,0.0,0.10719435371649198,3.856409188195886e-05,2,incoming,Kasper Dinkla
4101,2,29,0.12682926829268293,0.0,0.10719435371649198,3.856409188195886e-05,4,outandin,Michel A. Westenberg
1028,2,29,0.12682926829268293,0.0,0.11860036449417656,0.0017024858121024477,2,outandin,Claurissa Tuttle
1666,3,29,0.12682926829268293,0.0,0.11861787008303179,0.0018110975228125088,2,outandin,Erik W. Anderson
1759,4,29,0.12682926829268293,0.0,0.10882005007617337,0.00012975760955367388,2,outandin,Felipe S. L. G. Duarte
1722,4,29,0.12682926829268293,0.0,0.10882005007617337,0.00012975760955367388,2,outandin,Fabio Sikansi
1817,4,29,0.12682926829268293,0.0,0.10882005007617337,0.00012975760955367388,2,outandin,Francisco M. Fatore
5143,4,29,0.12682926829268293,0.0,0.10882005007617337,0.00012975760955367388,2,incoming,Samuel G. Fadel
3538,4,29,0.12682926829268293,0.0,0.12052130621063892,0.0005771803415663643,2,outandin,Louise Barrett
3693,4,29,0.12682926829268293,0.0,0.12052130621063892,0.0005771803415663643,2,outandin,Marcus Dostie
5116,4,29,0.12682926829268293,0.0,0.12052130621063892,0.0005771803415663643,2,outandin,S. Peter Henzi
4431,4,29,0.12682926829268293,0.0,0.11594806951558799,0.00016793172692789585,2,outandin,Ozan Ersoy
1883,4,29,0.12682926829268293,0.0,0.11594806951558799,0.00016793172692789585,2,outandin,Gabriel Cantareiro
160,4,29,0.12682926829268293,0.0,0.11594806951558799,0.00016793172692789585,2,,Alexandru C. Telea
5133,4,29,0.12682926829268293,0.0,0.12156044014710941,0.0005855966280548878,2,outgoing,Salvatore Rinzivillo
5449,4,29,0.12682926829268293,0.0,0.12156044014710941,0.0005855966280548878,2,outandin,Stefan Wrobel
2424,4,29,0.12682926829268293,0.0,0.12052130621063892,0.0005771803415663643,2,outandin,Iulian Peca
2195,4,29,0.12682926829268293,0.0,0.12052130621063892,0.0005771803415663643,2,outandin,Haolin Zhi
3182,4,29,0.12682926829268293,0.0,0.12052130621063892,0.0005771803415663643,2,,Katerina Vrotsou
1190,4,29,0.12682926829268293,0.0,0.10890853365124548,0.00026845683013984286,2,outandin,Danilo Barbosa Coimbra
3011,4,29,0.12682926829268293,0.0,0.10890853365124548,0.00026845683013984286,2,outandin,José Alberto Cuminato
3829,4,29,0.12682926829268293,0.0,0.12052130621063892,0.0005771803415663643,2,outandin,Martin Mladenov
4055,4,29,0.12682926829268293,0.0,0.12052130621063892,0.0005771803415663643,2,outandin,Michael Mock
917,4,29,0.12682926829268293,0.0,0.12052130621063892,0.0005771803415663643,2,outandin,Christian Pölitz
1577,5,29,0.12682926829268293,0.0,0.10473557536980846,0.0002874866209910369,2,outandin,Elisa Portes dos Santos
1606,5,29,0.12682926829268293,0.0,0.10473557536980846,0.0002874866209910369,2,outandin,Emilio Vital Brazil
3733,5,29,0.12682926829268293,0.0,0.10473557536980846,0.00028748662099103685,2,incoming,Mario Costa Sousa
5012,5,29,0.12682926829268293,0.0,0.12578432772148074,0.0006191371584129968,2,incoming,Roeland Scheepens
4341,5,29,0.12682926829268293,0.0,0.12578432772148074,0.0006191371584129968,2,outandin,Niels Willems
2832,7,29,0.12682926829268293,0.0012807180246260793,0.11868794414599622,0.0018810087455575027,2,outandin,Joel Daniels II
4535,8,29,0.12682926829268293,0.00036669121416868186,0.10896760268644616,0.00041822045188749034,2,outandin,Paulo Joia
959,8,29,0.12682926829268293,0.008546746586648704,0.12766260044678956,0.0007145226726390906,1,,Christophe Hurter
2356,9,29,0.12682926829268293,0.015956096576165764,0.13449976063808206,0.0006324956619871997,4,incoming,Huub van de Wetering
2572,10,29,0.12682926829268293,0.004648650185519526,0.1258828430157488,0.0006292986489746835,0,,Jarke J. van Wijk
3562,11,29,0.12682926829268293,0.0024008166873470717,0.12244950019999093,0.0021046798580184665,1,,Luis Gustavo Nonato
1778,13,29,0.12682926829268293,0.011522545583017001,0.12808990593123054,0.0018579536390810408,3,outgoing,Fernando Vieira Paulovich
4274,24,29,0.12682926829268293,0.02888288868349896,0.14461689217429197,0.00442074274224303,1,,Natalia V. Andrienko
1909,24,29,0.12682926829268293,0.02888288868349896,0.14461689217429197,0.00442074274224303,1,,Gennady L. Andrienko
4176,3,30,1.0,0.0,0.0019392372333548805,2.5242309480106063e-29,2,outandin,Minoo Erfani Joorabchi
2693,3,30,1.0,0.0,0.0019392372333548805,2.5242309480106063e-29,2,outandin,Ji-Dong Yim
896,3,30,1.0,0.0,0.0019392372333548805,2.5242309480106063e-29,2,outgoing,Chris Shaw 0002
4201,3,30,1.0,0.0,0.0019392372333548805,2.5242309480106063e-29,2,outandin,Mona Erfani Joorabchi
2556,1,31,0.5,0.0,0.0014775140825560992,7.762520965448631e-33,3,outandin,Jan Zahálka
1852,1,31,0.5,0.0,0.0014775140825560992,7.762520965448631e-33,2,outandin,Fred Olislagers
1999,2,31,0.5,0.0,0.0017237664296487825,1.3542837846588018e-32,2,outandin,Gosia Migut
2545,2,31,0.5,0.0,0.0017237664296487825,1.3542837846588018e-32,2,incoming,Jan C. van Gemert
3676,4,31,0.5,4.181192827414576e-06,0.002585649644473174,1.8186989550491318e-32,3,outandin,Marcel Worring
4257,3,32,1.0,0.0,0.0019392372333548805,2.5242309480106063e-29,2,outandin,Nan Zhang
6154,3,32,1.0,0.0,0.0019392372333548805,2.5242309480106063e-29,2,outandin,Xiangmin Zhou
6461,3,32,1.0,0.0,0.0019392372333548805,2.5242309480106063e-29,2,outandin,Yunhe Shen
4973,3,32,1.0,0.0,0.0019392372333548805,2.5242309480106063e-29,2,outandin,Robert M. Sweet
2746,2,33,1.0,0.0,0.001292824822236587,1.4279143216674162e-34,3,outandin,Jie Li 0006
3152,2,33,1.0,0.0,0.001292824822236587,1.4279143216674162e-34,2,outandin,Kang Zhang 0001
6518,2,33,1.0,0.0,0.001292824822236587,1.4279143216674162e-34,2,outandin,Zhaopeng Meng
5473,2,34,1.0,0.0,0.001292824822236587,1.4279143216674162e-34,2,outandin,Stephanie Dudzic
2437,2,34,1.0,0.0,0.001292824822236587,1.4279143216674162e-34,2,outandin,J. Alex Godwin
5106,2,34,1.0,0.0,0.001292824822236587,1.4279143216674162e-34,2,outandin,Ryan M. Kilgore
3159,2,35,0.06764946764946765,0.0,0.11790435296545487,1.6244225392816945e-05,1,incoming,Karen B. Schloss
2833,2,35,0.06764946764946765,0.0,0.08912455027309975,6.551975101357878e-06,2,outandin,Joel Dearden
509,2,35,0.06764946764946765,0.0,0.089025819188273,2.7694123503103336e-06,2,incoming,Bastian Rieck
2339,2,35,0.06764946764946765,0.0,0.089025819188273,2.7694123503103336e-06,2,outandin,Hubert Mara
1401,2,35,0.06764946764946765,0.0,0.11694354915782021,1.64116559876119e-05,2,outandin,Diem Tran
4242,2,35,0.06764946764946765,0.0,0.1038289495881835,0.00016527661910556085,2,outandin,Nadya A. Calderón
571,2,35,0.06764946764946765,0.0,0.1038289495881835,0.00016527661910556085,2,outandin,Bernhard E. Riecke
2667,2,35,0.06764946764946765,0.0,0.11386172709160391,3.814293575152726e-05,2,outandin,Jeremy G. Freeman
6000,2,35,0.06764946764946765,0.0,0.11503522327691675,0.0002774019855862441,2,outandin,Waqas Javed
724,2,35,0.06764946764946765,0.0,0.11503522327691675,0.0002774019855862441,2,outgoing,Bryan McDonnel
5506,2,35,0.06764946764946765,0.0,0.1139909318883036,5.676045721643439e-05,2,outandin,Steve DiPaola
1870,3,35,0.06764946764946765,0.0,0.12321926860051217,8.206612431268453e-05,3,outandin,Fumeng Yang
1058,3,35,0.06764946764946765,0.0006640524301808113,0.12515746298279712,4.248355855562194e-05,2,incoming,Connor Gramazio
2791,3,35,0.06764946764946765,0.0,0.11387786167104157,3.4021793981535715e-05,2,outandin,Jingjing Liu
756,3,35,0.06764946764946765,0.0,0.11387786167104157,3.4021793981535715e-05,2,outandin,Carla E. Brodley
2126,3,35,0.06764946764946765,0.0,0.13303030455430234,0.00019726963807427085,2,outandin,Haipeng Cai
141,3,35,0.06764946764946765,0.0,0.13303030455430234,0.00019726963807427085,2,outandin,Alexander P. Auchus
5667,3,35,0.06764946764946765,0.0008242433888119369,0.1204851678879371,0.00020398519796716288,2,outgoing,Tera Marie Green
520,3,35,0.06764946764946765,0.0,0.11730200989819595,0.00018844478163741635,2,outandin,Ben Maule
5413,3,35,0.06764946764946765,0.0,0.12474946752755982,0.00013656081341043382,2,outandin,Soo-Yeon Ji
5863,3,35,0.06764946764946765,0.0,0.1169605690310785,1.5506810702114503e-05,2,outandin,Trevor M. O'Brien
349,3,35,0.06764946764946765,0.0,0.1169605690310785,1.5506810702114503e-05,2,outandin,Anna M. Ritz
537,3,35,0.06764946764946765,0.0,0.1169605690310785,1.5506810702114503e-05,2,outandin,Benjamin J. Raphael
5321,4,35,0.06764946764946765,0.0,0.11731913427920299,0.00020054103069210195,2,outandin,Sherry Towers
5233,4,35,0.06764946764946765,0.0,0.11731913427920299,0.00020054103069210195,2,outandin,Sean McCullough
5541,4,35,0.06764946764946765,0.0,0.12492399655099339,4.457353650282941e-05,2,incoming,Steven R. Gomez
3462,4,35,0.06764946764946765,0.0,0.11978477713706073,0.00021217179655148166,2,outandin,Li Yu
6559,4,35,0.06764946764946765,0.0,0.11978477713706073,0.00021217179655148166,2,outandin,Zhiqiang Ma 0004
5403,4,35,0.06764946764946765,0.0,0.12502116829691046,0.0031058313736598035,2,outandin,Sohaib Ghani
5272,4,35,0.06764946764946765,0.0,0.12502116829691046,0.0031058313736598035,2,outandin,Seungyoon Lee
1526,4,35,0.06764946764946765,0.0,0.10146920073390663,3.7797044039122817e-05,2,outandin,Eamonn Maguire
4640,4,35,0.06764946764946765,0.0,0.10146920073390663,3.7797044039122817e-05,2,outandin,Philippe Rocca-Serra
5592,4,35,0.06764946764946765,0.0,0.10146920073390663,3.7797044039122817e-05,2,outandin,Susanna-Assunta Sansone
2763,4,35,0.06764946764946765,0.0,0.10146920073390663,3.7797044039122817e-05,2,outandin,Jim Davies
1495,4,35,0.06764946764946765,0.0,0.12841739690197193,0.00021416187185936694,2,outandin,Drew Skau
5573,4,35,0.06764946764946765,0.0,0.10678130079890252,0.00028762314867759815,2,incoming,Sung-Hee Kim
552,4,35,0.06764946764946765,0.0,0.10678130079890252,0.00028762314867759815,2,outandin,Benjavan Upatising
4763,4,35,0.06764946764946765,0.0,0.12492399655099339,4.457353650282941e-05,2,outgoing,Radu Jianu
1627,4,35,0.06764946764946765,0.0,0.11978477713706073,0.00021564165978939364,2,outgoing,Eric A. Bier
2236,4,35,0.06764946764946765,0.0,0.11821654454435722,5.901642862456175e-05,2,outgoing,Heather Lipford
1757,4,35,0.06764946764946765,0.0,0.11821654454435722,5.901642862456175e-05,2,outgoing,Felesia Stukes
3894,4,35,0.06764946764946765,0.0,0.11821654454435722,5.901642862456175e-05,2,outandin,Matthew E. Hawkins
1697,4,35,0.06764946764946765,0.0,0.12476883555543246,0.0001528792830357358,2,outgoing,Evan A. Suma
2330,5,35,0.06764946764946765,0.00015536700009497224,0.12494341881413874,4.548023613218438e-05,2,incoming,Hua Guo
6060,5,35,0.06764946764946765,0.0,0.12323816436321736,0.0004994815536491915,2,outandin,Whitney Huang
77,5,35,0.06764946764946765,0.0,0.12478820959822057,0.00024788575465417096,2,outgoing,Aidong Lu
677,5,35,0.06764946764946765,0.0023570057945491527,0.12126694881734426,0.0026960533068952517,2,outgoing,Brian D. Fisher
441,5,35,0.06764946764946765,0.0,0.12808990593123054,0.00016251667982433805,2,outandin,Ashley Rye Yauilla
5179,5,35,0.06764946764946765,0.0,0.12808990593123054,0.00016251667982433805,2,outandin,Sara L. Su
3167,5,35,0.06764946764946765,0.0,0.10152047370042197,4.2218334889394964e-05,2,outandin,Karl J. Proctor
5659,5,35,0.06764946764946765,0.0,0.10152047370042197,4.2218334889394964e-05,2,outandin,Tavi Murray
2380,5,35,0.06764946764946765,0.0,0.10152047370042197,4.2218334889394964e-05,2,outgoing,Ian M. Thornton
2251,6,35,0.06764946764946765,0.0,0.1153489406936329,6.496135446224222e-05,2,outandin,Helen Zhao
4730,6,35,0.06764946764946765,0.0,0.1153489406936329,6.496135446224222e-05,2,outandin,Quan Lin
4909,6,35,0.06764946764946765,0.0,0.1153489406936329,6.496135446224222e-05,2,outandin,Richard Souvenir
4612,6,35,0.06764946764946765,0.0,0.10150765060155872,4.479879701944712e-05,2,outandin,Philip A. Legg
1255,6,35,0.06764946764946765,0.0,0.10150765060155872,4.479879701944712e-05,2,outandin,David H. S. Chung
3902,6,35,0.06764946764946765,0.0,0.10150765060155872,4.479879701944712e-05,2,outandin,Matthew L. Parry
4878,6,35,0.06764946764946765,0.0,0.10150765060155872,4.479879701944712e-05,2,outandin,Rhodri Bown
2434,6,35,0.06764946764946765,0.0,0.10150765060155872,4.479879701944712e-05,2,outandin,Iwan W. Griffiths
165,6,35,0.06764946764946765,0.0,0.10150765060155872,4.561486940946291e-05,3,outandin,Alfie Abdul-Rahman
1742,6,35,0.06764946764946765,0.0,0.10150765060155872,4.561486940946291e-05,2,outandin,Farhan Mohamed
4611,6,35,0.06764946764946765,0.0,0.10150765060155872,4.561486940946291e-05,2,outandin,Phil W. Grant
2410,6,35,0.06764946764946765,0.0,0.10150765060155872,4.561486940946291e-05,2,outandin,Irene Reppa
3555,6,35,0.06764946764946765,0.0,0.10150765060155872,4.561486940946291e-05,2,outandin,Luciano Floridi
3324,7,35,0.06764946764946765,0.0,0.1151506046442958,0.00044141481474109246,2,outandin,Krishna P. C. Madhavan
4120,7,35,0.06764946764946765,0.0,0.1151506046442958,0.00044141481474109246,2,outandin,Mihaela Vorvoreanu
6203,7,35,0.06764946764946765,0.0,0.1151506046442958,0.00044141481474109246,1,incoming,Xin Chen
6436,7,35,0.06764946764946765,0.0,0.1151506046442958,0.00044141481474109246,2,outandin,Yuet Ling Wong
61,7,35,0.06764946764946765,0.0,0.1151506046442958,0.00044141481474109246,2,outandin,Aditya Johri
2705,7,35,0.06764946764946765,0.012539236617357367,0.15769938575599302,0.00298160920689238,1,,Jian Chen 0006
4741,7,35,0.06764946764946765,0.0002602463052971781,0.1281307509267443,0.00017029382110963432,2,incoming,R. Jordan Crouser
2242,7,35,0.06764946764946765,0.0018614670467649694,0.10154612961998237,4.253925076471002e-05,1,,Heike Leitte
5698,7,35,0.06764946764946765,2.7016188455571664e-05,0.12482697573975464,0.00026918656377902627,2,,Thomas Butkiewicz
5065,7,35,0.06764946764946765,0.0,0.1281307509267443,0.00029308991427547343,2,outandin,Roxanne Ryan
5526,8,35,0.06764946764946765,0.01884034801379229,0.1394233292526961,0.0005774760520783949,1,incoming,Steven Franconeri
1573,8,35,0.06764946764946765,4.498291993888325e-05,0.11538206314609338,6.885246948834077e-05,2,incoming,Eli T. Brown
200,8,35,0.06764946764946765,0.0004174296512100653,0.11928693332529916,9.873470226822807e-05,1,incoming,Alvitta Ottley
5381,8,35,0.06764946764946765,0.0,0.11762823035897839,0.000459237127974527,2,incoming,Simon J. Walton
6277,8,35,0.06764946764946765,0.0,0.11762823035897839,0.000459237127974527,2,outandin,Yang Yang
3777,8,35,0.06764946764946765,0.0004649486424085009,0.1015333000394871,4.855364574029421e-05,2,,Mark W. Jones
2692,9,35,0.06764946764946765,0.0018859470413186965,0.1251769579147259,0.0033570873903845297,2,,Ji Soo Yi
3368,10,35,0.06764946764946765,0.0035421503250468336,0.13407341838714387,0.0003435237352576018,1,incoming,Lane Harrison
2151,10,35,0.06764946764946765,0.0003007442802312336,0.11524968733866921,0.0006565724366109299,2,outandin,Hanjun Xian
6550,10,35,0.06764946764946765,0.0003007442802312336,0.11524968733866921,0.0006565724366109299,2,outandin,Zhihua Dong
1457,10,35,0.06764946764946765,8.584070632481348e-05,0.12819206728545868,0.0003250085034917841,2,outgoing,Dong Hyun Jeong
4110,12,35,0.06764946764946765,0.021854771639565805,0.143891865678163,0.0002459074017397501,2,outgoing,Michelle X. Zhou
3069,12,35,0.06764946764946765,0.0039778964352905994,0.129681470035911,0.0005583117804360767,2,outandin,Junghoon Chae
4922,12,35,0.06764946764946765,0.0004850183679800908,0.10161032618694404,5.852986036371318e-05,1,,Rita Borgo
1252,13,35,0.06764946764946765,0.012122901908885363,0.13954437746354234,0.0002356583353753243,2,,David H. Laidlaw
2754,13,35,0.06764946764946765,0.0,0.128561201377786,0.001215359064323083,2,incoming,Jieqiong Zhao
2786,13,35,0.06764946764946765,0.0,0.128561201377786,0.001215359064323083,2,incoming,Jing Xia
2012,13,35,0.06764946764946765,0.0,0.128561201377786,0.001215359064323083,4,incoming,Greg Abram
3441,13,35,0.06764946764946765,0.0,0.128561201377786,0.001215359064323083,2,outandin,Len Kne
1326,13,35,0.06764946764946765,0.0,0.128561201377786,0.001215359064323083,2,outandin,David Van Riper
3223,13,35,0.06764946764946765,0.0,0.128561201377786,0.001215359064323083,2,,Kelly P. Gaither
5308,13,35,0.06764946764946765,0.0,0.128561201377786,0.001215359064323083,2,outandin,Shaun Kennedy
6087,13,35,0.06764946764946765,0.0,0.128561201377786,0.001215359064323083,2,outandin,William J. Tolone
31,14,35,0.06764946764946765,0.0012153230005278728,0.12384590380837422,0.0008097589253010818,2,outandin,Abish Malik
6454,14,35,0.06764946764946765,0.007615674816959677,0.1356347797151967,0.000832991139451246,2,outgoing,Yun Jang
772,16,35,0.06764946764946765,0.010829642198568459,0.1380343644473618,0.0004250724272496389,2,,Caroline Ziemkiewicz
6052,17,35,0.06764946764946765,0.004036512530719178,0.13449976063808206,0.0003955305638816707,1,,Wenwen Dou
5061,19,35,0.06764946764946765,0.007817799071858086,0.13529226764520882,0.0007499606363474111,1,,Ross Maciejewski
5575,19,35,0.06764946764946765,0.0036500123335723067,0.12916040980593704,0.0014214418968565312,3,outandin,Sungahn Ko
5313,20,35,0.06764946764946765,0.0038450485281769915,0.12930588412108454,0.001463762042422508,2,outandin,Shehzad Afzal
1380,26,35,0.06764946764946765,0.016816441673663547,0.1433528487000607,0.0014353916495936086,2,incoming,Derek Xiaoyu Wang
1306,27,35,0.06764946764946765,0.025525336823839548,0.1398114248108108,0.0015820479368072104,0,,David S. Ebert
4141,28,35,0.06764946764946765,0.02113174854975327,0.1180255646662565,0.0005098688421326332,1,,Min Chen 0001
4855,29,35,0.06764946764946765,0.018808400144993843,0.1351784810450026,0.0004610708677406002,1,,Remco Chang
4347,30,35,0.06764946764946765,0.026039023288883002,0.13683570063213696,0.004463120807833479,1,,Niklas Elmqvist
6093,31,35,0.06764946764946765,0.019719962748103,0.14348081946304952,0.0014801991134779438,1,,William Ribarsky
862,2,36,0.6,0.0,0.002020038784744667,2.0817501692969334e-28,2,outandin,Cheuk Yiu Ip
2990,2,36,0.6,0.0,0.002020038784744667,2.0817501692969334e-28,2,outgoing,Joseph F. JáJá
5566,3,36,0.6,0.0,0.002308615753993905,3.7315730136323663e-28,2,outandin,Sujal Bista
2699,3,36,0.6,0.0,0.002308615753993905,3.7315730136323663e-28,2,outandin,Jiachen Zhuo
4813,3,36,0.6,0.0,0.002308615753993905,3.7315730136323663e-28,2,outandin,Rao P. Gullapalli
218,5,36,0.6,5.0174313928974915e-06,0.003232062055591467,4.708507206964154e-28,1,outgoing,Amitabh Varshney
4654,9,37,1.0,0.0,0.005817711700064641,1.3049968136254513e-12,2,outandin,Pierre Accorsi
4281,9,37,1.0,0.0,0.005817711700064641,1.3049968136254513e-12,2,outandin,Nathalie Lalande
4112,9,37,1.0,0.0,0.005817711700064641,1.3049968136254513e-12,2,outandin,Mickaël Fabrègue
70,9,37,1.0,0.0,0.005817711700064641,1.3049968136254513e-12,2,outandin,Agnès Braud
4463,9,37,1.0,0.0,0.005817711700064641,1.3049968136254513e-12,2,outandin,Pascal Poncelet
418,9,37,1.0,0.0,0.005817711700064641,1.3049968136254513e-12,2,outandin,Arnaud Sallaberry
5157,9,37,1.0,0.0,0.005817711700064641,1.3049968136254513e-12,2,outandin,Sandra Bringay
3619,9,37,1.0,0.0,0.005817711700064641,1.3049968136254513e-12,2,outandin,Maguelonne Teisseire
1784,9,37,1.0,0.0,0.005817711700064641,1.3049968136254513e-12,2,outandin,Flavie Cernesson
1785,9,37,1.0,0.0,0.005817711700064641,1.3049968136254513e-12,2,outandin,Florence Le Ber
3644,1,38,1.0,0.0,0.0006464124111182935,5.739436683167256e-42,2,incoming,Manuel Rubio-Sánchez
113,1,38,1.0,0.0,0.0006464124111182935,5.739436683167256e-42,2,incoming,Alberto Sánchez 0001
924,3,39,1.0,0.0,0.0019392372333548805,2.5242309480106063e-29,2,incoming,Christian Schulte zu Berge
3935,3,39,1.0,0.0,0.0019392372333548805,2.5242309480106063e-29,2,incoming,Maximilian Baust
342,3,39,1.0,0.0,0.0019392372333548805,2.5242309480106063e-29,2,outandin,Ankur Kapoor
4272,3,39,1.0,0.0,0.0019392372333548805,2.5242309480106063e-29,2,incoming,Nassir Navab
1592,4,40,1.0,0.0,0.002585649644473174,2.9672192195572536e-25,2,outandin,Ellen Isaacs
3221,4,40,1.0,0.0,0.002585649644473174,2.9672192195572536e-25,2,outandin,Kelly Domico
5285,4,40,1.0,0.0,0.002585649644473174,2.9672192195572536e-25,2,outandin,Shane Ahern
1686,4,40,1.0,0.0,0.002585649644473174,2.9672192195572536e-25,2,outandin,Eugene Bart
4223,4,40,1.0,0.0,0.002585649644473174,2.9672192195572536e-25,4,outandin,Mudita Singhal
6495,1,41,1.0,0.0,0.0006464124111182935,5.739436683167256e-42,2,outandin,Zan Armstrong
3842,1,41,1.0,0.0,0.0006464124111182935,5.739436683167256e-42,2,,Martin Wattenberg
6062,1,42,0.13297872340425532,0.0,0.11571433690605333,2.8715142359112033e-06,2,outandin,Wieland Reich
3379,2,42,0.13297872340425532,0.0,0.10575550333103571,2.696688561990223e-07,2,outandin,Lars Huettenberger
5543,2,42,0.13297872340425532,0.0,0.11573100083705938,3.0602326847777494e-06,2,outandin,Steven Schlegel
4328,2,42,0.13297872340425532,0.0,0.11573100083705938,3.0602326847777494e-06,2,outandin,Nico Korn
1838,3,42,0.13297872340425532,0.0,0.13024895783023344,1.9701565579319726e-05,2,outgoing,Frans Vos
1243,3,42,0.13297872340425532,0.0,0.13024895783023344,1.9701565579319726e-05,2,outandin,David Foerster
3791,4,42,0.13297872340425532,0.0,0.1231814944531791,4.1193537099895385e-05,2,incoming,Markus John
265,4,42,0.13297872340425532,0.0,0.1231814944531791,4.1193537099895385e-05,2,outandin,Andreas Müller 0012
2547,4,42,0.13297872340425532,0.0,0.12424800089866117,4.822573519890425e-06,2,outandin,Jan Friedrich
1423,4,42,0.13297872340425532,0.0,0.12424800089866117,4.822573519890425e-06,2,outgoing,Dirk Bartz
5440,4,42,0.13297872340425532,0.0,0.11742198565349801,3.5287801957842875e-06,1,incoming,Stefan Jänicke
3657,4,42,0.13297872340425532,0.0,0.11742198565349801,3.5287801957842875e-06,2,outandin,Marc Hellmuth
4564,4,42,0.13297872340425532,0.0,0.11742198565349801,3.5287801957842875e-06,2,outgoing,Peter F. Stadler
1186,5,42,0.13297872340425532,0.0,0.10983136118799239,3.965498305204352e-06,2,outandin,Daniela Ushizima
1431,5,42,0.13297872340425532,0.0,0.10983136118799239,3.965498305204352e-06,2,outandin,Dmitriy Morozov
238,5,42,0.13297872340425532,0.0,0.10983136118799239,3.965498305204352e-06,2,outandin,Andrea G. C. Bianchi
2494,5,42,0.13297872340425532,0.0,0.10983136118799239,3.965498305204352e-06,2,outandin,James A. Sethian
6259,6,42,0.13297872340425532,0.0,0.12611991051672009,0.00011251819544973307,1,incoming,Yafeng Lu
1769,6,42,0.13297872340425532,0.0,0.12611991051672009,0.00011251819544973308,2,incoming,Feng Wang 0012
909,6,42,0.13297872340425532,0.008316576734973135,0.12014293165085072,3.589859808849359e-06,3,outgoing,Christian Heine 0002
5378,6,42,0.13297872340425532,0.0,0.10614662129342761,4.352729314211813e-07,2,outandin,Simon H. Sündermann
954,6,42,0.13297872340425532,0.0,0.10614662129342761,4.352729314211813e-07,2,outandin,Christoph Russ
4814,6,42,0.13297872340425532,0.0,0.10614662129342761,4.352729314211813e-07,2,outandin,Raoul Hopf
762,6,42,0.13297872340425532,0.0,0.10614662129342761,4.352729314211813e-07,2,outandin,Carlos E. Ruiz
5974,6,42,0.13297872340425532,0.0,0.10614662129342761,4.352729314211813e-07,2,outandin,Volkmar Falk
4016,6,42,0.13297872340425532,0.0,0.10614662129342761,4.352729314211813e-07,2,outandin,Michael Gessat
4626,6,42,0.13297872340425532,0.0,0.12709727499802947,3.5111565265863e-05,2,outandin,Philipp Beck
951,6,42,0.13297872340425532,0.0,0.12709727499802947,3.5111565265863e-05,2,outgoing,Christoph Müller 0001
2057,6,42,0.13297872340425532,0.0,0.12709727499802947,3.5111565265863e-05,1,,Guido Reina
2854,6,42,0.13297872340425532,0.0,0.12709727499802947,3.5111565265863e-05,2,outandin,Johannes Roth
2176,6,42,0.13297872340425532,0.0,0.12709727499802947,3.5111565265863e-05,2,outandin,Hans-Rainer Trebin
1439,6,42,0.13297872340425532,0.0,0.12321926860051217,8.258861861334684e-05,1,incoming,Dominik Jäckle
4489,6,42,0.13297872340425532,0.0,0.1288291230863322,4.3435818255644936e-05,2,outandin,Patrick Oesterling
5610,6,42,0.13297872340425532,0.0,0.1288291230863322,4.3435818255644936e-05,2,outandin,Sven Teresniak
1952,6,42,0.13297872340425532,0.0,0.1288291230863322,4.3435818255644936e-05,2,outandin,Gerhard Heyer
1794,7,42,0.13297872340425532,0.0,0.12323816436321736,9.15145614829563e-05,1,incoming,Florian Heimerl
148,7,42,0.13297872340425532,0.016395651683296167,0.1379869625364939,2.324255535235585e-05,2,outgoing,Alexander Wiebel
1549,8,42,0.13297872340425532,2.7874618849430505e-07,0.12325706592216878,9.627143348180656e-05,2,outandin,Edwin Puttmann
5244,8,42,0.13297872340425532,0.0060288680734416995,0.13452227482633755,7.352505660067646e-05,2,outgoing,Sebastian Grottel
4093,10,42,0.13297872340425532,3.623700450425966e-06,0.12329488643948149,0.00010102387868576778,2,outgoing,Michael Wörner 0001
4966,10,42,0.13297872340425532,3.3255774992401104e-05,0.12619913156603962,0.00014671140052717395,1,incoming,Robert Krüger
5368,10,42,0.13297872340425532,0.005564331414723318,0.12436336580200254,4.973301031804629e-06,2,outandin,Silvia Born
2068,11,42,0.13297872340425532,0.016512366714025645,0.12920194048433126,4.4810348233585854e-05,2,,Gunther H. Weber
2205,12,42,0.13297872340425532,0.0003305720991233585,0.12920194048433126,0.0003071830950210311,2,outgoing,Harald Bosch
1372,14,42,0.13297872340425532,0.0003828104777360296,0.1292434978791477,0.0003200597884992721,2,outandin,Dennis Thom
1956,17,42,0.13297872340425532,0.027468146922616968,0.13782131192120398,4.6899494883805166e-05,1,,Gerik Scheuermann
5459,18,42,0.13297872340425532,0.002451918253034519,0.13206837630444376,0.0001690384614423684,1,,Steffen Koch 0001
5703,32,42,0.13297872340425532,0.06349958758416423,0.1484640808816812,0.00036569871047447685,1,,Thomas Ertl
1127,3,43,0.4725274725274725,0.0,0.0047497259773474606,2.1371188370498107e-16,2,outandin,Dane M. Coffey
868,3,43,0.4725274725274725,0.0,0.0047497259773474606,2.1371188370498107e-16,2,outandin,Chi-Lun Lin
430,3,43,0.4725274725274725,0.0,0.0047497259773474606,2.1371188370498107e-16,2,outandin,Arthur G. Erdman
668,4,43,0.4725274725274725,0.0,0.004965622612681436,4.1328731253353334e-16,2,outandin,Bret Jackson
5870,4,43,0.4725274725274725,0.0,0.004965622612681436,4.1328731253353334e-16,2,outandin,Tung Yuen Lau
3291,4,43,0.4725274725274725,0.0,0.004965622612681436,4.1328731253353334e-16,2,outandin,Kimani C. Toussaint
1751,7,43,0.4725274725274725,0.0,0.005749668288367978,9.30000132898212e-16,2,outandin,Fedor Korsakov
752,7,43,0.4725274725274725,0.0,0.005749668288367978,9.30000132898212e-16,2,outandin,Carissa Mai-Ping Knipe
3403,7,43,0.4725274725274725,0.0,0.005749668288367978,9.30000132898212e-16,2,outandin,Lauren Thorson
408,7,43,0.4725274725274725,0.0,0.005749668288367978,9.30000132898212e-16,2,outandin,Arin M. Ellingson
1265,7,43,0.4725274725274725,0.0,0.005749668288367978,9.30000132898212e-16,2,outandin,David J. Nuckley
2927,7,43,0.4725274725274725,0.0,0.005749668288367978,9.30000132898212e-16,4,outandin,John V. Carlis
1311,10,43,0.4725274725274725,7.526147089346237e-06,0.006827731092436975,1.0776112069530306e-15,2,incoming,David Schroeder
1148,13,43,0.4725274725274725,3.261330405383369e-05,0.008403361344537815,1.1539412556510821e-15,2,,Daniel F. Keefe
2049,2,44,0.8,0.0,0.0017237664296487825,4.474761745348972e-28,2,outandin,Guangchen Ruan
3479,3,44,0.8,0.0,0.002068519715578539,6.400712296187341e-28,2,outandin,Lin Jing
6361,3,44,0.8,0.0,0.002068519715578539,6.400712296187341e-28,2,outgoing,Yiwen Zhong
2349,4,44,0.8,8.362385654829153e-07,0.002585649644473174,7.435721159480482e-28,3,outgoing,Hui Zhang 0006
2722,4,44,0.8,8.362385654829153e-07,0.002585649644473174,7.435721159480482e-28,2,outandin,Jianguang Weng
1798,1,45,0.2134387351778656,0.0,0.07439696998820038,1.043087390909712e-08,2,outandin,Florian Lindemann
2772,2,45,0.2134387351778656,0.0,0.10676711436329753,3.3553334325200305e-05,2,,Jimmy Johansson 0001
3104,2,45,0.2134387351778656,0.0,0.07440385795875756,1.1070099382562283e-08,2,outandin,Jörg-Stefan Praßni
3300,2,45,0.2134387351778656,0.0,0.07440385795875756,1.1070099382562283e-08,2,outgoing,Klaus H. Hinrichs
823,3,45,0.2134387351778656,0.0,0.08286616516936898,1.857186732201823e-07,0,,Charles D. Hansen
2834,3,45,0.2134387351778656,0.0,0.08289180709773496,1.6657996816154503e-07,2,outandin,Joel Kronander
2067,4,45,0.2134387351778656,0.0,0.08279786418839279,1.9550161602063106e-07,2,outandin,Gunnar Läthén
4850,4,45,0.2134387351778656,0.0,0.08279786418839279,1.9550161602063106e-07,2,outandin,Reiner Lenz
3615,4,45,0.2134387351778656,0.0,0.08279786418839279,1.9550161602063106e-07,2,outandin,Magnus Borga
129,4,45,0.2134387351778656,0.0,0.0744176377268766,2.2146406547205266e-08,1,incoming,Alexander Bock 0002
604,4,45,0.2134387351778656,0.0,0.0744176377268766,2.2146406547205266e-08,2,outandin,Bingchen Liu
728,4,45,0.2134387351778656,0.0,0.0744176377268766,2.2146406547205266e-08,2,outandin,Burkhard Wünsche
5733,4,45,0.2134387351778656,0.0,0.09342432804144855,2.3976256934873303e-06,2,outandin,Thomas Rydell
4468,4,45,0.2134387351778656,0.0,0.08287471071594725,4.5876002124320787e-07,2,,Patric Ljung
1158,5,45,0.2134387351778656,1.154009220366423e-05,0.08293457892802275,2.0467383605475844e-07,2,incoming,Daniel Jönsson
929,5,45,0.2134387351778656,0.02010819254560218,0.12490458032523165,0.0005469989712938775,1,,Christian Tominski
1664,5,45,0.2134387351778656,0.001385730926861739,0.08290891053466835,1.5859790630036067e-07,2,incoming,Erik Sundén
749,6,45,0.2134387351778656,0.018313624584075844,0.10705156118456646,3.408998232222914e-05,2,,Camilla Forsell
1021,6,45,0.2134387351778656,0.0006115691375564996,0.09344605462936517,2.450625062979184e-06,2,,Claes Lundström
5442,9,45,0.2134387351778656,2.542165239068062e-05,0.08291746490017957,5.120896035836726e-07,2,outandin,Stefan Lindholm
231,9,45,0.2134387351778656,0.003375839339616865,0.09347866346545776,2.4826428164556013e-06,2,outgoing,Anders Persson
5780,10,45,0.2134387351778656,0.004186126634950925,0.08295170002193852,1.806430248314901e-07,1,,Timo Ropinski
232,11,45,0.2134387351778656,0.010754473946011986,0.09356573172808713,2.4995500283928447e-06,1,,Anders Ynnerman
5649,3,46,1.0,0.0,0.0019392372333548805,2.5242309480106063e-29,2,outandin,Tao Ju
4180,3,46,1.0,0.0,0.0019392372333548805,2.5242309480106063e-29,2,outandin,Minxin Cheng
6245,3,46,1.0,0.0,0.0019392372333548805,2.5242309480106063e-29,2,outandin,Xu Wang
6302,3,46,1.0,0.0,0.0019392372333548805,2.5242309480106063e-29,2,outandin,Ye Duan
817,1,47,0.3235294117647059,0.0,0.0045967104790634195,1.2326592566912874e-17,2,incoming,Charilaos Papadopoulos
5913,1,47,0.3235294117647059,0.0,0.003677368383250736,2.6775666654632345e-18,2,outandin,Vahid Taimouri
3432,2,47,0.3235294117647059,0.0,0.004728045064179518,1.8880891163575445e-17,2,outandin,Lei Wang 0024
2734,3,47,0.3235294117647059,0.0,0.005338115395041391,1.8063234967734444e-17,2,incoming,Jiaxi Hu
2053,3,47,0.3235294117647059,0.0,0.005338115395041391,1.8063234967734444e-17,2,outgoing,Guangyu Zou
2781,4,47,0.3235294117647059,1.2543578482243729e-05,0.005516052574876104,1.8403323231701594e-17,1,,Jing Hua 0001
5076,4,47,0.3235294117647059,0.0,0.00570626128435459,3.784385849410303e-17,2,outandin,Rui Shi
2994,4,47,0.3235294117647059,0.0,0.00570626128435459,3.784385849410303e-17,2,incoming,Joseph Marino
6016,5,47,0.3235294117647059,2.090596413707288e-07,0.005910056330224397,4.265055567295303e-17,2,outandin,Wei Zeng 0002
6212,6,47,0.3235294117647059,0.0,0.006128947305417893,6.000634133433987e-17,2,outandin,Xin Zhao 0015
6532,6,47,0.3235294117647059,0.0,0.006128947305417893,6.000634133433987e-17,2,outandin,Zhengyu Su
2711,6,47,0.3235294117647059,0.0,0.006128947305417893,6.000634133433986e-17,2,outandin,Jian Sun 0002
2745,6,47,0.3235294117647059,0.0,0.006128947305417893,6.000634133433986e-17,2,outandin,Jie Gao 0001
1765,6,47,0.3235294117647059,0.0,0.006128947305417893,6.000634133433986e-17,2,outandin,Feng Luo 0002
3321,6,47,0.3235294117647059,3.55401390330239e-06,0.006128947305417893,4.50486918541322e-17,2,outandin,Krishna Chaitanya Gurijala
405,12,47,0.3235294117647059,2.8641170867789846e-05,0.007880075106965862,8.47225468858595e-17,0,,Arie E. Kaufman
6152,13,47,0.3235294117647059,4.871089643937981e-05,0.008709556697172795,8.76848050549352e-17,2,,Xianfeng Gu
1242,3,48,1.0,0.0,0.0019392372333548805,2.5242309480106063e-29,2,outandin,David Feng 0001
3454,3,48,1.0,0.0,0.0019392372333548805,2.5242309480106063e-29,2,outandin,Lester Kwock
6434,3,48,1.0,0.0,0.0019392372333548805,2.5242309480106063e-29,2,outandin,Yueh Z. Lee
5095,3,48,1.0,0.0,0.0019392372333548805,2.5242309480106063e-29,2,outgoing,Russell M. Taylor II
3398,5,49,1.0,0.0,0.003232062055591467,6.280033600564809e-22,2,outandin,Laura Tateosian
2252,5,49,1.0,0.0,0.003232062055591467,6.280033600564809e-22,2,outandin,Helena Mitásová
664,5,49,1.0,0.0,0.003232062055591467,6.280033600564809e-22,2,outandin,Brendan Harmon
666,5,49,1.0,0.0,0.003232062055591467,6.280033600564809e-22,2,outandin,Brent Fogleman
3188,5,49,1.0,0.0,0.003232062055591467,6.280033600564809e-22,2,outandin,Katherine Weaver
5096,5,49,1.0,0.0,0.003232062055591467,6.280033600564809e-22,2,outandin,Russell S. Harmon
806,3,50,0.3717948717948718,0.0,0.0030026899097107826,2.1910868317022524e-22,2,outandin,Changhyun Lee
797,3,50,0.3717948717948718,0.0,0.0030026899097107826,2.1910868317022524e-22,2,outgoing,Chandan K. Reddy
4045,3,50,0.3717948717948718,0.0,0.0033244066857512234,5.41282276932384e-22,2,outandin,Michael L. Pack
454,3,50,0.3717948717948718,0.0,0.0033244066857512234,5.41282276932384e-22,2,outandin,Audra Buck-Coleman
2479,3,50,0.3717948717948718,0.0,0.003878474466709761,3.679470065645119e-22,2,outandin,Jaeyeon Kihm
3951,4,50,0.3717948717948718,0.0,0.004231063054592466,7.59246386394973e-22,2,outandin,Megan Monroe
5052,4,50,0.3717948717948718,0.0,0.004231063054592466,7.59246386394973e-22,2,outandin,Rongjian Lan
2866,4,50,0.3717948717948718,2.7874618849430505e-07,0.003447532859297565,6.31155101495755e-22,2,outandin,John Alexis Guerra Gómez
2475,5,50,0.3717948717948718,7.526147089346237e-06,0.004231063054592466,4.407076595939028e-22,1,,Jaegul Choo
2110,5,50,0.3717948717948718,7.526147089346237e-06,0.004231063054592466,4.407076595939028e-22,2,,Haesun Park
2179,7,50,0.3717948717948718,2.9268349791902032e-05,0.005475493364766722,9.666873944895627e-22,2,outgoing,Hanseung Lee
788,7,50,0.3717948717948718,1.0313608974289288e-05,0.004899125642159698,1.0437870600320462e-21,1,,Catherine Plaisant
522,7,50,0.3717948717948718,1.0313608974289288e-05,0.004899125642159698,1.0437870600320462e-21,1,,Ben Shneiderman
4581,7,51,1.0,0.0,0.004524886877828055,1.1101685114118791e-16,2,outandin,Peter Kok
3811,7,51,1.0,0.0,0.004524886877828055,1.1101685114118791e-16,2,outandin,Martin Baiker
1605,7,51,1.0,0.0,0.004524886877828055,1.1101685114118791e-16,2,outandin,Emile A. Hendriks
1862,7,51,1.0,0.0,0.004524886877828055,1.1101685114118791e-16,1,outgoing,Frits H. Post
3014,7,51,1.0,0.0,0.004524886877828055,1.1101685114118791e-16,2,outandin,Jouke Dijkstra
1035,7,51,1.0,0.0,0.004524886877828055,1.1101685114118791e-16,2,outandin,Clemens W. G. M. Löwik
645,7,51,1.0,0.0,0.004524886877828055,1.1101685114118791e-16,1,incoming,Boudewijn P. F. Lelieveldt
819,7,51,1.0,0.0,0.004524886877828055,1.1101685114118791e-16,2,outgoing,Charl P. Botha
689,1,52,0.4835164835164835,0.0,0.004369747899159664,7.921450118802057e-17,2,outandin,Brian M. Tomaszewski
4947,5,52,0.4835164835164835,0.0,0.005202080832332933,1.765765285633942e-16,2,outandin,Robert E. Roth
2517,5,52,0.4835164835164835,0.0,0.005202080832332933,1.765765285633942e-16,2,outandin,James O'Brien
633,5,52,0.4835164835164835,0.0,0.005202080832332933,1.765765285633942e-16,2,outandin,Bonan Li
1377,5,52,0.4835164835164835,0.0,0.005202080832332933,1.765765285633942e-16,2,outandin,Derek Swingley
3756,5,52,0.4835164835164835,0.0,0.005202080832332933,1.765765285633942e-16,2,outandin,Mark Gahegan
395,7,52,0.4835164835164835,0.0,0.005749668288367978,4.581009211052617e-16,2,outgoing,Anuj R. Jaiswal
371,7,52,0.4835164835164835,0.0,0.005749668288367978,4.581009211052617e-16,2,outgoing,Anthony C. Robinson
5218,7,52,0.4835164835164835,0.0,0.005749668288367978,4.581009211052617e-16,2,outandin,Scott Pezanowski
145,7,52,0.4835164835164835,0.0,0.005749668288367978,4.581009211052617e-16,2,outandin,Alexander Savelyev
4680,7,52,0.4835164835164835,0.0,0.005749668288367978,4.581009211052617e-16,2,outgoing,Prasenjit Mitra
6161,7,52,0.4835164835164835,0.0,0.005749668288367978,4.581009211052617e-16,2,outandin,Xiao Zhang 0019
3095,7,52,0.4835164835164835,0.0,0.005749668288367978,4.581009211052617e-16,2,outandin,Justine I. Blanford
100,13,52,0.4835164835164835,3.9303212577697015e-05,0.008403361344537815,5.74656154836288e-16,2,outgoing,Alan M. MacEachren
5617,1,53,0.0675990675990676,0.0,0.09007353393998435,1.0816114992719617e-07,2,outandin,Sébastien Rufiange
6493,1,53,0.0675990675990676,0.0,0.1383194612414011,0.00019224163102514417,2,outandin,Zahid Hossain 0001
4271,2,53,0.0675990675990676,0.0,0.11967774680752649,2.989953263844909e-05,2,incoming,Narges Mahyar
4380,2,53,0.0675990675990676,0.0,0.12570562643712505,1.8260799096564067e-05,2,incoming,Norbert Lindow
1136,2,53,0.0675990675990676,0.0,0.12570562643712505,1.8260799096564067e-05,4,incoming,Daniel Baum
2614,2,53,0.0675990675990676,0.0,0.10287200074405278,1.847133683525395e-06,2,outandin,Jean-François Im
2830,2,53,0.0675990675990676,0.0,0.12185535554397885,3.528805498083963e-05,2,outandin,Joel A. Ferstay
1084,2,53,0.0675990675990676,0.0,0.12185535554397885,3.528805498083963e-05,2,outgoing,Cydney B. Nielsen
212,2,53,0.0675990675990676,0.0,0.11978477713706073,2.9911979635594598e-05,2,outandin,Amir Hossein Hajizadeh
3378,2,53,0.0675990675990676,0.0,0.11967774680752649,2.989953263844909e-05,2,outandin,Lars Grammel
3704,2,53,0.0675990675990676,0.0,0.11967774680752649,2.989953263844909e-05,4,outandin,Margaret-Anne D. Storey
2295,2,53,0.0675990675990676,0.0,0.11967774680752649,2.989953263844909e-05,2,outandin,Hoi Ying Tsang
1050,2,53,0.0675990675990676,0.0,0.11967774680752649,2.989953263844909e-05,2,outgoing,Colin Swindells
1960,2,53,0.0675990675990676,0.0,0.13834327247590641,0.00020906852973918543,2,outandin,Ghassan Hamarneh
5900,2,53,0.0675990675990676,0.0,0.13834327247590641,0.00020402251223077003,1,incoming,Usman R. Alim
3406,2,53,0.0675990675990676,0.0,0.13834327247590641,0.00020402251223077003,2,outandin,Laurent Condat
173,2,53,0.0675990675990676,0.0,0.11967774680752649,2.9899532638449086e-05,1,incoming,Ali Sarvghad
3890,3,53,0.0675990675990676,0.0,0.12187383527639375,5.355688669803545e-05,1,incoming,Matthew Brehmer
2957,3,53,0.0675990675990676,0.0,0.12187383527639375,5.355688669803545e-05,2,outandin,Jonathan Stray
5234,3,53,0.0675990675990676,0.0,0.11835582766016794,1.8443175343707957e-05,2,outandin,Sean McKenna
1444,3,53,0.0675990675990676,0.0,0.11835582766016794,1.8443175343707957e-05,2,outandin,Dominika Mazur
2497,3,53,0.0675990675990676,0.0,0.11835582766016794,1.8443175343707957e-05,2,outgoing,James Agutter
5046,3,53,0.0675990675990676,0.0,0.14713219879394734,0.0002444278109888852,1,incoming,Ronell Sicat
2658,3,53,0.0675990675990676,0.0,0.14713219879394734,0.0002444278109888852,2,,Jens H. Krüger
2272,3,53,0.0675990675990676,0.0,0.10719435371649198,3.671023417997471e-06,2,outandin,Henryk Dobslaw
3717,3,53,0.0675990675990676,0.0,0.11969557191131075,3.185149192314685e-05,2,outandin,Maria-Elena Froese
2091,3,53,0.0675990675990676,0.0,0.11969557191131075,3.185149192314685e-05,2,outandin,Guy-Warwick Evans
3209,3,53,0.0675990675990676,0.0,0.11969557191131075,3.185149192314685e-05,2,outandin,Kedar Shrikhande
365,3,53,0.0675990675990676,0.0,0.13777405619964692,0.0002345991854590616,2,outandin,Annika Frank
5609,3,53,0.0675990675990676,0.0,0.10719435371649198,2.608345764268164e-06,2,outandin,Sven Schulte
5973,3,53,0.0675990675990676,0.0,0.10719435371649198,2.608345764268164e-06,2,outandin,Volker Klemann
962,3,53,0.0675990675990676,0.0,0.09009372979961215,1.222843473811461e-07,2,outandin,Christophe Viau
6480,3,53,0.0675990675990676,0.0,0.09009372979961215,1.222843473811461e-07,4,outandin,Yves Chiricota
2387,3,53,0.0675990675990676,0.0,0.09009372979961215,1.222843473811461e-07,2,outgoing,Igor Jurisica
327,3,53,0.0675990675990676,0.0,0.1332067080743478,0.00010212754430555154,2,outandin,Angela H. DePace
1445,3,53,0.0675990675990676,0.0,0.13604809036948373,0.00021208538483369796,2,incoming,Dominikus Baur
1859,3,53,0.0675990675990676,0.0,0.13604809036948373,0.00021208538483369796,2,outandin,Frederik Seiffert
5239,3,53,0.0675990675990676,0.0,0.13604809036948373,0.00021208538483369796,2,outandin,Sebastian Boring
5387,4,53,0.0675990675990676,0.0,0.11579770458393952,1.6638726582141684e-05,2,outandin,Simon Stusak
460,4,53,0.0675990675990676,0.0,0.11579770458393952,1.6638726582141684e-05,3,outandin,Aurélien Tabard
1841,4,53,0.0675990675990676,0.0,0.11579770458393952,1.6638726582141684e-05,2,outandin,Franziska Sauka
5021,4,53,0.0675990675990676,0.0,0.11579770458393952,1.6638726582141684e-05,2,outandin,Rohit Ashok Khot
4216,4,53,0.0675990675990676,0.0,0.1257449647649101,2.0811911842063706e-05,2,outandin,Moritz Ehlke
2244,4,53,0.0675990675990676,0.0,0.1257449647649101,2.0811911842063706e-05,2,outandin,Heiko Ramm
2165,4,53,0.0675990675990676,0.0,0.1257449647649101,2.0811911842063706e-05,2,outandin,Hans Lamecker
5450,4,53,0.0675990675990676,0.0,0.1257449647649101,2.0811911842063706e-05,2,outgoing,Stefan Zachow
5005,4,53,0.0675990675990676,0.005564331414723318,0.11989199907691189,3.0115076117677095e-05,2,outandin,Rock Leung
4485,5,53,0.0675990675990676,0.00030940826922868834,0.12582371532997344,2.1094151117505714e-05,2,outandin,Patrick Köthur
4131,5,53,0.0675990675990676,0.00030940826922868834,0.12582371532997344,2.1094151117505714e-05,2,,Mike Sips
5934,5,53,0.0675990675990676,0.0,0.14123656762962045,0.0002922610197366617,2,outandin,Veronika Irvine
4036,6,53,0.0675990675990676,0.003718752900702524,0.10292470156410609,1.8730668425009523e-06,2,,Michael J. McGuffin
244,6,53,0.0675990675990676,0.0009290610462515188,0.12584341838592866,2.1178544264378615e-05,2,incoming,Andrea Unger
5743,6,53,0.0675990675990676,0.0,0.1442534679254246,0.0002799926431248728,1,incoming,Thomas Torsney-Weir
704,6,53,0.0675990675990676,0.0,0.1442534679254246,0.0002799926431248728,2,outandin,Britta Weber
2618,6,53,0.0675990675990676,0.0,0.1442534679254246,0.0002799926431248728,2,outandin,Jean-Marc Verbavatz
5487,7,53,0.0675990675990676,0.0005489187202836524,0.14128622886999656,0.00029810866329895173,2,outandin,Stephen Ingram
249,7,53,0.0675990675990676,0.003716244185006075,0.13786860007077378,0.00023823254506024223,2,outandin,Andreas Butz
4185,7,53,0.0675990675990676,0.003227512487643693,0.14153505984722445,0.00028249995963503,1,,Miriah D. Meyer
1475,7,53,0.0675990675990676,0.0012401417926111845,0.1258631276135537,2.1378978931226223e-05,2,outandin,Doris Dransch
73,7,53,0.0675990675990676,8.037036152840143e-05,0.1442793662141006,0.00029140587489989445,2,outandin,Ahmed Saad
5522,10,53,0.0675990675990676,0.0030457446914583164,0.1465686795207989,0.0003702917934021353,2,outgoing,Steven Bergner
5644,15,53,0.0675990675990676,0.008346441503484799,0.14659541587240796,0.0005758182008913022,1,,Tamara Munzner
3959,17,53,0.0675990675990676,0.015715877883678588,0.14345520703544098,0.0004878998481375786,1,,Melanie Tory
4071,18,53,0.0675990675990676,0.029887598875731693,0.16759876325600426,0.0032487781047082945,1,incoming,Michael Sedlmair
2166,22,53,0.0675990675990676,0.054602469907931515,0.15220380110085993,0.0002979540593044021,2,,Hans-Christian Hege
5849,24,53,0.0675990675990676,0.07556369094047607,0.17113204212362446,0.003329286220332941,2,,Torsten Möller
211,1,54,1.0,0.0,0.0006464124111182935,5.739436683167256e-42,2,outandin,Amir H. Meghdadi
4675,1,54,1.0,0.0,0.0006464124111182935,5.739436683167256e-42,2,,Pourang Irani
636,2,55,0.5238095238095238,0.0,0.0023270846800258565,1.765970615669992e-27,2,outgoing,Boonthanome Nouanesengsy
3475,2,55,0.5238095238095238,0.0,0.0023270846800258565,1.765970615669992e-27,2,outandin,Lijie Xu
471,3,55,0.5238095238095238,0.0,0.002585649644473174,2.6974471423822862e-27,1,incoming,Ayan Biswas
5419,3,55,0.5238095238095238,0.0,0.002585649644473174,2.6974471423822862e-27,2,incoming,Soumya Dutta
2959,3,55,0.5238095238095238,0.0,0.002585649644473174,2.6974471423822862e-27,1,,Jonathan Woodring
5664,3,55,0.5238095238095238,4.181192827414576e-07,0.002585649644473174,2.1608717158502434e-27,2,outgoing,Teng-Yok Lee
2145,6,55,0.5238095238095238,7.944266372087694e-06,0.003878474466709761,3.9704570532062285e-27,0,,Han-Wei Shen
4133,3,56,1.0,0.0,0.0019392372333548805,2.5242309480106063e-29,2,outandin,Mikkel Rønne Jakobsen
6368,3,56,1.0,0.0,0.0019392372333548805,2.5242309480106063e-29,2,outandin,Yonas Sahlemariam Haile
5621,3,56,1.0,0.0,0.0019392372333548805,2.5242309480106063e-29,2,incoming,Søren Knudsen
3178,3,56,1.0,0.0,0.0019392372333548805,2.5242309480106063e-29,1,incoming,Kasper Hornbæk
1600,2,57,0.08956228956228957,0.0,0.10442256624383321,3.834851905268969e-05,2,outandin,Emanuel Zgraggen
4941,2,57,0.08956228956228957,0.0,0.10442256624383321,3.834851905268969e-05,2,outandin,Robert C. Zeleznik
5068,2,57,0.08956228956228957,0.0,0.11996358707456939,0.0001788202387430915,2,outandin,Rubaiat Habib Kazi
2021,2,57,0.08956228956228957,0.0,0.11996358707456939,0.0001788202387430915,2,outgoing,Greg Smith
4693,2,57,0.08956228956228957,0.0,0.10442256624383321,6.949281078701175e-05,2,outandin,Priti Shah
4212,2,57,0.08956228956228957,0.0,0.0912600578937702,2.1478387350991118e-06,2,outandin,Mor Naaman
1871,2,57,0.08956228956228957,0.0,0.0912600578937702,2.1478387350991118e-06,2,outandin,Funda Kivran-Swaine
1929,2,57,0.08956228956228957,0.0,0.11106081672367887,3.118677371566441e-06,2,outandin,George Legrady
5772,3,57,0.08956228956228957,0.0,0.12097487126487136,0.00020500049074572752,1,,Tim Dwyer
985,3,57,0.08956228956228957,0.0,0.12097487126487136,0.00020500049074572752,2,incoming,Christopher Mears
5590,3,57,0.08956228956228957,0.0,0.12102952858622597,0.0002278826753853458,2,outandin,Susan T. Dumais
2248,3,57,0.08956228956228957,0.0,0.10366822366002844,1.3527078445133721e-05,2,outandin,Helen C. Purchase
4092,3,57,0.08956228956228957,0.0,0.10366822366002844,1.3527078445133721e-05,1,,Michael Wybrow
741,3,57,0.08956228956228957,0.0,0.10366822366002844,1.3527078445133721e-05,2,outandin,Cagatay Goncu
4319,3,57,0.08956228956228957,0.0018614670467649694,0.10446328737976607,3.504968386507291e-05,2,incoming,Nicholas Diakopoulos
2810,3,57,0.08956228956228957,0.0,0.11907483624426439,2.454828828022748e-05,2,outandin,JoAnn Kuchera-Morin
1117,3,57,0.08956228956228957,0.0,0.12023280517841718,0.00019513329117767665,2,outandin,Dan Gruen
751,3,57,0.08956228956228957,0.0,0.12023280517841718,0.00019513329117767665,2,outgoing,Carey L. Williamson
222,3,57,0.08956228956228957,0.0,0.12289892488339813,0.0005100584370722085,2,outgoing,Amy K. Karlson
3350,3,57,0.08956228956228957,0.0,0.12010701984943063,0.0001918643928523788,2,outandin,Kyle Koh
5022,3,57,0.08956228956228957,0.0,0.11912778977357552,0.0002253039392452738,2,outgoing,Roland Fernandez
5219,3,57,0.08956228956228957,0.0,0.11912778977357552,0.0002253039392452738,2,outandin,Scott Ruble
2476,4,57,0.08956228956228957,0.0,0.10309635276620145,2.6420614504787212e-05,1,incoming,Jaemin Jo
2477,4,57,0.08956228956228957,0.0,0.10309635276620145,2.6420614504787212e-05,2,outandin,Jaeseok Huh
2964,4,57,0.08956228956228957,0.0,0.10309635276620145,2.6420614504787212e-05,2,outandin,Jonghun Park
2853,4,57,0.08956228956228957,0.0,0.10455842698575858,2.8424919017156366e-05,2,outandin,Johannes Landstorfer
2432,4,57,0.08956228956228957,0.0,0.10455842698575858,2.8424919017156366e-05,2,outandin,Ivo Herrmann
2557,4,57,0.08956228956228957,0.0,0.10455842698575858,2.8424919017156366e-05,2,outandin,Jan-Erik Stange
4872,4,57,0.08956228956228957,0.0,0.10455842698575858,2.8424919017156373e-05,2,outandin,Reto Wettach
4511,4,57,0.08956228956228957,0.0,0.12291772251644852,0.0005439808289246286,2,outandin,Paul Johns
332,4,57,0.08956228956228957,0.00018731744050961153,0.11909248218917315,2.4718612914841326e-05,1,incoming,Angus G. Forbes
1969,4,57,0.08956228956228957,0.0,0.12204040543850272,0.00039849562409192317,2,outandin,Gina Venolia
4617,4,57,0.08956228956228957,0.0,0.12204040543850272,0.00039849562409192317,2,outandin,Philip Fawcett
3972,4,57,0.08956228956228957,0.0,0.14071722462135183,0.002595788511848074,2,outandin,Meredith Ringel Morris
3314,4,57,0.08956228956228957,0.0,0.14071722462135183,0.002595788511848074,2,outandin,Kori Inkpen
1986,5,57,0.08956228956228957,0.00033491727218909787,0.12547011238291028,0.00040149870684429406,2,outandin,Gonzalo A. Ramos
730,5,57,0.08956228956228957,0.0,0.10310958042244553,2.8265813424847025e-05,2,outandin,Byeonghun Lee
2760,5,57,0.08956228956228957,0.0,0.10310958042244553,2.8265813424847025e-05,2,outandin,Jihye Yun
731,5,57,0.08956228956228957,0.0,0.10310958042244553,2.8265813424847025e-05,2,outandin,Byonghyo Shim
6310,5,57,0.08956228956228957,0.0,0.10310958042244553,2.8265813424847025e-05,4,outandin,Yeong-Gil Shin
5807,6,57,0.08956228956228957,0.0064756037414208404,0.13124874568227018,2.9271427764368152e-05,2,outandin,Tobias Höllerer
1703,6,57,0.08956228956228957,0.000464112403843018,0.12202187516133318,0.00060080228460265,1,incoming,Eytan Adar
3289,6,57,0.08956228956228957,0.002789691854451005,0.12102952858622597,0.00020721579544711436,1,,Kim Marriott
2481,6,57,0.08956228956228957,2.6871132570851002e-05,0.12295533503863838,0.0005874880643288023,2,incoming,Jagoda Walny
507,6,57,0.08956228956228957,0.006281174033569856,0.13142045295380872,0.00037112913185075063,2,outandin,Basak Alper
2681,7,57,0.08956228956228957,0.0032538042582940232,0.1220774828820508,0.0006027156247550255,1,incoming,Jessica Hullman
3849,7,57,0.08956228956228957,0.0020037924301954052,0.14327617575548945,0.0028092728757438683,2,outgoing,Mary Czerwinski
5536,9,57,0.08956228956228957,0.001954895414180651,0.1220774828820508,0.0006257939427249235,1,incoming,Steven Mark Drucker
622,10,57,0.08956228956228957,0.003245023753356453,0.12023280517841718,0.00020236330274856163,1,,Bo Hyoung Kim
2801,10,57,0.08956228956228957,0.003245023753356453,0.12023280517841718,0.00020236330274856163,1,,Jinwook Seo
3718,10,57,0.08956228956228957,0.003802625711869169,0.1222260182224396,0.00040700464359450997,2,,Marian Dörk
1195,11,57,0.08956228956228957,0.004137279842414739,0.14258979237270056,0.00305085173131197,2,,Danyel Fisher
5312,13,57,0.08956228956228957,0.006454364093918106,0.1440724399090248,0.0027772963931109213,1,,Sheelagh Carpendale
634,18,57,0.08956228956228957,0.022381710303693184,0.14386610630371294,0.002918096591642195,1,,Bongshin Lee
4280,20,57,0.08956228956228957,0.01638869176531929,0.14521793816634268,0.003138105563934834,1,,Nathalie Henry Riche
3446,1,58,0.7333333333333333,0.0,0.0017955900308841484,1.214540772288429e-25,2,outandin,Leon Sering
3815,4,58,0.7333333333333333,0.0,0.0026933850463262228,4.680121506762424e-25,2,outandin,Martin Fink 0001
2814,4,58,0.7333333333333333,0.0,0.0026933850463262228,4.680121506762423e-25,2,outandin,Joachim Spoerhase
149,4,58,0.7333333333333333,0.0,0.0026933850463262228,4.680121506762423e-25,2,outandin,Alexander Wolff 0001
321,4,58,0.7333333333333333,0.0,0.0026933850463262228,4.680121506762423e-25,2,outandin,André Schulz 0001
2558,5,58,0.7333333333333333,3.344954261931661e-06,0.003232062055591467,4.920559200381462e-25,3,outandin,Jan-Henrik Haunert
603,2,59,0.3181818181818182,0.0,0.0039107950872656755,1.462299687351405e-23,2,outandin,Bing Wang 0007
4695,2,59,0.3181818181818182,0.0,0.0039107950872656755,1.462299687351405e-23,2,outandin,Puripant Ruchikachorn
4244,2,59,0.3181818181818182,0.0,0.0039107950872656755,1.539314368370886e-23,2,outandin,Nafees U. Ahmed
5583,2,59,0.3181818181818182,0.0,0.0039107950872656755,1.4622996873514053e-23,2,outgoing,Supriya Garg
2374,2,59,0.3181818181818182,0.0,0.0039107950872656755,1.4622996873514053e-23,2,outgoing,I. V. Ramakrishnan
6015,2,59,0.3181818181818182,0.0,0.0039107950872656755,1.539314368370886e-23,1,incoming,Wei Xu 0020
6591,3,59,0.3181818181818182,4.181192827414576e-07,0.004116626407648079,1.8151184314054697e-23,2,outandin,Ziyi Zheng
3381,4,59,0.3181818181818182,0.0,0.00434532787473964,3.3119210458164486e-23,2,outandin,Lars Kuehne
2813,4,59,0.3181818181818182,0.0,0.00434532787473964,3.3119210458164486e-23,3,outgoing,Joachim Giesen
6566,4,59,0.3181818181818182,0.0,0.00434532787473964,3.3119210458164486e-23,2,outandin,Zhiyuan Zhang
5579,4,59,0.3181818181818182,0.0,0.00434532787473964,3.3119210458164486e-23,2,outandin,Sungsoo Ha
3303,11,59,0.3181818181818182,3.7212616163989726e-05,0.007110536522301228,5.23677031240954e-23,1,,Klaus Mueller 0001
1572,4,60,1.0,0.0,0.002585649644473174,2.9672192195572536e-25,2,outandin,Eli Packer
4558,4,60,1.0,0.0,0.002585649644473174,2.9672192195572536e-25,2,,Peter Bak
4134,4,60,1.0,0.0,0.002585649644473174,2.9672192195572536e-25,2,outandin,Mikko Nikkilä
5915,4,60,1.0,0.0,0.002585649644473174,2.9672192195572536e-25,2,outandin,Valentin Polishchuk
2216,4,60,1.0,0.0,0.002585649644473174,2.9672192195572536e-25,2,outandin,Harold J. Ship
5206,2,61,0.6888888888888889,0.0,0.0032724628312863608,2.4696346061649343e-17,2,outandin,Scott D. Rothenberger
2880,2,61,0.6888888888888889,0.0,0.0032724628312863608,2.4696346061649343e-17,1,incoming,John E. Wenskovitch
65,7,61,0.6888888888888889,0.0,0.004759945936416525,1.4309680239768142e-16,2,outandin,Adrian Maries
4289,7,61,0.6888888888888889,0.0,0.004759945936416525,1.4309680239768142e-16,2,outandin,Nathan Mays
3952,7,61,0.6888888888888889,0.0,0.004759945936416525,1.4309680239768142e-16,2,outandin,MeganOlson Hunt
3287,7,61,0.6888888888888889,0.0,0.004759945936416525,1.4309680239768142e-16,2,outandin,Kim F. Wong
6085,7,61,0.6888888888888889,0.0,0.004759945936416525,1.4309680239768142e-16,2,outandin,William J. Layton
4939,7,61,0.6888888888888889,0.0,0.004759945936416525,1.4309680239768142e-16,2,outandin,Robert Boudreau
786,7,61,0.6888888888888889,0.0,0.004759945936416525,1.4309680239768142e-16,2,outandin,Caterina Rosano
1880,9,61,0.6888888888888889,1.1707339916760814e-05,0.005817711700064641,1.4923794475499515e-16,3,incoming,G. Elisabeta Marai
3723,1,62,0.5714285714285714,0.0,0.002115531527296233,4.055760073055636e-26,2,outandin,Marie Vendettuoli
3442,3,62,0.5714285714285714,0.0,0.002585649644473174,1.0627139705144597e-25,2,outandin,Lendie Follett
3620,3,62,0.5714285714285714,0.0,0.002585649644473174,1.0627139705144597e-25,2,outandin,Mahbubul Majumder
2107,3,62,0.5714285714285714,0.0,0.002585649644473174,1.0627139705144597e-25,2,outandin,Hadley Wickham
248,3,62,0.5714285714285714,0.0,0.002585649644473174,1.0627139705144597e-25,3,outandin,Andreas Buja
1397,5,62,0.5714285714285714,1.6724771309658305e-06,0.0033244066857512234,1.4969083918438577e-25,2,outandin,Dianne Cook
2241,6,62,0.5714285714285714,5.853669958380407e-06,0.003878474466709761,1.5797617487597726e-25,2,incoming,Heike Hofmann
4785,3,63,1.0,0.0,0.0019392372333548805,2.5242309480106063e-29,2,outandin,Raja R. Sambasivan
2392,3,63,1.0,0.0,0.0019392372333548805,2.5242309480106063e-29,2,outandin,Ilari Shafer
4109,3,63,1.0,0.0,0.0019392372333548805,2.5242309480106063e-29,2,outandin,Michelle L. Mazurek
2037,3,63,1.0,0.0,0.0019392372333548805,2.5242309480106063e-29,2,outandin,Gregory R. Ganger
5138,2,64,0.2619047619047619,0.0,0.09183362699263403,4.167690058992467e-08,2,outandin,Samer S. Barakat
3795,2,64,0.2619047619047619,0.0,0.09183362699263403,4.167690058992467e-08,2,outgoing,Markus Rütten
1121,3,64,0.2619047619047619,0.0,0.09838835330711806,6.482131782092885e-06,2,outandin,Dan R. Lipsa
5380,3,64,0.2619047619047619,0.0,0.09838835330711806,6.482131782092885e-06,2,outandin,Simon J. Cox
5868,3,64,0.2619047619047619,0.0,0.09838835330711806,6.482131782092885e-06,2,outandin,Tudur Davies
5867,4,64,0.2619047619047619,0.0,0.08919379243202447,5.734578527766295e-07,2,outandin,Tuan Pham
4924,4,64,0.2619047619047619,0.0,0.08919379243202447,5.734578527766295e-07,2,outandin,Rob Hess
1081,4,64,0.2619047619047619,0.0,0.08919379243202447,5.734578527766295e-07,2,outandin,Crystal Ju
5039,4,64,0.2619047619047619,0.0,0.08919379243202447,5.734578527766295e-07,2,outandin,Ronald A. Metoyer
1299,5,64,0.2619047619047619,0.0,0.09741043270455035,6.279367775477404e-07,3,outandin,David Pugmire
5213,5,64,0.2619047619047619,0.0,0.09741043270455035,6.279367775477404e-07,2,outandin,Scott Kruger
3000,5,64,0.2619047619047619,0.0,0.09741043270455035,6.279367775477404e-07,2,outandin,Joshua A. Breslau
1197,6,64,0.2619047619047619,0.0,0.10168746929172977,8.085411755098523e-06,2,outandin,Darrel Palke
6573,6,64,0.2619047619047619,0.0,0.10168746929172977,8.085411755098523e-06,2,outandin,Zhongzang Lin
2221,6,64,0.2619047619047619,0.0,0.10168746929172977,8.085411755098523e-06,1,incoming,Harry Yeh
4526,6,64,0.2619047619047619,0.0,0.10168746929172977,8.085411755098523e-06,2,outandin,Paul Vincent
191,6,64,0.2619047619047619,0.002750069371054397,0.1051879672529503,6.733428542069535e-07,4,outandin,Allen R. Sanderson
6144,8,64,0.2619047619047619,0.004611536417819377,0.10521551058032737,6.779092792881118e-07,3,outgoing,Xavier Tricoche
1691,10,64,0.2619047619047619,0.003716244185006075,0.10173896313616158,8.210638437959901e-06,1,,Eugene Zhang
2077,11,64,0.2619047619047619,0.0068715894271429295,0.10602058968503171,8.262280645771213e-06,1,incoming,Guoning Chen
4982,13,64,0.2619047619047619,0.013765132587063217,0.11389400082377274,9.929470412048634e-05,2,,Robert S. Laramee
4760,1,65,0.3333333333333333,0.0,0.002758026287438052,2.7318146229579744e-27,2,outandin,Rachel Shadoan
6491,1,65,0.3333333333333333,0.0,0.002758026287438052,2.7318146229579744e-27,2,outandin,Zafar Ahmed
3852,1,65,0.3333333333333333,0.0,0.002758026287438052,2.7318146229579744e-27,2,outandin,Maryam Nafari
2984,2,65,0.3333333333333333,0.0,0.0029550281651121984,3.800879555881854e-27,2,outandin,Joseph A. Cottam
292,2,65,0.3333333333333333,0.0,0.0029550281651121984,3.800879555881854e-27,2,outandin,Andrew Lumsdaine
4219,3,65,0.3333333333333333,0.0,0.003182338023966983,6.244655111381428e-27,2,outandin,Moshe Gutman
1968,3,65,0.3333333333333333,0.0,0.003182338023966983,6.244655111381428e-27,2,outandin,Gina Eosco
4206,3,65,0.3333333333333333,0.0,0.003182338023966983,6.244655111381428e-27,2,outandin,Monica Zappa
883,8,65,0.3333333333333333,2.0069725571589966e-05,0.005171299288946348,9.712504854574049e-27,2,outgoing,Chris E. Weaver
3107,1,66,1.0,0.0,0.0006464124111182935,5.739436683167256e-42,2,outandin,Július Parulek
237,1,66,1.0,0.0,0.0006464124111182935,5.739436683167256e-42,2,outandin,Andrea Brambilla
1561,2,67,1.0,0.0,0.001292824822236587,1.4279143216674162e-34,2,outandin,Eirik Bakke
1301,2,67,1.0,0.0,0.001292824822236587,1.4279143216674162e-34,2,outandin,David R. Karger
4927,2,67,1.0,0.0,0.001292824822236587,1.4279143216674162e-34,2,outandin,Rob Miller 0001
315,1,68,1.0,0.0,0.0006464124111182935,5.739436683167256e-42,4,outandin,Andrzej Szymczak
3455,1,68,1.0,0.0,0.0006464124111182935,5.739436683167256e-42,2,outandin,Levente Sipeki
305,4,69,1.0,0.0,0.002585649644473174,2.9672192195572536e-25,5,outandin,Andrew Vande Moere
3840,4,69,1.0,0.0,0.002585649644473174,2.9672192195572536e-25,2,outandin,Martin Tomitsch
958,4,69,1.0,0.0,0.002585649644473174,2.9672192195572536e-25,2,outandin,Christoph Wimmer
949,4,69,1.0,0.0,0.002585649644473174,2.9672192195572536e-25,2,outandin,Christoph M. Bösch
5709,4,69,1.0,0.0,0.002585649644473174,2.9672192195572536e-25,2,outandin,Thomas Grechenig
5509,1,70,1.0,0.0,0.0006464124111182935,5.739436683167256e-42,2,outandin,Steve Haroz
1333,1,70,1.0,0.0,0.0006464124111182935,5.739436683167256e-42,2,outandin,David Whitney
1788,5,71,1.0,0.0,0.003232062055591467,6.280033600564809e-22,2,outandin,Florian Block
4067,5,71,1.0,0.0,0.003232062055591467,6.280033600564809e-22,2,outandin,Michael S. Horn
663,5,71,1.0,0.0,0.003232062055591467,6.280033600564809e-22,2,outandin,Brenda Caldwell Phillips
3025,5,71,1.0,0.0,0.003232062055591467,6.280033600564809e-22,2,outandin,Judy Diamond
1518,5,71,1.0,0.0,0.003232062055591467,6.280033600564809e-22,2,outandin,E. Margaret Evans
871,5,71,1.0,0.0,0.003232062055591467,6.280033600564809e-22,2,outandin,Chia Shen
1675,0,72,0.0,0.0,0.0,1.3049968136254519e-54,2,outandin,Eser Kandogan
574,0,73,0.0,0.0,0.0,1.3049968136254519e-54,1,incoming,Bernhard Jenny
3705,2,74,1.0,0.0,0.001292824822236587,1.4279143216674162e-34,2,incoming,Margit Pohl
4073,2,74,1.0,0.0,0.001292824822236587,1.4279143216674162e-34,2,outandin,Michael Smuc
1695,2,74,1.0,0.0,0.001292824822236587,1.4279143216674162e-34,2,outandin,Eva Mayr
3100,13,75,1.0,0.0,0.09560267306834884,3.4302707327110157e-06,2,outandin,Jörg Meyer
2651,13,75,1.0,0.0,0.09560267306834884,3.4302707327110157e-06,2,outandin,Jennifer L. Horsman
5589,13,75,1.0,0.0,0.09560267306834884,3.4302707327110157e-06,2,outandin,Susan S. Hubbard
2212,13,75,1.0,0.0,0.09560267306834884,3.4302707327110157e-06,2,outgoing,Harinarayan Krishnan
161,13,75,1.0,0.0,0.09560267306834884,3.4302707327110157e-06,2,outandin,Alexandru Romosan
1582,13,75,1.0,0.0,0.09560267306834884,3.4302707327110157e-06,2,outandin,Elizabeth H. Keating
3395,13,75,1.0,0.0,0.09560267306834884,3.4302707327110157e-06,2,outandin,Laura Monroe
4910,13,75,1.0,0.0,0.09560267306834884,3.4302707327110157e-06,2,outandin,Richard Strelitz
4610,13,75,1.0,0.0,0.09560267306834884,3.4302707327110157e-06,2,outandin,Phil Moore
1982,13,75,1.0,0.0,0.09560267306834884,3.4302707327110157e-06,2,outandin,Glenn Taylor
524,13,75,1.0,0.0,0.09560267306834884,3.4302707327110157e-06,2,outandin,Ben Torkian
5782,13,75,1.0,0.0,0.09560267306834884,3.4302707327110157e-06,2,outandin,Timothy C. Johnson
2379,13,75,1.0,0.0,0.09560267306834884,3.4302707327110157e-06,2,outandin,Ian Gorton
1524,18,75,1.0,0.011979953689108244,0.11002684416929633,6.9588679774739765e-06,2,outgoing,E. Wes Bethel
4789,2,76,1.0,0.0,0.001292824822236587,1.4279143216674162e-34,2,outgoing,Ralf Kähler
4410,2,76,1.0,0.0,0.001292824822236587,1.4279143216674162e-34,2,outandin,Oliver Hahn
5824,2,76,1.0,0.0,0.001292824822236587,1.4279143216674162e-34,4,outandin,Tom Abel
142,2,77,1.0,0.0,0.001292824822236587,1.4279143216674162e-34,2,outandin,Alexander Pilhofer
133,2,77,1.0,0.0,0.001292824822236587,1.4279143216674162e-34,2,outandin,Alexander Gribov
392,2,77,1.0,0.0,0.001292824822236587,1.4279143216674162e-34,2,outandin,Antony Unwin
3613,2,78,1.0,0.0,0.001292824822236587,1.4279143216674162e-34,2,outandin,Magdalena Jankowska
5969,2,78,1.0,0.0,0.001292824822236587,1.4279143216674162e-34,2,outandin,Vlado Keselj
1699,2,78,1.0,0.0,0.001292824822236587,1.4279143216674162e-34,2,outandin,Evangelos E. Milios
1323,2,79,1.0,0.0,0.001292824822236587,1.4279143216674162e-34,2,outandin,David Trimm
4551,2,79,1.0,0.0,0.001292824822236587,1.4279143216674162e-34,1,outgoing,Penny Rheingans
3724,2,79,1.0,0.0,0.001292824822236587,1.4279143216674162e-34,2,outgoing,Marie desJardins
3744,2,80,1.0,0.0,0.001292824822236587,1.4279143216674162e-34,4,,Mark A. Livingston
2958,2,80,1.0,0.0,0.001292824822236587,1.4279143216674162e-34,2,,Jonathan W. Decker
6576,2,80,1.0,0.0,0.001292824822236587,1.4279143216674162e-34,2,incoming,Zhuming Ai
2601,2,81,1.0,0.0,0.001292824822236587,1.4279143216674162e-34,2,outandin,Jay Takle
1345,2,81,1.0,0.0,0.001292824822236587,1.4279143216674162e-34,1,outgoing,Deborah Silver
3197,2,81,1.0,0.0,0.001292824822236587,1.4279143216674162e-34,2,outandin,Katrin Heitmann
4826,3,82,1.0,0.0,0.0019392372333548805,2.5242309480106063e-29,2,outandin,Ravikiran Vadlapudi
3853,3,82,1.0,0.0,0.0019392372333548805,2.5242309480106063e-29,2,outandin,Maryam Siahbani
366,3,82,1.0,0.0,0.0019392372333548805,2.5242309480106063e-29,2,outandin,Anoop Sarkar
2879,3,82,1.0,0.0,0.0019392372333548805,2.5242309480106063e-29,2,outgoing,John Dill
3681,4,83,1.0,0.0,0.002585649644473174,2.9672192195572536e-25,2,incoming,Marco Angelini
4331,4,83,1.0,0.0,0.002585649644473174,2.9672192195572536e-25,2,outandin,Nicola Ferro 0001
2056,4,83,1.0,0.0,0.002585649644473174,2.9672192195572536e-25,2,outandin,Guido Granato
1977,4,83,1.0,0.0,0.002585649644473174,2.9672192195572536e-25,2,incoming,Giuseppe Santucci
1964,4,83,1.0,0.0,0.002585649644473174,2.9672192195572536e-25,2,outandin,Gianmaria Silvello
2376,3,84,1.0,0.0,0.0019392372333548805,2.5242309480106063e-29,2,outandin,Ian Bowman
5290,3,84,1.0,0.0,0.0019392372333548805,2.5242309480106063e-29,2,outandin,Shantanu H. Joshi
5926,3,84,1.0,0.0,0.0019392372333548805,2.5242309480106063e-29,2,outandin,Vaughan Greer
2878,3,84,1.0,0.0,0.0019392372333548805,2.5242309480106063e-29,2,outandin,John D. Van Horn
1468,3,85,1.0,0.0,0.0019392372333548805,2.5242309480106063e-29,2,outgoing,Dongxing Teng
2131,3,85,1.0,0.0,0.0019392372333548805,2.5242309480106063e-29,2,incoming,Haiyan Yang
1082,3,85,1.0,0.0,0.0019392372333548805,2.5242309480106063e-29,3,outandin,CuiXia Ma
2309,3,85,1.0,0.0,0.0019392372333548805,2.5242309480106063e-29,3,outgoing,Hongan Wang
1016,4,86,1.0,0.0,0.002585649644473174,2.9672192195572536e-25,2,outandin,Cindy Chamberland
1845,4,86,1.0,0.0,0.002585649644473174,2.9672192195572536e-25,2,outandin,François Vachon
2613,4,86,1.0,0.0,0.002585649644473174,2.9672192195572536e-25,2,outandin,Jean-François Gagnon
5382,4,86,1.0,0.0,0.002585649644473174,2.9672192195572536e-25,2,outandin,Simon P. Banbury
5618,4,86,1.0,0.0,0.002585649644473174,2.9672192195572536e-25,2,outandin,Sébastien Tremblay
2940,0,87,0.0,0.0,0.0,1.3049968136254519e-54,2,outandin,Jonathan A. Schwabish
5675,3,88,0.9,0.0,0.002068519715578539,1.1896977359749249e-26,2,outandin,Tetsuya Kamijo
4268,3,88,0.9,0.0,0.002068519715578539,1.1896977359749249e-26,2,outandin,Naoki Yoshinaga 0001
3856,4,88,0.9,2.7874618849430505e-07,0.002585649644473174,1.4457806935670526e-26,2,incoming,Masahiko Itoh
3859,4,88,0.9,2.7874618849430505e-07,0.002585649644473174,1.4457806935670526e-26,2,incoming,Masashi Toyoda
3858,4,88,0.9,2.7874618849430505e-07,0.002585649644473174,1.4457806935670523e-26,2,incoming,Masaru Kitsuregawa
2933,1,89,0.6666666666666666,0.0,0.0011635423400129282,7.909800729537478e-34,2,outandin,Johnny Rodgers
596,2,89,0.6666666666666666,0.0,0.0014544279250161603,1.466981447206478e-33,2,outandin,Billy Cheung
3923,2,89,0.6666666666666666,0.0,0.0014544279250161603,1.466981447206478e-33,2,incoming,Maureen C. Stone
3575,3,89,0.6666666666666666,1.6724771309658305e-06,0.0019392372333548805,1.7164951675074023e-33,1,incoming,Lyn Bartram
5,3,90,1.0,0.0,0.0019392372333548805,2.5242309480106063e-29,2,outgoing,A. Johannes Pretorius
3781,3,90,1.0,0.0,0.0019392372333548805,2.5242309480106063e-29,2,outandin,Mark-Anthony Bray
355,3,90,1.0,0.0,0.0019392372333548805,2.5242309480106063e-29,2,outandin,Anne E. Carpenter
5066,3,90,1.0,0.0,0.0019392372333548805,2.5242309480106063e-29,3,outandin,Roy A. Ruddle
919,3,91,1.0,0.0,0.0019392372333548805,2.5242309480106063e-29,2,outandin,Christian Rieder
5777,3,91,1.0,0.0,0.0019392372333548805,2.5242309480106063e-29,2,outandin,Tim Kröger
925,3,91,1.0,0.0,0.0019392372333548805,2.5242309480106063e-29,2,outandin,Christian Schumann
2321,3,91,1.0,0.0,0.0019392372333548805,2.5242309480106063e-29,4,outandin,Horst K. Hahn
6315,1,92,1.0,0.0,0.0006464124111182935,5.739436683167256e-42,2,incoming,Yi Gu
813,1,92,1.0,0.0,0.0006464124111182935,5.739436683167256e-42,1,,Chaoli Wang 0001
6411,1,93,1.0,0.0,0.0006464124111182935,5.739436683167256e-42,2,,Yu-Shuen Wang
4156,1,93,1.0,0.0,0.0006464124111182935,5.739436683167256e-42,2,outandin,Ming-Te Chi
2981,4,94,1.0,0.0,0.002585649644473174,2.9672192195572536e-25,2,outandin,Jose Gustavo Paiva
3392,4,94,1.0,0.0,0.002585649644473174,2.9672192195572536e-25,2,outandin,Laura Florian
2371,4,94,1.0,0.0,0.002585649644473174,2.9672192195572536e-25,2,outandin,Hélio Pedrini
2060,4,94,1.0,0.0,0.002585649644473174,2.9672192195572536e-25,2,outgoing,Guilherme P. Telles
5058,4,94,1.0,0.0,0.002585649644473174,2.9672192195572536e-25,4,outgoing,Rosane Minghim
4633,2,95,0.4945054945054945,0.0,0.004046062869592281,3.660428637190281e-15,2,outandin,Philipp Schlegel
3932,2,95,0.4945054945054945,0.0,0.004046062869592281,3.660428637190281e-15,2,outandin,Maxim Makhinya
2418,3,95,0.4945054945054945,0.0,0.004369747899159664,4.365923521978489e-15,2,outandin,Ishwar Kulkarni
5284,3,95,0.4945054945054945,0.0,0.004369747899159664,4.365923521978489e-15,2,outandin,Shanaz Y. Mistry
675,3,95,0.4945054945054945,0.0,0.004369747899159664,4.365923521978489e-15,2,outandin,Brian Cummings
5595,8,95,0.4945054945054945,0.0,0.006069094304388421,2.5144592626202792e-14,2,outandin,Susanne K. Suter
3012,8,95,0.4945054945054945,0.0,0.006069094304388421,2.5144592626202792e-14,2,outandin,José Antonio Iglesias Guitián
1720,8,95,0.4945054945054945,0.0,0.006069094304388421,2.5144592626202792e-14,2,outgoing,Fabio Marton
3679,8,95,0.4945054945054945,0.0,0.006069094304388421,2.5144592626202792e-14,1,incoming,Marco Agus
251,8,95,0.4945054945054945,0.0,0.006069094304388421,2.5144592626202792e-14,2,outandin,Andreas Elsener
952,8,95,0.4945054945054945,0.0,0.006069094304388421,2.5144592626202792e-14,2,outandin,Christoph P. E. Zollikofer
1617,8,95,0.4945054945054945,0.0,0.006069094304388421,2.5144592626202792e-14,2,outgoing,Enrico Gobbetti
4860,10,95,0.4945054945054945,1.8397248440624136e-05,0.006827731092436975,2.5950025878244706e-14,2,outgoing,Renato Pajarola
3945,11,95,0.4945054945054945,2.5087156964487458e-05,0.007282913165266107,2.6585595987699536e-14,4,outgoing,Meenakshisundaram Gopi
983,3,96,1.0,0.0,0.0019392372333548805,2.5242309480106063e-29,2,outandin,Christopher Koehler
5746,3,96,1.0,0.0,0.0019392372333548805,2.5242309480106063e-29,4,outandin,Thomas Wischgoll
2116,3,96,1.0,0.0,0.0019392372333548805,2.5242309480106063e-29,2,outandin,Haibo Dong
6486,3,96,1.0,0.0,0.0019392372333548805,2.5242309480106063e-29,2,outandin,Zachary Gaston
2322,4,97,1.0,0.0,0.002585649644473174,2.9672192195572536e-25,2,outandin,Hossam Sharara
467,4,97,1.0,0.0,0.002585649644473174,2.9672192195572536e-25,2,outandin,Awalin Sopan
1889,4,97,1.0,0.0,0.002585649644473174,2.9672192195572536e-25,2,outandin,Galileo Namata
3508,4,97,1.0,0.0,0.002585649644473174,2.9672192195572536e-25,2,outgoing,Lise Getoor
3504,4,97,1.0,0.0,0.002585649644473174,2.9672192195572536e-25,2,outgoing,Lisa Singh
6024,3,98,1.0,0.0,0.0019392372333548805,2.5242309480106063e-29,2,outandin,Weijia Xu
3709,3,98,1.0,0.0,0.0019392372333548805,2.5242309480106063e-29,2,outandin,Maria Esteva
5600,3,98,1.0,0.0,0.0019392372333548805,2.5242309480106063e-29,2,outandin,Suyog Dott Jain
5922,3,98,1.0,0.0,0.0019392372333548805,2.5242309480106063e-29,2,outandin,Varun Jain
4325,1,99,1.0,0.0,0.0006464124111182935,5.739436683167256e-42,2,outandin,Nicklaus A. Giacobe
5255,1,99,1.0,0.0,0.0006464124111182935,5.739436683167256e-42,2,outandin,Sen Xu
4483,1,100,1.0,0.0,0.0006464124111182935,5.739436683167256e-42,1,outgoing,Patrick J. Moran
1238,1,100,1.0,0.0,0.0006464124111182935,5.739436683167256e-42,2,outgoing,David Ellsworth
6537,3,101,1.0,0.0,0.0019392372333548805,2.5242309480106063e-29,2,outgoing,Zhenyu Guo
3904,3,101,1.0,0.0,0.0019392372333548805,2.5242309480106063e-29,1,outgoing,Matthew O. Ward
1588,3,101,1.0,0.0,0.0019392372333548805,2.5242309480106063e-29,2,outgoing,Elke A. Rundensteiner
770,3,101,1.0,0.0,0.0019392372333548805,2.5242309480106063e-29,2,outandin,Carolina Ruiz
4451,2,102,0.6,0.0,0.002020038784744667,2.0817501692969334e-28,2,outandin,Paolo Brivio
3689,2,102,0.6,0.0,0.002020038784744667,2.0817501692969334e-28,2,outgoing,Marco Tarini
4329,3,102,0.6,0.0,0.002308615753993905,3.7315730136323663e-28,2,outandin,Nico Pietroni
3862,3,102,0.6,0.0,0.002308615753993905,3.7315730136323663e-28,2,outandin,Massimiliano Corsini
4997,3,102,0.6,0.0,0.002308615753993905,3.7315730136323663e-28,1,outgoing,Roberto Scopigno
4453,5,102,0.6,5.0174313928974915e-06,0.003232062055591467,4.708507206964154e-28,2,outgoing,Paolo Cignoni
2394,1,103,1.0,0.0,0.0006464124111182935,5.739436683167256e-42,2,outandin,Ilknur Icke
299,1,103,1.0,0.0,0.0006464124111182935,5.739436683167256e-42,2,outandin,Andrew Rosenberg
119,5,104,1.0,0.0,0.003232062055591467,6.280033600564809e-22,2,outandin,Alessandro Giusti
4650,5,104,1.0,0.0,0.003232062055591467,6.280033600564809e-22,2,outandin,Pierluigi Taddei
1971,5,104,1.0,0.0,0.003232062055591467,6.280033600564809e-22,2,outandin,Giorgio Corani
3551,5,104,1.0,0.0,0.003232062055591467,6.280033600564809e-22,2,outandin,Luca Maria Gambardella
1076,5,104,1.0,0.0,0.003232062055591467,6.280033600564809e-22,2,outandin,Cristina Magli
3550,5,104,1.0,0.0,0.003232062055591467,6.280033600564809e-22,2,outandin,Luca Gianaroli
5942,2,105,1.0,0.0,0.001292824822236587,1.4279143216674162e-34,2,outgoing,Victor Y. Chen
860,2,105,1.0,0.0,0.001292824822236587,1.4279143216674162e-34,2,,Cheryl Z. Qian
3463,2,105,1.0,0.0,0.001292824822236587,1.4279143216674162e-34,2,outandin,Li Zhang
2654,2,106,1.0,0.0,0.001292824822236587,1.4279143216674162e-34,2,outandin,Jens Bauer
5249,2,106,1.0,0.0,0.001292824822236587,1.4279143216674162e-34,2,outandin,Sebastian Thelen
36,2,106,1.0,0.0,0.001292824822236587,1.4279143216674162e-34,4,outandin,Achim Ebert
4379,8,107,1.0,0.0,0.005171299288946348,1.5624094164325774e-14,2,outandin,Norbert Bánfi
3583,8,107,1.0,0.0,0.005171299288946348,1.5624094164325774e-14,2,outandin,László Dudás
6597,8,107,1.0,0.0,0.005171299288946348,1.5624094164325774e-14,2,outgoing,Zsolt Fekete
3043,8,107,1.0,0.0,0.005171299288946348,1.5624094164325774e-14,2,outandin,Julianna Göbölös-Szabó
316,8,107,1.0,0.0,0.005171299288946348,1.5624094164325774e-14,2,outgoing,András Lukács
6606,8,107,1.0,0.0,0.005171299288946348,1.5624094164325774e-14,2,outandin,Ádám Nagy
67,8,107,1.0,0.0,0.005171299288946348,1.5624094164325774e-14,2,outandin,Adrienn Szabó
6593,8,107,1.0,0.0,0.005171299288946348,1.5624094164325774e-14,2,outandin,Zoltán Szabó 0002
2095,8,107,1.0,0.0,0.005171299288946348,1.5624094164325774e-14,2,outandin,Gábor Szücs
782,1,108,1.0,0.0,0.0006464124111182935,5.739436683167256e-42,2,outandin,Casey M. Canfield
1316,1,108,1.0,0.0,0.0006464124111182935,5.739436683167256e-42,2,outandin,David Sheffield
715,2,109,1.0,0.0,0.001292824822236587,1.4279143216674162e-34,2,outandin,Bruno Pinaud
2944,2,109,1.0,0.0,0.001292824822236587,1.4279143216674162e-34,2,outgoing,Jonathan Dubois
2089,2,109,1.0,0.0,0.001292824822236587,1.4279143216674162e-34,2,outgoing,Guy Melançon
3263,1,110,1.0,0.0,0.0006464124111182935,5.739436683167256e-42,2,outandin,Kevin Boone
1548,1,110,1.0,0.0,0.0006464124111182935,5.739436683167256e-42,2,outgoing,Edward Swing
5944,4,111,1.0,0.0,0.002585649644473174,2.9672192195572536e-25,2,outandin,Victoria L. Lemieux
494,4,111,1.0,0.0,0.002585649644473174,2.9672192195572536e-25,2,outandin,Barbara Endicott-Popovsky
3164,4,111,1.0,0.0,0.002585649644473174,2.9672192195572536e-25,2,outandin,Karl Eckler
5700,4,111,1.0,0.0,0.002585649644473174,2.9672192195572536e-25,2,outandin,Thomas Dang
46,4,111,1.0,0.0,0.002585649644473174,2.9672192195572536e-25,2,outandin,Adam Jansen
5994,0,112,0.0,0.0,0.0,1.3049968136254519e-54,2,outandin,Walter Marcelo Lamagna
2743,5,113,1.0,0.0,0.003232062055591467,6.280033600564809e-22,2,,Jibonananda Sanyal
5408,5,113,1.0,0.0,0.003232062055591467,6.280033600564809e-22,2,,Song Zhang 0004
2540,5,113,1.0,0.0,0.003232062055591467,6.280033600564809e-22,2,incoming,Jamie L. Dyer
295,5,113,1.0,0.0,0.003232062055591467,6.280033600564809e-22,2,incoming,Andrew Mercer 0001
4613,5,113,1.0,0.0,0.003232062055591467,6.280033600564809e-22,2,outgoing,Philip Amburn
4962,5,113,1.0,0.0,0.003232062055591467,6.280033600564809e-22,1,outgoing,Robert J. Moorhead II
3658,1,114,1.0,0.0,0.0006464124111182935,5.739436683167256e-42,2,outandin,Marc Khoury
4870,1,114,1.0,0.0,0.0006464124111182935,5.739436683167256e-42,4,outandin,Rephael Wenger
4499,2,115,1.0,0.0,0.001292824822236587,1.4279143216674162e-34,2,outandin,Paul Bendich
2274,2,115,1.0,0.0,0.001292824822236587,1.4279143216674162e-34,4,outandin,Herbert Edelsbrunner
4040,2,115,1.0,0.0,0.001292824822236587,1.4279143216674162e-34,2,outandin,Michael Kerber
