node,centrality,community,density,betwness,closeness,eign,volatility,type,name
2294,1,0,1.0,0.0,0.0006906077348066298,4.146313076671794e-34,2,outgoing,Ho-Lun Cheng
6227,1,0,1.0,0.0,0.0006906077348066298,4.146313076671794e-34,2,outgoing,Xinwei Shi
4860,0,1,0.0,0.0,0.0,1.2067359280399378e-44,2,,Renato Pajarola
1950,3,2,1.0,0.0,0.0020718232044198894,1.4246623250625995e-23,2,outandin,Gerard Lommerse
1860,3,2,1.0,0.0,0.0020718232044198894,1.4246623250625995e-23,2,outandin,Freek Nossin
3553,3,2,1.0,0.0,0.0020718232044198894,1.4246623250625995e-23,2,outgoing,Lucian Voinea
160,3,2,1.0,0.0,0.0020718232044198894,1.4246623250625995e-23,2,,Alexandru C. Telea
3424,1,3,0.14855072463768115,0.0,0.04940992387161746,8.544608895807896e-12,2,outandin,Lee Byron
578,1,3,0.14855072463768115,0.0,0.050420779456997994,2.8489826136554336e-11,1,outgoing,Bernice E. Rogowitz
276,1,3,0.14855072463768115,0.0,0.04869733469018487,4.698653408081287e-12,2,outandin,Andrei C. Jalba
2945,2,3,0.14855072463768115,0.0,0.049415617571072594,1.7033643574334448e-11,2,outandin,Jonathan Feinberg
1947,2,3,0.14855072463768115,0.0,0.05928780993802958,5.79126945659229e-10,2,outandin,Gerald Penn
50,2,3,0.14855072463768115,0.004193277957154968,0.06145438940696016,3.915773223914078e-09,2,incoming,Adam Perer
5901,2,3,0.14855072463768115,0.0,0.05919778151322031,5.692144446987538e-10,3,outandin,Uta Hinrichs
2303,2,3,0.14855072463768115,0.0,0.05919778151322031,5.692144446987538e-10,2,outandin,Holly Schmidt
2496,2,3,0.14855072463768115,0.0,0.05042670852325587,3.105173569994893e-11,2,outgoing,James Abello
4305,2,3,0.14855072463768115,0.0,0.05042670852325587,3.105173569994893e-11,2,outandin,Neeraj Krishnan
1567,2,3,0.14855072463768115,0.0,0.05923048746985745,5.703877883589105e-10,2,outandin,Elena Fanea
3605,3,3,0.14855072463768115,0.0,0.05346991636929775,5.6814465789798066e-11,2,incoming,Maarten H. Everts
2261,3,3,0.14855072463768115,0.0,0.05346991636929775,5.6814465789798066e-11,2,outandin,Henk Bekker
3718,3,3,0.14855072463768115,0.0,0.05929600792059845,6.304357296319155e-10,2,incoming,Marian Dörk
751,3,3,0.14855072463768115,0.0,0.05929600792059845,6.304357296319155e-10,2,incoming,Carey L. Williamson
2976,4,3,0.14855072463768115,0.0007512208532036181,0.05347658427257363,5.717430333634837e-11,2,incoming,Jos B. T. M. Roerdink
2680,4,3,0.14855072463768115,0.0,0.05066502000020888,4.963872185075867e-11,2,outandin,Jesse Kriss
3903,4,3,0.14855072463768115,0.0,0.05066502000020888,4.963872185075867e-11,2,outandin,Matthew M. McKeon
5808,5,3,0.14855072463768115,0.002993428965243388,0.05926322958565063,5.833485813035949e-10,1,incoming,Tobias Isenberg 0001
1775,6,3,0.14855072463768115,0.0007542668061955445,0.05433025836586443,1.0287319039172487e-10,4,outgoing,Fernanda B. Viégas
969,6,3,0.14855072463768115,0.0033036579781197777,0.05950169686163007,6.89689729446916e-10,1,incoming,Christopher Collins 0001
3842,7,3,0.14855072463768115,0.0015054876593991614,0.05433714258512012,1.0353087277156635e-10,2,,Martin Wattenberg
1835,8,3,0.14855072463768115,0.003589937658426601,0.05556215720157657,3.490742292784375e-10,2,outgoing,Frank van Ham
5312,10,3,0.14855072463768115,0.011999174580068845,0.06640271435146608,6.481755145250812e-09,1,,Sheelagh Carpendale
1399,0,4,0.0,0.0,0.0,1.2067359280399378e-44,2,,Diansheng Guo
2349,1,5,0.11152882205513784,0.0,0.07324145675179641,2.857587839415358e-09,3,incoming,Hui Zhang 0006
3958,2,5,0.11152882205513784,0.0,0.07359339785168491,1.6583522700117043e-08,2,outandin,Melanie Görner
5887,2,5,0.11152882205513784,0.0,0.07360602974283692,2.419356677733393e-08,2,outandin,Ulrich Bartling
2811,2,5,0.11152882205513784,0.0,0.07354291361374858,1.5528145716137397e-08,2,outandin,Joachim Böttger
3986,2,5,0.11152882205513784,0.0,0.07354291361374858,1.5528145716137397e-08,2,outgoing,Michael Balzer
2527,2,5,0.11152882205513784,0.0,0.0844151041893244,1.30825670811282e-07,2,outandin,James Slack
87,3,5,0.11152882205513784,0.0,0.07326648373172184,3.520787772974013e-09,2,outandin,Alan Chu
4609,3,5,0.11152882205513784,0.0,0.07326648373172184,3.520787772974013e-09,3,outandin,Pheng-Ann Heng
3108,3,5,0.11152882205513784,0.0,0.07360602974283692,1.824687646899155e-08,1,incoming,Jürgen Bernard
3105,3,5,0.11152882205513784,0.0,0.07360602974283692,1.824687646899155e-08,2,incoming,Jörn Kohlhammer
2316,3,5,0.11152882205513784,0.0,0.07326648373172184,3.5207877729740137e-09,2,outandin,Hongwei Li
6350,3,5,0.11152882205513784,0.0,0.07326648373172184,3.5207877729740137e-09,2,outandin,Yinggang Li
914,3,5,0.11152882205513784,0.0,0.08489976822050445,8.865660141797057e-08,2,outgoing,Christian Panse
278,3,5,0.11152882205513784,0.0,0.08451492496684429,3.1642460570911424e-08,2,outandin,Andrei Lintu
5658,4,5,0.11152882205513784,9.54537297590366e-07,0.07361866597111896,1.9630372430413278e-08,1,incoming,Tatiana von Landesberger
5400,4,5,0.11152882205513784,0.0,0.0850007392035219,1.209583806090894e-07,2,outandin,Slava Kisilevich
3763,4,5,0.11152882205513784,0.0,0.08491658005579564,1.3491865613907263e-07,2,outandin,Mark Last
2087,4,5,0.11152882205513784,0.0,0.08491658005579564,1.3491865613907263e-07,2,outandin,Guy Danon
692,4,5,0.11152882205513784,0.0,0.08491658005579564,1.0529205103160932e-07,2,outandin,Brian Rexroad
1176,4,5,0.11152882205513784,0.0,0.08491658005579564,1.0529205103160932e-07,2,outandin,Daniel Sheleheda
1101,4,5,0.11152882205513784,0.0,0.08491658005579564,1.4062539280609878e-07,2,outandin,D. Morent
4131,4,5,0.11152882205513784,7.954477479919716e-07,0.08491658005579564,1.1027796718565259e-07,2,,Mike Sips
5133,5,5,0.11152882205513784,0.0,0.07364395144801099,3.332135549926323e-08,2,incoming,Salvatore Rinzivillo
4183,5,5,0.11152882205513784,0.0,0.07364395144801099,3.332135549926323e-08,2,outandin,Mirco Nanni
1417,5,5,0.11152882205513784,0.0,0.07364395144801099,3.332135549926323e-08,2,outandin,Dino Pedreschi
1807,5,5,0.11152882205513784,0.0,0.07364395144801099,3.332135549926323e-08,2,outandin,Fosca Giannotti
2259,5,5,0.11152882205513784,0.0,0.08496705553433088,1.5347447601054428e-07,1,incoming,Hendrik Strobelt
272,5,5,0.11152882205513784,0.0,0.08496705553433088,1.5347447601054428e-07,2,incoming,Andreas Stoffel
870,5,5,0.11152882205513784,1.909074595180732e-06,0.07329152782118749,4.084703810044943e-09,1,incoming,Chi-Wing Fu
4818,5,5,0.11152882205513784,0.0,0.08493339855055812,1.5533275502922961e-07,2,incoming,Ratnesh K. Sharma
3634,5,5,0.11152882205513784,0.0,0.08493339855055812,1.5533275502922961e-07,2,outandin,Malú Castellanos
3328,5,5,0.11152882205513784,0.02375503622022685,0.09064230168712069,1.5095229889281085e-07,2,outandin,Kristian Hildebrand
3388,6,5,0.11152882205513784,0.0,0.08495022370874959,1.988784535209416e-07,2,incoming,Lars-Erik Haug
233,6,5,0.11152882205513784,0.0,0.09402076941060468,1.7451858076186994e-07,2,incoming,Andrada Tatu
1941,6,5,0.11152882205513784,0.0,0.09402076941060468,1.7451858076186994e-07,2,incoming,Georgia Albuquerque
3813,6,5,0.11152882205513784,0.0,0.09402076941060468,1.7451858076186994e-07,2,incoming,Martin Eisemann
5480,6,5,0.11152882205513784,2.7045223431727036e-06,0.08495022370874959,1.2157962453260078e-07,4,outgoing,Stephen C. North
4407,7,5,0.11152882205513784,0.0015005326318120555,0.0850007392035219,1.560714047750982e-07,1,,Oliver Deussen
5611,7,5,0.11152882205513784,0.0,0.08496705553433088,2.0142283611843437e-07,2,outandin,Svenja Leifert
942,7,5,0.11152882205513784,0.0,0.08496705553433088,2.0142283611843437e-07,2,outandin,Christoph Granacher
5441,7,5,0.11152882205513784,0.0,0.08496705553433088,2.0142283611843437e-07,2,outandin,Stefan Koch
5376,7,5,0.11152882205513784,0.0,0.08496705553433088,2.0142283611843437e-07,4,outandin,Simon Butscher
4484,7,5,0.11152882205513784,0.0,0.08496705553433088,2.0142283611843437e-07,2,outandin,Patrick Jungk
1800,8,5,0.11152882205513784,1.5590775860642644e-05,0.08505131481193334,1.8909213975461314e-07,2,incoming,Florian Mansmann
1909,9,5,0.11152882205513784,0.0018680294913843464,0.08508506533368412,1.3412179277041112e-07,1,incoming,Gennady L. Andrienko
4274,9,5,0.11152882205513784,0.0018680294913843464,0.08508506533368412,1.3412179277041112e-07,1,incoming,Natalia V. Andrienko
3692,9,5,0.11152882205513784,0.02644421530608508,0.09606378344125627,1.9115694304760802e-07,2,,Marcus A. Magnor
5815,9,5,0.11152882205513784,0.0029948607711897737,0.08506818672520688,1.6429455024453104e-07,1,,Tobias Schreck
290,9,5,0.11152882205513784,0.00448537076137713,0.08461498209979636,3.3326109977380864e-08,3,outandin,Andrew J. Hanson
2136,10,5,0.11152882205513784,5.647679010742999e-06,0.08501759105506898,2.6665357882411936e-07,2,incoming,Halldór Janetzko
4150,11,5,0.11152882205513784,1.5511231085843448e-05,0.08510195064135107,2.7136531975594e-07,2,,Ming C. Hao
5897,11,5,0.11152882205513784,1.5511231085843448e-05,0.08510195064135107,2.7136531975594e-07,2,,Umeshwar Dayal
1184,12,5,0.11152882205513784,1.7579395230622578e-05,0.08508506533368412,2.8598104326117773e-07,2,incoming,Daniela Oelke
3106,12,5,0.11152882205513784,0.0023464913118015174,0.0942273630590569,2.6935837804455464e-07,2,outgoing,Jörn Schneidewind
920,15,5,0.11152882205513784,3.0942917396887694e-05,0.08513574137021401,3.4734143317231826e-07,2,incoming,Christian Rohrdantz
4558,15,5,0.11152882205513784,5.520407371064285e-05,0.0851864778072642,3.1750318979839055e-07,2,incoming,Peter Bak
1130,39,5,0.11152882205513784,0.11092213290340092,0.10052244005667321,7.739995521351262e-07,0,,Daniel A. Keim
3096,1,6,1.0,0.0,0.0006906077348066298,4.146313076671794e-34,2,outandin,Jérémie Allard
716,1,6,1.0,0.0,0.0006906077348066298,4.146313076671794e-34,2,outandin,Bruno Raffin
959,2,7,1.0,0.0,0.0013812154696132596,6.037486300631341e-28,1,incoming,Christophe Hurter
548,2,7,1.0,0.0,0.0013812154696132596,6.037486300631341e-28,2,outandin,Benjamin Tissoires
5555,2,7,1.0,0.0,0.0013812154696132596,6.037486300631341e-28,2,outandin,Stéphane Conversy
6513,2,8,0.1858974358974359,0.0,0.05828853191270463,9.153681414970775e-07,2,outandin,Zhanping Liu
2825,2,8,0.1858974358974359,0.0,0.05828853191270463,9.153681414970775e-07,2,outandin,Joe Groner
4170,3,8,0.1858974358974359,0.0,0.06173750781482406,1.0749521048360592e-06,2,outandin,Minh X. Nguyen
493,3,8,0.1858974358974359,0.0,0.06173750781482406,1.0749521048360592e-06,1,,Baoquan Chen
1253,3,8,0.1858974358974359,0.0,0.06173750781482406,1.0749521048360592e-06,2,outandin,David H. Porter
4546,4,8,0.1858974358974359,0.0,0.06953603523297681,8.31105333567464e-06,2,incoming,Peihong Guo
2235,4,8,0.1858974358974359,0.0,0.06953603523297681,8.31105333567464e-06,2,incoming,He Xiao
2743,4,8,0.1858974358974359,0.0,0.06524094466480572,1.0955593145940754e-05,2,incoming,Jibonananda Sanyal
1895,4,8,0.1858974358974359,0.0,0.06524094466480572,1.0955593145940756e-05,2,outandin,Gargi Bhattacharya
4613,4,8,0.1858974358974359,0.0,0.06524094466480572,1.0955593145940756e-05,2,incoming,Philip Amburn
2197,4,8,0.1858974358974359,0.0,0.06950222516722333,1.0311712286041963e-05,2,outandin,Haomian Wang
5332,4,8,0.1858974358974359,0.0,0.06953603523297681,9.590059815185074e-06,2,outandin,Shing-Chi Cheung
6180,4,8,0.1858974358974359,0.0,0.07736401394222767,8.432289698474743e-06,2,outandin,Xiaoming Li 0001
5987,5,8,0.1858974358974359,1.8003634029551642e-05,0.07117489282684945,1.982026079431345e-05,2,outandin,Wai-Ho Mak
6108,5,8,0.1858974358974359,0.0,0.06951349153538142,8.610884975742118e-06,2,outandin,Wing-Yi Chan
230,5,8,0.1858974358974359,0.0,0.06951349153538142,8.610884975742118e-06,4,outandin,Anbang Xu
3137,5,8,0.1858974358974359,0.0,0.06951349153538142,8.610884975742118e-06,2,outandin,Kai-Lun Chung
163,5,8,0.1858974358974359,0.0,0.06951349153538142,8.610884975742118e-06,2,outandin,Alexis Kai-Hon Lau
4667,5,8,0.1858974358974359,0.0,0.06951349153538142,8.610884975742118e-06,2,outandin,Ping Guo 0002
4962,6,8,0.1858974358974359,0.0015005326318120555,0.06526080189952335,1.1086088390051824e-05,1,,Robert J. Moorhead II
3122,6,8,0.1858974358974359,3.181790991967887e-06,0.06955859355746438,1.2526171670218746e-05,2,outandin,Ka-Kei Chung
2308,7,8,0.1858974358974359,0.001769848512203623,0.07744784707996531,1.0465195884213644e-05,2,incoming,Hong Zhou 0004
4157,7,8,0.1858974358974359,5.818431683815217e-05,0.07119852719272256,2.1441261384356478e-05,2,outandin,Ming-Yuen Chan
6029,7,8,0.1858974358974359,0.0008629383558270521,0.07740590781259349,1.2332683514884449e-05,1,incoming,Weiwei Cui
350,9,8,0.1858974358974359,0.0,0.07129322182573034,6.289274271467663e-05,2,outandin,Anna MacKay-Brandt
5481,9,8,0.1858974358974359,0.0,0.07129322182573034,6.289274271467663e-05,2,outandin,Stephen Correia
1240,9,8,0.1858974358974359,0.0,0.07129322182573034,6.289274271467663e-05,2,outandin,David F. Tate
4734,9,8,0.1858974358974359,0.0,0.07129322182573034,6.289274271467663e-05,2,outandin,Qunsheng Peng 0001
6347,9,8,0.1858974358974359,0.00018802979815858375,0.07125768183479028,2.2970468336682924e-05,1,incoming,Yingcai Wu
5041,9,8,0.1858974358974359,0.0,0.06969425146786414,8.543904433336347e-05,2,outandin,Ronald M. McLaughlin
3191,9,8,0.1858974358974359,0.0,0.06969425146786414,8.543904433336347e-05,2,outandin,Katie B. Mullins
4943,9,8,0.1858974358974359,0.0,0.06969425146786414,8.543904433336347e-05,2,outandin,Robert Cooper
3058,9,8,0.1858974358974359,0.0,0.06969425146786414,8.543904433336347e-05,2,outandin,Jun Liao
6188,10,8,0.1858974358974359,0.0022520716641148703,0.06960375414409478,1.1762441810166722e-05,1,incoming,Xiaoru Yuan
6580,14,8,0.1858974358974359,0.005088545402289032,0.0739742503504861,0.00010879667093350295,2,outandin,Zi'ang Ding
2867,14,8,0.1858974358974359,0.005088545402289032,0.0739742503504861,0.00010879667093350295,2,outandin,John Allen Crow
6543,14,8,0.1858974358974359,0.005088545402289032,0.0739742503504861,0.00010879667093350295,2,outandin,Zhicheng Yan
5408,18,8,0.1858974358974359,0.009567234402583068,0.07405089436742669,0.00011190812066246084,2,,Song Zhang 0004
6008,19,8,0.1858974358974359,0.007374109514355501,0.07403810933732181,0.00012582641960346767,1,,Wei Chen 0001
2333,27,8,0.1858974358974359,0.040408721365399684,0.07961914765721648,7.780570816568686e-05,1,,Huamin Qu
2130,1,9,0.17980295566502463,0.0,0.007962300942476437,5.917448172197173e-13,2,outandin,Haitao Zhang
2085,2,9,0.17980295566502463,0.0,0.0062234076331999745,1.1720851514035548e-13,2,incoming,Gustavo Mello Machado
1973,2,9,0.17980295566502463,0.0,0.0062234076331999745,1.1720851514035548e-13,2,outandin,Giovane R. Kuhn
6009,2,9,0.17980295566502463,0.0,0.008081141255050713,9.232319878351847e-13,2,outgoing,Wei Hong 0006
2725,2,9,0.17980295566502463,0.0,0.008459944751381215,6.911978761079225e-13,2,outgoing,Jianning Wang
3422,3,9,0.17980295566502463,4.77268648795183e-07,0.0062957728382371835,1.3118148053536298e-13,2,outandin,Leandro A. F. Fernandes
5583,3,9,0.17980295566502463,0.0,0.008594229588704726,1.3282344284226282e-12,2,incoming,Supriya Garg
3032,3,9,0.17980295566502463,0.0,0.008594229588704726,1.3282344284226282e-12,2,outandin,Julia Eunju Nam
6305,3,9,0.17980295566502463,0.0,0.009668508287292817,1.7172320281703267e-12,2,outgoing,Ye Zhao 0004
3274,4,9,0.17980295566502463,0.0,0.008732846194974157,1.6146946886883315e-12,2,outgoing,Kevin T. McDonnell
1692,4,9,0.17980295566502463,0.0,0.008732846194974157,1.3176721081947355e-12,2,outandin,Eun Ju Nam
6356,4,9,0.17980295566502463,0.0,0.008732846194974157,1.3176721081947355e-12,2,outandin,Yiping Han
184,4,9,0.17980295566502463,0.0,0.008732846194974157,1.3176721081947355e-12,2,outandin,Alla Zelenyuk
1118,4,9,0.17980295566502463,0.0,0.008732846194974157,1.3176721081947355e-12,2,outandin,Dan Imre
1696,4,9,0.17980295566502463,0.0,0.008732846194974157,1.6146946886883315e-12,2,outandin,Eva Schuberth
3643,5,9,0.17980295566502463,7.206756596807265e-05,0.00887600760800652,7.347825536690548e-13,4,outandin,Manuel Menezes de Oliveira Neto
2813,5,9,0.17980295566502463,2.386343243975915e-07,0.00887600760800652,1.8071898589373121e-12,3,,Joachim Giesen
4604,5,9,0.17980295566502463,2.386343243975915e-07,0.00887600760800652,1.8071898589373121e-12,2,outandin,Peter Zolliker
1732,5,9,0.17980295566502463,0.0,0.01002660118682218,2.3390423323788293e-12,2,outandin,Fang Xu
6521,5,9,0.17980295566502463,0.0,0.01002660118682218,2.3390423323788293e-12,2,outgoing,Zhe Fan
4316,5,9,0.17980295566502463,0.0,0.01002660118682218,2.3390423323788293e-12,2,outandin,Neophytos Neophytou
5585,5,9,0.17980295566502463,0.0,0.01002660118682218,2.3861289485346458e-12,2,outandin,Susan Brennan
2032,5,9,0.17980295566502463,0.0,0.01002660118682218,2.3861289485346458e-12,2,outandin,Gregory J. Zelinsky
1313,5,9,0.17980295566502463,0.0,0.01002660118682218,2.3861289485346458e-12,2,outandin,David Scott Warren
1766,6,9,0.17980295566502463,5.727223785542197e-06,0.010215782341290523,2.4491050579562983e-12,2,outgoing,Feng Qiu
3564,7,9,0.17980295566502463,1.6783947482630607e-05,0.010412239694007648,2.5331091759716353e-12,2,outgoing,Lujin Wang
2374,7,9,0.17980295566502463,1.018173117429724e-05,0.010412239694007648,2.7028188020621424e-12,2,incoming,I. V. Ramakrishnan
405,15,9,0.17980295566502463,0.00015940772869759115,0.013205767416790191,4.371949665839153e-12,0,,Arie E. Kaufman
3303,21,9,0.17980295566502463,0.00018541887005692862,0.014248328002326257,5.7822546243239505e-12,1,,Klaus Mueller 0001
5177,1,10,0.3333333333333333,0.0,0.0030949457745037853,1.1728759456047993e-19,2,outandin,Sara Johansson 0001
3182,2,10,0.3333333333333333,0.0,0.0032139821504462386,2.2969021475381966e-19,2,incoming,Katerina Vrotsou
2293,2,10,0.3333333333333333,0.0,0.0032139821504462386,1.48879497131237e-19,2,outandin,Ho Van Quan
5818,2,10,0.3333333333333333,0.0,0.0032139821504462386,1.48879497131237e-19,2,outandin,Tobias Åström
3893,4,10,0.3333333333333333,3.818149190361464e-06,0.004642418661755679,4.97431304372091e-19,4,outgoing,Matthew Cooper 0001
1021,4,10,0.3333333333333333,0.0,0.003798342541436464,6.612867465887049e-19,2,incoming,Claes Lundström
231,4,10,0.3333333333333333,0.0,0.003798342541436464,6.612867465887047e-19,2,incoming,Anders Persson
232,4,10,0.3333333333333333,0.0,0.003798342541436464,6.612867465887047e-19,1,,Anders Ynnerman
747,4,10,0.3333333333333333,0.0,0.003798342541436464,6.612867465887047e-19,2,outandin,Calle Winskog
2772,5,10,0.3333333333333333,1.3363522166265126e-05,0.004915502112447189,5.190493990526435e-19,2,,Jimmy Johansson 0001
4122,5,10,0.3333333333333333,1.718167135662659e-05,0.004915502112447189,5.09977580536097e-19,2,outandin,Mikael Jern
4468,7,10,0.3333333333333333,2.672704433253025e-05,0.005570902394106813,9.426385778988222e-19,2,,Patric Ljung
1581,3,11,1.0,0.0,0.0020718232044198894,1.4246623250625995e-23,2,outgoing,Elizabeth G. Hetzler
5931,3,11,1.0,0.0,0.0020718232044198894,1.4246623250625995e-23,2,outandin,Vernon L. Crow
1342,3,11,1.0,0.0,0.0020718232044198894,1.4246623250625995e-23,2,outgoing,Deborah A. Payne
104,3,11,1.0,0.0,0.0020718232044198894,1.4246623250625995e-23,2,outgoing,Alan Turner
43,3,12,1.0,0.0,0.0020718232044198894,1.4246623250625995e-23,2,outgoing,Adam Huang
1204,3,12,1.0,0.0,0.0020718232044198894,1.4246623250625995e-23,2,outandin,Dave Roy
3700,3,12,1.0,0.0,0.0020718232044198894,1.4246623250625995e-23,2,outandin,Marek Franaszek
5042,3,12,1.0,0.0,0.0020718232044198894,1.4246623250625995e-23,2,outandin,Ronald M. Summers
5882,1,13,0.157487922705314,0.0,0.05923048746985745,9.002472129976795e-06,2,outandin,Ugo Varetto
4513,2,13,0.157487922705314,0.0,0.05922230759311807,9.954044874626559e-06,2,outandin,Paul Kidwell
4172,2,13,0.157487922705314,0.0,0.0669417310773912,8.24040880916624e-05,2,outandin,Minho Kim
3103,2,13,0.157487922705314,0.0,0.0669417310773912,8.24040880916624e-05,2,outandin,Jörg Peters 0001
2035,2,13,0.157487922705314,0.0,0.05908359455521741,2.892271242782007e-06,4,outgoing,Gregory P. Johnson
5937,2,13,0.157487922705314,0.0,0.05908359455521741,2.892271242782007e-06,2,outgoing,Victor M. Calo
6318,2,13,0.157487922705314,0.0,0.05343660177965955,8.257036817264655e-07,2,outandin,Yi Mao
3007,2,13,0.157487922705314,0.0,0.05343660177965955,8.257036817264655e-07,2,outandin,Joshua V. Dillon
2405,3,13,0.157487922705314,0.0,0.06955859355746438,4.335792151105716e-05,2,outandin,Insoo Woo
399,3,13,0.157487922705314,0.0,0.06620792485437207,4.0624182799274215e-05,2,outandin,Anya Samak
2088,4,13,0.157487922705314,0.0015005326318120557,0.05923866960654344,1.0071143974992224e-05,2,outandin,Guy Lebanon
5574,4,13,0.157487922705314,0.0,0.06622837517865142,3.830896235488964e-05,2,outandin,SungYe Kim
328,4,13,0.157487922705314,0.0,0.06622837517865142,3.830896235488964e-05,2,outandin,Angela K. Mellema
5793,4,13,0.157487922705314,0.0,0.06622837517865142,3.830896235488964e-05,2,outandin,Timothy W. Collins
4052,4,13,0.157487922705314,0.0,0.06621814843757999,4.255621426887083e-05,2,outandin,Michael McLennan
4916,4,13,0.157487922705314,0.0,0.06621814843757999,4.255621426887083e-05,2,outandin,Rick Kennell
3701,4,13,0.157487922705314,0.0,0.07069382282917375,0.00011687115687106456,2,outandin,Marek Korkusinski
3223,5,13,0.157487922705314,0.0015005326318120555,0.06625907436368479,3.6451810806916934e-05,2,,Kelly P. Gaither
6476,5,13,0.157487922705314,0.0,0.06622837517865142,3.4596943288082016e-05,2,outandin,Yuyan Song
2789,5,13,0.157487922705314,0.0,0.06622837517865142,3.4596943288082016e-05,2,outandin,Jing Ye
5411,5,13,0.157487922705314,0.0,0.06622837517865142,3.4596943288082016e-05,2,outandin,Sonia Lasher-Trapp
4125,5,13,0.157487922705314,0.0,0.06622837517865142,3.4596943288082016e-05,2,outandin,Mike Baldwin
6013,6,13,0.157487922705314,0.00026131181655852524,0.07071713873380078,0.00012242272836327127,2,outgoing,Wei Qiao
1953,6,13,0.157487922705314,0.00026131181655852524,0.07071713873380078,0.00012242272836327127,2,outandin,Gerhard Klimeck
463,6,13,0.157487922705314,0.0,0.06624883814023914,4.63354498584401e-05,2,outandin,Avin Pattath
676,6,13,0.157487922705314,0.0,0.06624883814023914,4.63354498584401e-05,2,outandin,Brian D. Bue
6246,6,13,0.157487922705314,0.0,0.06624883814023914,4.63354498584401e-05,2,outandin,Xuan Zhong
13,6,13,0.157487922705314,0.0,0.06624883814023914,4.63354498584401e-05,2,outandin,Aaron Ault
1543,6,13,0.157487922705314,0.0,0.06624883814023914,4.63354498584401e-05,2,outandin,Edward J. Coyle
177,7,13,0.157487922705314,0.03609833801257487,0.07630404435618647,0.001246377293337443,1,,Alireza Entezari
4351,7,13,0.157487922705314,9.54537297590366e-06,0.06627955630320988,4.546042180450142e-05,2,outandin,Nikolai A. Svakhine
5105,9,13,0.157487922705314,0.0,0.06631030296609988,8.764066974647953e-05,2,outandin,Ryan Hafen
72,9,13,0.157487922705314,0.0,0.06631030296609988,8.764066974647953e-05,2,outandin,Ahmad M. Abusalah
4197,9,13,0.157487922705314,0.0,0.06631030296609988,8.764066974647953e-05,2,outandin,Mohamed Yakout
4083,9,13,0.157487922705314,0.0,0.06631030296609988,8.764066974647953e-05,2,outandin,Michael Wade
549,9,13,0.157487922705314,0.0,0.06632055819390163,9.053848473006742e-05,2,outandin,Benjamin Tyner
846,9,13,0.157487922705314,0.0,0.06632055819390163,9.053848473006742e-05,2,outandin,Cheng Zheng
4920,9,13,0.157487922705314,0.0,0.06632055819390163,9.053848473006742e-05,2,outandin,Rimma V. Nehme
3416,9,13,0.157487922705314,0.0,0.06632055819390163,9.053848473006742e-05,2,outandin,Lawrence T. Glickman
5498,10,13,0.157487922705314,3.4999700911646746e-06,0.06632055819390163,9.043115748578776e-05,2,outandin,Stephen Rudolph
4220,14,13,0.157487922705314,5.727223785542197e-06,0.06637188195043614,0.00012119584500915285,2,outandin,Mourad Ouzzani
5307,14,13,0.157487922705314,5.727223785542197e-06,0.06637188195043614,0.00012119584500915285,2,outandin,Shaun J. Grannis
6095,16,13,0.157487922705314,0.0029991561890289303,0.06641299818518939,0.00012260470388419115,2,outgoing,William S. Cleveland
5061,17,13,0.157487922705314,0.001004594824371503,0.06977362988639244,0.00013579690227256036,1,incoming,Ross Maciejewski
6454,20,13,0.157487922705314,0.0008423791651234981,0.06645416539311451,0.00012051956476368652,2,incoming,Yun Jang
1306,46,13,0.157487922705314,0.049265904105439746,0.07533884913593955,0.00033109643148554983,0,,David S. Ebert
749,2,14,1.0,0.0,0.0013812154696132596,6.037486300631341e-28,2,,Camilla Forsell
5446,2,14,1.0,0.0,0.0013812154696132596,6.037486300631341e-28,2,outandin,Stefan Seipel
3881,2,14,1.0,0.0,0.0013812154696132596,6.037486300631341e-28,2,outgoing,Mats Lind
5604,1,15,0.17647058823529413,0.0,0.0712103502626649,0.015884280607714806,2,outandin,Sven Bachthaler
3995,1,15,0.17647058823529413,0.0,0.063249075115305,0.014722956453339538,2,outandin,Michael Buser
4043,2,15,0.17647058823529413,0.0,0.0683828303750228,0.017418996751251258,4,outandin,Michael Krone
3195,2,15,0.17647058823529413,0.0,0.0683828303750228,0.017418996751251258,2,outgoing,Katrin Bidmon
2934,2,15,0.17647058823529413,0.0,0.07434617359253952,0.01707328042731669,2,outandin,Johnson Chuang
5892,2,15,0.17647058823529413,0.0,0.0683828303750228,0.01756217682796727,2,outandin,Ulrich Rist
2546,2,15,0.17647058823529413,0.0,0.05670837467360063,0.00010461437650280286,2,outgoing,Jan Fischer
6129,2,15,0.17647058823529413,0.0,0.05670837467360063,0.00010461437650280286,1,outgoing,Wolfgang Straßer
3757,3,15,0.17647058823529413,0.0,0.068502991898046,0.01926634096462407,2,outandin,Mark Giereth
2567,3,15,0.17647058823529413,0.0,0.06326773816491117,0.00157802134396604,2,outandin,Janko Dietzsch
3203,3,15,0.17647058823529413,0.0,0.06326773816491117,0.00157802134396604,2,outandin,Kay Nieselt
5244,3,15,0.17647058823529413,0.0,0.068502991898046,0.019048433369390563,2,incoming,Sebastian Grottel
2470,3,15,0.17647058823529413,0.0,0.068502991898046,0.019048433369390563,2,outandin,Jadran Vrabec
5522,3,15,0.17647058823529413,0.0,0.0743590652474021,0.01819649201195382,2,,Steven Bergner
1264,3,15,0.17647058823529413,0.0,0.0743590652474021,0.01819649201195382,2,outandin,David J. Muraki
5720,3,15,0.17647058823529413,0.0,0.0683937367275547,0.018717548827525587,2,outandin,Thomas Klein
3618,3,15,0.17647058823529413,0.0,0.0683937367275547,0.018717548827525587,2,outandin,Magnus Strengert
1858,3,15,0.17647058823529413,0.0,0.07137628649829693,0.03434826498252901,2,outandin,Frederik Schramm
1993,3,15,0.17647058823529413,0.0,0.07137628649829693,0.03434826498252901,2,outgoing,Gordon Erlebacher
5386,4,15,0.17647058823529413,9.54537297590366e-07,0.06840464655954186,0.019738578779652596,2,outgoing,Simon Stegmaier
5849,5,15,0.17647058823529413,0.03559072871396342,0.0783821475565286,0.019261870381997347,2,,Torsten Möller
1423,5,15,0.17647058823529413,0.0015005326318120555,0.06328641223166587,0.001590185489252915,2,,Dirk Bartz
4790,5,15,0.17647058823529413,0.0,0.07770044016701722,0.039576533402994746,2,outandin,Ralf P. Botchen
5072,5,15,0.17647058823529413,0.0,0.07770044016701722,0.039576533402994746,2,outandin,Rudy Hashim
2380,5,15,0.17647058823529413,0.0,0.07770044016701722,0.039576533402994746,2,incoming,Ian M. Thornton
951,7,15,0.17647058823529413,0.0,0.06337994816461247,0.007159711903184783,2,incoming,Christoph Müller 0001
535,7,15,0.17647058823529413,0.0,0.06337994816461247,0.007159711903184783,2,incoming,Benjamin Höferlin
3788,7,15,0.17647058823529413,0.0,0.06337994816461247,0.007159711903184783,2,incoming,Markus Höferlin
4093,7,15,0.17647058823529413,0.0,0.06337994816461247,0.007159711903184783,2,incoming,Michael Wörner 0001
4141,7,15,0.17647058823529413,0.046889806868770714,0.08621405896296098,0.03989549846887549,1,,Min Chen 0001
5459,9,15,0.17647058823529413,0.0005091477470031691,0.06862357645731604,0.023673403817373526,1,incoming,Steffen Koch 0001
2205,9,15,0.17647058823529413,0.0005091477470031691,0.06862357645731604,0.023673403817373526,2,incoming,Harald Bosch
2057,10,15,0.17647058823529413,0.0005250567019630083,0.06863455974420102,0.024768173047695817,1,incoming,Guido Reina
3036,11,15,0.17647058823529413,0.005567805824343686,0.07153106410037831,0.0223964482070427,2,incoming,Julian Heinrich
3654,16,15,0.17647058823529413,0.0,0.07154299787817284,0.2376625860333759,2,outandin,Marc Borchers
3814,16,15,0.17647058823529413,0.0,0.07154299787817284,0.2376625860333759,4,outandin,Martin Falk
4408,16,15,0.17647058823529413,0.0,0.07154299787817284,0.2376625860333759,2,outandin,Oliver Fechtig
4847,16,15,0.17647058823529413,0.0,0.07154299787817284,0.2376625860333759,2,outandin,Regine Frank
259,16,15,0.17647058823529413,0.0,0.07154299787817284,0.2376625860333759,2,outandin,Andreas King
5903,16,15,0.17647058823529413,0.0,0.07154299787817284,0.2376625860333759,2,outandin,Ute Kraus
5725,16,15,0.17647058823529413,0.0,0.07154299787817284,0.2376625860333759,2,incoming,Thomas Müller 0005
2174,16,15,0.17647058823529413,0.0,0.07154299787817284,0.2376625860333759,2,outandin,Hans-Peter Nollert
2417,16,15,0.17647058823529413,0.0,0.07154299787817284,0.2376625860333759,2,outandin,Isabel Rica Mendez
2158,16,15,0.17647058823529413,0.0,0.07154299787817284,0.2376625860333759,2,outgoing,Hanns Ruder
1067,16,15,0.17647058823529413,0.0,0.07154299787817284,0.2376625860333759,2,outandin,Corvin Zahn
4094,16,15,0.17647058823529413,0.0,0.07154299787817284,0.2376625860333759,2,outandin,Michael Zatloukal
5814,16,15,0.17647058823529413,0.0,0.07154299787817284,0.2376625860333759,2,outandin,Tobias Schafhitzel
5412,16,15,0.17647058823529413,0.0,0.07154299787817284,0.2376625860333759,2,outandin,Sonja Schär
1822,17,15,0.17647058823529413,0.0007512208532036181,0.07155493563853962,0.23851854936794123,2,outandin,Frank Grave
1182,28,15,0.17647058823529413,0.04457412222650284,0.08191570759919158,0.25733248019389143,1,,Daniel Weiskopf
5703,34,15,0.17647058823529413,0.014196207101364045,0.07818208373414184,0.26477662273706787,1,,Thomas Ertl
3990,1,16,0.06655974338412189,0.0,0.05985883993324511,6.758830302717277e-10,2,incoming,Michael Bostock
3325,1,16,0.06655974338412189,0.0,0.06113025363959629,3.887283397777524e-09,2,incoming,Krist Wongsuphasawat
116,1,16,0.06655974338412189,0.0,0.06113025363959629,3.887283397777524e-09,2,outandin,Aleks Aris
580,1,16,0.06655974338412189,0.0,0.0730791972191152,3.428378811427845e-08,2,outandin,Beth Yost
6604,1,16,0.06655974338412189,0.0,0.05985883993324511,6.758830302717277e-10,2,outandin,danah boyd
3907,2,16,0.06655974338412189,0.0,0.06616706207094089,6.1192022109619886e-09,2,outandin,Matthew Tobiasz
2918,2,16,0.06655974338412189,0.0,0.06648507430725085,1.9874530596453566e-08,2,outandin,John Sharko
3234,2,16,0.06655974338412189,0.0,0.06648507430725085,1.9874530596453566e-08,4,outandin,Kenneth A. Marx
6059,2,16,0.06655974338412189,0.0,0.05986719660502135,7.971029921424415e-10,1,incoming,Wesley Willett
3504,2,16,0.06655974338412189,0.0,0.061401593539772044,3.338662556313222e-09,2,incoming,Lisa Singh
6308,2,16,0.06655974338412189,0.0,0.06576119142489924,6.568753952896915e-09,2,outgoing,Yehuda Koren
4697,2,16,0.06655974338412189,0.0,0.07309165319273359,3.725033139403986e-08,2,outgoing,Purvi Saraiya
4583,2,16,0.06655974338412189,0.0,0.07309165319273359,3.725033139403986e-08,2,outandin,Peter Lee 0005
5032,3,16,0.06655974338412189,0.0,0.0678097294879456,2.544078689459659e-08,1,incoming,Romain Vuillemot
5648,3,16,0.06655974338412189,0.0,0.0678097294879456,2.544078689459659e-08,2,outandin,Tanya E. Clement
217,3,16,0.06655974338412189,0.0,0.0678097294879456,2.544078689459659e-08,2,outandin,Amit Kumar
965,3,16,0.06655974338412189,0.0,0.07310411341318922,7.054600134710605e-08,2,incoming,Christopher Andrews
1980,3,16,0.06655974338412189,0.0,0.07310411341318922,7.054600134710605e-08,2,outandin,Glenn A. Fink
17,3,16,0.06655974338412189,0.0,0.0663821562355678,1.5353366285114883e-08,2,outandin,Aaron Hoff
3899,3,16,0.06655974338412189,0.0,0.0663821562355678,1.5353366285114883e-08,2,outandin,Matthew Hurst
2826,3,16,0.06655974338412189,0.0,0.08939519059448989,2.123364844946595e-07,2,outandin,Joe Kielman
3374,3,16,0.06655974338412189,0.0,0.08939519059448989,2.123364844946595e-07,2,outandin,Larry Rosenblum
2677,3,16,0.06655974338412189,0.0,0.061147687050016816,4.637647521555508e-09,2,outandin,Jerry Alan Fails
222,3,16,0.06655974338412189,0.0,0.061147687050016816,4.637647521555508e-09,2,incoming,Amy K. Karlson
3417,3,16,0.06655974338412189,0.0,0.061147687050016816,4.637647521555508e-09,2,outandin,Layla Shahamat
4231,3,16,0.06655974338412189,0.0,0.06116513040675624,4.902780978457315e-09,2,outandin,Mustafa Bilgic 0001
3537,3,16,0.06655974338412189,0.0,0.06116513040675624,4.902780978457315e-09,2,outandin,Louis Licamele
526,3,16,0.06655974338412189,0.0,0.06868952895751529,3.323510703942235e-08,3,outgoing,Benjamin B. Bederson
622,4,16,0.06655974338412189,0.0,0.06650569622856203,1.2034067745896133e-08,1,incoming,Bo Hyoung Kim
5586,4,16,0.06655974338412189,0.0,0.06650569622856203,1.2034067745896133e-08,2,outandin,Susan Knoblach
1650,4,16,0.06655974338412189,0.0,0.06650569622856203,1.2034067745896133e-08,2,outandin,Eric P. Hoffman
2801,4,16,0.06655974338412189,0.0,0.06650569622856203,1.2034067745896133e-08,1,,Jinwook Seo
5022,4,16,0.06655974338412189,0.0,0.0687225527695141,3.5106705694139464e-08,2,incoming,Roland Fernandez
897,4,16,0.06655974338412189,0.0021740525173041298,0.060466543891958255,1.4869532383179308e-09,2,outgoing,Chris Stolte
3636,4,16,0.06655974338412189,2.453160854807241e-05,0.06035590841404193,1.4807581418118057e-09,2,,Maneesh Agrawala
1921,4,16,0.06655974338412189,0.0,0.08330006396304739,1.085708055695316e-06,2,outandin,George Chin
3329,5,16,0.06655974338412189,0.0,0.0768648018070923,1.1688649503223967e-06,4,outandin,Kristin A. Cook
4806,5,16,0.06655974338412189,0.0,0.0768648018070923,1.1688649503223967e-06,4,outandin,Randall M. Rohrer
1726,5,16,0.06655974338412189,0.0,0.06579145892632218,8.674127152242729e-09,2,outandin,Falk Schreiber
4575,5,16,0.06655974338412189,0.0,0.06579145892632218,8.674127152242729e-09,2,outandin,Peter J. Stuckey
4090,5,16,0.06655974338412189,0.0,0.06579145892632218,8.674127152242729e-09,2,outandin,Michael Woodward
4092,5,16,0.06655974338412189,0.0,0.06579145892632218,8.674127152242729e-09,1,incoming,Michael Wybrow
5669,5,16,0.06655974338412189,0.0,0.07567120686108486,2.1324463572717887e-07,2,outandin,Teresa O'Connell
5683,5,16,0.06655974338412189,0.0,0.07567120686108486,2.1324463572717887e-07,2,outandin,Theresa A. O'Connell
2368,5,16,0.06655974338412189,0.001206283080192517,0.06873356776434812,3.4056038200555395e-08,2,outandin,Hyunmo Kang
3508,5,16,0.06655974338412189,0.00012977616373096448,0.06185327120752459,7.669088759803968e-09,2,incoming,Lise Getoor
3849,5,16,0.06655974338412189,0.0,0.06640271435146608,1.2845595106313883e-08,2,,Mary Czerwinski
690,5,16,0.06655974338412189,0.0,0.06640271435146608,1.2845595106313883e-08,2,outandin,Brian Meyers
1142,5,16,0.06655974338412189,0.0,0.06640271435146608,1.2845595106313883e-08,2,outandin,Daniel C. Robbins
3230,5,16,0.06655974338412189,0.0,0.08383748373055092,1.1791527156070922e-06,2,outandin,Ken Perrine
3315,6,16,0.06655974338412189,0.0,0.07469582464409824,6.894789609085893e-08,2,outandin,Kori Inkpen Quinn
2663,6,16,0.06655974338412189,0.0,0.08270563727710085,3.7711926547960637e-07,2,outandin,Jereme Haack
775,6,16,0.06655974338412189,0.0,0.08270563727710085,3.7711926547960637e-07,2,outandin,Carrie Varley
3289,6,16,0.06655974338412189,1.909074595180732e-06,0.06580155428598557,9.164484253499986e-09,1,incoming,Kim Marriott
5298,6,16,0.06655974338412189,1.9090745951807322e-07,0.07568456217468549,2.2883973527075537e-07,4,outandin,Sharon J. Laskowski
1383,6,16,0.06655974338412189,3.0129287986084486e-05,0.06679575222457446,2.1290996483489646e-08,2,outandin,Desney S. Tan
2021,6,16,0.06655974338412189,3.0129287986084486e-05,0.06679575222457446,2.1290996483489646e-08,2,incoming,Greg Smith
4794,6,16,0.06655974338412189,0.0,0.061401593539772044,6.677459435278096e-09,4,outandin,Ramana Rao
3211,6,16,0.06655974338412189,0.0,0.061401593539772044,6.677459435278096e-09,2,outgoing,Keith Andrews
964,6,16,0.06655974338412189,0.0,0.061401593539772044,6.677459435278096e-09,4,outandin,Christopher Ahlberg
1446,6,16,0.06655974338412189,0.0,0.061401593539772044,6.677459435278096e-09,2,outgoing,Dominique Brodbeck
5844,6,16,0.06655974338412189,0.0,0.061401593539772044,6.677459435278096e-09,2,outandin,Tony Jewitt
2636,7,16,0.06655974338412189,0.00822904129173152,0.06724615481915759,8.366291177413733e-09,1,incoming,Jeffrey Heer
5652,7,16,0.06655974338412189,0.0,0.06833923972617817,4.214074475264254e-08,2,outandin,Taowei David Wang
4310,7,16,0.06655974338412189,0.0,0.06833923972617817,4.214074475264254e-08,4,outandin,Neil Spring
1303,7,16,0.06655974338412189,0.0,0.06833923972617817,4.214074475264254e-08,2,outandin,David Roseman
2018,7,16,0.06655974338412189,0.0,0.06833923972617817,4.214074475264254e-08,2,outandin,Greg Marchand
5951,7,16,0.06655974338412189,0.0,0.06833923972617817,4.214074475264254e-08,2,outandin,Vikramjit Mukherjee
3772,7,16,0.06655974338412189,0.0,0.06833923972617817,4.214074475264254e-08,2,outandin,Mark S. Smith
2519,7,16,0.06655974338412189,0.020203525581491813,0.08501759105506898,1.1978037455828511e-06,4,outgoing,James R. Eagan
4608,8,16,0.06655974338412189,0.013286527215419057,0.0750093981601833,6.988779258742236e-08,1,incoming,Petra Isenberg
123,8,16,0.06655974338412189,0.0006442672217164691,0.0827375514724615,3.875144227754657e-07,1,incoming,Alex Endert
1938,8,16,0.06655974338412189,0.0015007235392715734,0.07571128694946469,2.3175949106822108e-07,1,outgoing,Georges G. Grinstein
4486,9,16,0.06655974338412189,0.00029141080707094586,0.08481580879781803,1.5369067783881258e-06,2,outandin,Patrick Mackey
2215,9,16,0.06655974338412189,0.00029141080707094586,0.08481580879781803,1.5369067783881258e-06,2,outgoing,Harlan Foote
1195,10,16,0.06655974338412189,0.0012253863816632281,0.0751540009256516,8.483257518113344e-08,2,,Danyel Fisher
2822,10,16,0.06655974338412189,0.008628527483789082,0.062203180922797786,7.593287582607829e-09,4,outgoing,Jock D. Mackinlay
2607,11,16,0.06655974338412189,0.01081880830064351,0.08359234488923352,4.6181961742826465e-07,4,outandin,Jean Scholtz
5772,12,16,0.06655974338412189,0.004480598074889179,0.07477397197589676,7.271973505111503e-08,1,,Tim Dwyer
4443,13,16,0.06655974338412189,0.04326884482909143,0.0873734167240766,9.302114226040085e-06,2,outgoing,Pak Chung Wong
2511,15,16,0.06655974338412189,0.0964713559096327,0.09502076873072635,1.6119598743526703e-06,2,outgoing,James J. Thomas
1927,16,16,0.06655974338412189,0.01276948736681568,0.07556453379414414,9.151935777398971e-08,2,outgoing,George G. Robertson
3746,16,16,0.06655974338412189,0.023080356232499665,0.08614478290111852,1.520391255945896e-06,4,outgoing,Mark A. Whiting
634,17,16,0.06655974338412189,0.006778653796917984,0.07571128694946469,1.141009883043448e-07,1,,Bongshin Lee
893,17,16,0.06655974338412189,0.03586886622810545,0.08439849031327848,4.327261952153832e-07,1,,Chris North 0001
788,19,16,0.06655974338412189,0.02813671813073602,0.0774198825206297,2.70208875881599e-07,1,,Catherine Plaisant
522,22,16,0.06655974338412189,0.019918840846739783,0.06885496616598714,4.844117740845373e-08,1,,Ben Shneiderman
2068,2,17,0.24367816091954023,0.0,0.06919940766205712,9.230600750477985e-08,2,,Gunther H. Weber
3051,3,17,0.24367816091954023,0.0,0.06921057606226082,1.0775492266818446e-07,1,incoming,Julien Tierny
1531,3,17,0.24367816091954023,0.0,0.06921057606226082,1.0775492266818446e-07,2,outandin,Eddie Simon
5208,3,17,0.24367816091954023,0.0,0.07591232594826836,4.760655156797626e-07,2,outandin,Scott E. Dillard
2869,3,17,0.24367816091954023,0.0,0.07591232594826836,4.760655156797626e-07,2,outandin,John Bingert
1124,3,17,0.24367816091954023,0.0,0.07591232594826836,4.760655156797626e-07,2,outandin,Dan Thoma
1236,4,17,0.24367816091954023,0.0,0.069221748068082,1.0780779563354492e-07,2,outandin,David E. Laney
82,4,17,0.24367816091954023,0.0,0.069221748068082,1.0780779563354492e-07,2,outgoing,Ajith Mascarenhas
4515,4,17,0.24367816091954023,0.0,0.069221748068082,1.0780779563354492e-07,2,outandin,Paul L. Miller
169,5,17,0.24367816091954023,0.0,0.07593921184376978,6.194095028687712e-07,2,outandin,Alfred R. Fuller
4991,5,17,0.24367816091954023,0.0,0.07593921184376978,6.194095028687712e-07,2,outandin,Robert Zawadzki
5424,5,17,0.24367816091954023,0.0,0.07593921184376978,6.194095028687712e-07,2,outandin,Stacey Choi
2915,5,17,0.24367816091954023,0.0,0.07593921184376978,6.194095028687712e-07,2,outandin,John S. Werner
3743,6,17,0.24367816091954023,0.0,0.07746183693673554,6.47510276745041e-07,2,outgoing,Mark A. Duchaineau
1536,6,17,0.24367816091954023,0.0,0.07746183693673554,6.475102767450409e-07,2,outandin,Eduardo M. Bringa
289,6,17,0.24367816091954023,0.0,0.07746183693673554,6.475102767450409e-07,2,outandin,Andrew Higginbotham
5948,7,17,0.24367816091954023,7.159029731927746e-07,0.0774758318485579,6.850168075719045e-07,2,,Vijay Natarajan
4544,8,17,0.24367816091954023,0.001241633350263514,0.07748983181817275,5.89042045039813e-07,1,,Peer-Timo Bremer
449,9,17,0.24367816091954023,0.0006236802870245276,0.07750383684832242,6.993986611458256e-07,1,incoming,Attila Gyulassy
4362,9,17,0.24367816091954023,0.0,0.07599304080839411,9.740431554272907e-07,2,outgoing,Nina Amenta
1113,9,17,0.24367816091954023,0.0,0.07599304080839411,9.740431554272907e-07,2,outandin,Dan A. Alcantara
1347,9,17,0.24367816091954023,0.0,0.07599304080839411,9.740431554272907e-07,2,outandin,Deboshmita Ghosh
6369,9,17,0.24367816091954023,0.0,0.07599304080839411,9.740431554272907e-07,2,outandin,Yong Joo Kil
1639,9,17,0.24367816091954023,0.0,0.07599304080839411,9.740431554272907e-07,2,outandin,Eric Delson
6065,9,17,0.24367816091954023,0.0,0.07599304080839411,9.740431554272907e-07,2,outandin,Will Harcourt-Smith
3187,9,17,0.24367816091954023,0.0,0.07599304080839411,9.740431554272907e-07,2,outandin,Katherine St. John
1706,9,17,0.24367816091954023,0.0,0.07599304080839411,9.740431554272907e-07,2,outandin,F. James Rohlf
1241,13,17,0.24367816091954023,1.5272596761445858e-05,0.07604694613969994,1.1322405964728109e-06,4,outandin,David F. Wiley
5917,16,17,0.24367816091954023,0.010963740122683098,0.0792512898321508,7.54217648401208e-07,1,,Valerio Pascucci
567,31,17,0.24367816091954023,0.02634194819820354,0.08816380125036348,6.3389960215038835e-06,1,,Bernd Hamann
5023,2,18,0.1349527665317139,0.0,0.07503564816828837,3.807069509484149e-09,2,incoming,Roland Fraedrich
5738,2,18,0.1349527665317139,0.0,0.08687778145902916,6.199192871804658e-08,2,incoming,Thomas Schultz 0001
780,2,18,0.1349527665317139,0.0,0.08107935891128153,2.684451213259765e-08,2,outandin,Carsten Stoll
5436,2,18,0.1349527665317139,0.0,0.08107935891128153,2.684451213259765e-08,3,outgoing,Stefan Gumhold
4672,2,18,0.1349527665317139,0.0,0.07503564816828837,4.048354681063581e-09,2,outandin,Polina Kondratieva
902,3,18,0.1349527665317139,0.0,0.07504878006331256,4.113325818126371e-09,2,incoming,Christian Dick
2812,3,18,0.1349527665317139,0.0,0.07504878006331256,4.113325818126371e-09,2,outandin,Joachim Georgii
4779,3,18,0.1349527665317139,0.0,0.07504878006331256,4.113325818126371e-09,2,incoming,Rainer Burgkart
2660,3,18,0.1349527665317139,4.77268648795183e-07,0.07504878006331256,4.348502135840347e-09,1,,Jens Schneider 0002
1789,3,18,0.1349527665317139,0.0,0.08687778145902916,4.3708981803759154e-08,2,incoming,Florian Ferstl
6131,3,18,0.1349527665317139,0.0,0.08689538587269867,8.520879724874225e-08,2,outandin,Wolfram von Funck
1777,3,18,0.1349527665317139,0.0,0.0661977044275653,8.358603847562127e-10,2,outandin,Fernando Vega Higuera
5070,3,18,0.1349527665317139,0.0,0.0661977044275653,8.358603847562127e-10,2,outandin,Rudolf Fahlbusch
4789,3,18,0.1349527665317139,0.0,0.08762336111192644,2.849090095145088e-07,2,,Ralf Kähler
5462,3,18,0.1349527665317139,0.0,0.08762336111192644,2.849090095145088e-07,2,outgoing,Steffen Prohaska
277,3,18,0.1349527665317139,0.0,0.08762336111192644,2.849090095145088e-07,2,outgoing,Andrei Hutanu
3126,4,18,0.1349527665317139,0.00037226954606024276,0.08689538587269867,4.425041443011536e-08,2,incoming,Kai Bürger
2658,4,18,0.1349527665317139,1.4318059463855492e-06,0.07506191655553439,7.442336455539775e-09,2,,Jens H. Krüger
2554,4,18,0.1349527665317139,0.0,0.09478972795795047,3.344871644999908e-07,2,outandin,Jan Sahner
3338,4,18,0.1349527665317139,0.0,0.09478972795795047,3.344871644999908e-07,2,outandin,Kuangyu Shi
3797,5,18,0.1349527665317139,0.0,0.06621814843757999,2.423888800302656e-09,2,outandin,Markus Sonntag
3667,5,18,0.1349527665317139,0.0,0.07527272762537617,6.839278169069766e-09,2,,Marc Stamminger
5802,6,18,0.1349527665317139,0.00013030834157777172,0.09483165176509685,3.60196681532618e-07,1,,Tino Weinkauf
2024,6,18,0.1349527665317139,0.0,0.08114072455662591,3.781489460577012e-08,2,outandin,Gregor Schlosser
3111,6,18,0.1349527665317139,0.0,0.08114072455662591,3.781489460577012e-08,4,outandin,Jürgen Hesser
1834,6,18,0.1349527665317139,0.0,0.08114072455662591,3.781489460577012e-08,2,outgoing,Frank Zeilfelder
922,6,18,0.1349527665317139,0.0,0.08114072455662591,3.781489460577012e-08,4,outgoing,Christian Rössl
4852,6,18,0.1349527665317139,0.0,0.08114072455662591,3.781489460577012e-08,2,outandin,Reinhard Männer
2101,6,18,0.1349527665317139,0.0,0.08114072455662591,3.781489460577012e-08,2,outgoing,Günther Nürnberger
4276,7,18,0.1349527665317139,0.006692260993406056,0.08719575625900122,6.473175509080137e-08,2,outandin,Natascha Sauber
1478,7,18,0.1349527665317139,0.00037274681470903794,0.07529916229706198,7.208443614512654e-09,2,outandin,Dorit Merhof
1821,7,18,0.1349527665317139,0.00037274681470903794,0.07529916229706198,7.208443614512654e-09,2,outandin,Frank Enders
987,7,18,0.1349527665317139,0.00037274681470903794,0.07529916229706198,7.208443614512654e-09,2,outandin,Christopher Nimsky
2100,7,18,0.1349527665317139,3.818149190361464e-06,0.06623860507904973,2.5493250320373842e-09,2,outandin,Günther Greiner
4571,9,18,0.1349527665317139,0.0018675522227355513,0.07532561554220411,7.333879846247382e-09,2,outgoing,Peter Hastreiter
5114,10,18,0.1349527665317139,0.004857640307437373,0.08700116236189247,4.604353597425882e-08,1,,Rüdiger Westermann
2166,12,18,0.1349527665317139,0.08711227669709051,0.10436328286244048,4.006527431802151e-06,2,,Hans-Christian Hege
2175,16,18,0.1349527665317139,0.008250283649667569,0.09523178531684831,3.8624603742491363e-07,2,,Hans-Peter Seidel
2300,17,18,0.1349527665317139,0.09024611779289987,0.10313341252567772,5.180515769072676e-07,2,,Holger Theisel
5125,1,19,1.0,0.0,0.0006906077348066298,4.146313076671794e-34,2,outandin,Sabrina Bresciani
3823,1,19,1.0,0.0,0.0006906077348066298,4.146313076671794e-34,2,outandin,Martin J. Eppler
881,1,20,0.6666666666666666,0.0,0.0022601707684580612,2.1664084442140618e-19,2,outandin,Chris Brunsdon
3213,3,20,0.6666666666666666,0.0,0.0027624309392265192,6.322318952326617e-19,2,outandin,Keith C. Clarke
4299,4,20,0.6666666666666666,0.0,0.003107734806629834,8.142137619987159e-19,2,outandin,Naz Khalili-Shavarini
1283,4,20,0.6666666666666666,0.0,0.003107734806629834,8.142137619987159e-19,2,outandin,David M. Mountain
76,5,20,0.6666666666666666,6.363581983935774e-07,0.0035516969218626674,9.29707885041739e-19,2,incoming,Aidan Slingsby
2809,5,20,0.6666666666666666,6.363581983935774e-07,0.0035516969218626674,9.29707885041739e-19,2,incoming,Jo Wood
2587,6,20,0.6666666666666666,5.409044686345407e-06,0.004143646408839779,9.692831493243843e-19,2,incoming,Jason Dykes
2387,1,21,0.12258064516129032,0.0,0.049466919977133234,8.346166676298488e-12,2,incoming,Igor Jurisica
724,1,21,0.12258064516129032,0.0,0.06023721439552858,1.043571640076903e-09,2,incoming,Bryan McDonnel
4827,1,21,0.12258064516129032,0.0,0.049466919977133234,8.346166676298488e-12,2,,Ravin Balakrishnan
5791,2,21,0.12258064516129032,0.0,0.067510820101034,1.3411840472707947e-08,2,outandin,Timothy Sullivan
4657,2,21,0.12258064516129032,0.0,0.060304982320597375,1.1360264988475182e-09,1,incoming,Pierre Dragicevic
4261,2,21,0.12258064516129032,0.0,0.067510820101034,1.3411840472707947e-08,2,outandin,Nancy J. Nersessian
228,2,21,0.12258064516129032,0.0,0.05435091625877921,1.0119519675923963e-10,1,incoming,Anastasia Bezerianos
6488,2,21,0.12258064516129032,0.0,0.067510820101034,1.288809123246696e-08,2,outandin,Zachary Pousman
4050,2,21,0.12258064516129032,0.0,0.067510820101034,1.288809123246696e-08,2,outandin,Michael Mateas
4636,2,21,0.12258064516129032,0.0,0.06761727046385493,1.2909562392411439e-08,2,outgoing,Philippas Tsigas
4929,2,21,0.12258064516129032,0.0,0.07518035225837447,1.0531065066411118e-07,2,outgoing,Robert A. Amar
5317,2,21,0.12258064516129032,0.0,0.04947262682069312,9.079758548269878e-12,2,outandin,Shengdong Zhao
3760,2,21,0.12258064516129032,0.0,0.04947262682069312,9.079758548269878e-12,2,outandin,Mark H. Chignell
6316,3,21,0.12258064516129032,0.0,0.0675214500522387,1.4303730569969804e-08,2,outandin,Yi Han 0005
1659,3,21,0.12258064516129032,0.0,0.0675214500522387,1.4303730569969804e-08,2,outandin,Erich P. Stuntebeck
4280,3,21,0.12258064516129032,2.386343243975915e-06,0.05438538101227241,1.0891814280874306e-10,1,incoming,Nathalie Henry Riche
3737,3,21,0.12258064516129032,0.0,0.0675214500522387,1.4303730569969804e-08,2,outandin,Mario Romero
2600,3,21,0.12258064516129032,0.0,0.0675214500522387,1.4303730569969804e-08,2,outandin,Jay Summet
2692,3,21,0.12258064516129032,0.0,0.0675214500522387,1.423453751056387e-08,2,incoming,Ji Soo Yi
3044,3,21,0.12258064516129032,0.0,0.0675214500522387,1.423453751056387e-08,2,outandin,Julie A. Jacko
6392,4,21,0.12258064516129032,9.54537297590366e-07,0.06753208335145952,1.5605385962955322e-08,2,incoming,Youn ah Kang
3155,4,21,0.12258064516129032,0.0,0.06753208335145952,1.6280901426741975e-08,2,outandin,Kanupriya Singhal
3156,4,21,0.12258064516129032,0.0,0.06753208335145952,1.6280901426741975e-08,2,outandin,Kanupriyah Singhal
4347,5,21,0.12258064516129032,0.007434891010931362,0.06772405705650157,1.31560118171549e-08,1,,Niklas Elmqvist
2028,5,21,0.12258064516129032,1.909074595180732e-06,0.06754272000027846,1.6406330835529413e-08,2,outandin,Gregory D. Abowd
2612,5,21,0.12258064516129032,0.005220841749170507,0.06036440445970833,1.159348368640782e-09,1,,Jean-Daniel Fekete
4303,5,21,0.12258064516129032,2.386343243975915e-07,0.06754272000027846,1.747857452219869e-08,2,outandin,Neel Parekh
779,6,21,0.12258064516129032,2.1477089195783237e-06,0.0675533600002785,1.8626063195617393e-08,2,incoming,Carsten Görg
4036,6,21,0.12258064516129032,0.0029982016517313397,0.05440608085279979,1.0401013470275557e-10,2,,Michael J. McGuffin
6542,7,21,0.12258064516129032,4.534052163554239e-06,0.06756400335304363,1.9449765070844555e-08,1,incoming,Zhicheng Liu
2923,25,21,0.12258064516129032,0.02258929610308916,0.07704432793420193,1.5033754651492478e-07,1,,John T. Stasko
1132,1,22,0.34545454545454546,0.0,0.003634777551613841,3.0738438031806623e-19,2,outgoing,Daniel Acevedo Feliz
4763,2,22,0.34545454545454546,0.0,0.0038367096378146104,4.1777161517759983e-19,2,incoming,Radu Jianu
300,2,22,0.34545454545454546,0.0,0.0038367096378146104,3.9582106310173675e-19,2,outgoing,Andrew S. Forsberg
2705,2,22,0.34545454545454546,0.0,0.0038367096378146104,3.9582106310173675e-19,1,incoming,Jian Chen 0006
2882,2,22,0.34545454545454546,0.0,0.0038367096378146104,4.1777161517759983e-19,3,outandin,John F. Hughes
6609,3,22,0.34545454545454546,4.77268648795183e-07,0.004062398440038999,4.9406639027436e-19,2,,Çagatay Demiralp
5909,4,22,0.34545454545454546,0.0,0.004316298342541436,9.322524387103087e-19,2,outgoing,Vadim A. Slavin
4978,4,22,0.34545454545454546,0.0,0.004316298342541436,9.322524387103087e-19,2,outgoing,Robert Pelcovits
1930,4,22,0.34545454545454546,0.0,0.004316298342541436,9.322524387103087e-19,2,outgoing,George Loriot
282,4,22,0.34545454545454546,0.0,0.004316298342541436,9.322524387103087e-19,2,outgoing,Andrew Callan-Jones
1252,10,22,0.34545454545454546,3.3886074064458e-05,0.006906077348066298,1.3757776576541281e-18,2,,David H. Laidlaw
4132,13,23,1.0,0.0,0.008977900552486187,0.00015707008974288347,2,outandin,Mikhail Smelyanskiy
1300,13,23,1.0,0.0,0.008977900552486187,0.00015707008974288347,2,outandin,David R. Holmes 0001
2597,13,23,1.0,0.0,0.008977900552486187,0.00015707008974288347,2,outandin,Jatin Chhugani
96,13,23,1.0,0.0,0.008977900552486187,0.00015707008974288347,2,outandin,Alan Larson
1481,13,23,1.0,0.0,0.008977900552486187,0.00015707008974288347,2,outandin,Doug Carmean
1370,13,23,1.0,0.0,0.008977900552486187,0.00015707008974288347,2,outandin,Dennis P. Hanson
4676,13,23,1.0,0.0,0.008977900552486187,0.00015707008974288347,2,outandin,Pradeep Dubey
3343,13,23,1.0,0.0,0.008977900552486187,0.00015707008974288347,2,outandin,Kurt Augustine
1107,13,23,1.0,0.0,0.008977900552486187,0.00015707008974288347,2,outandin,Daehyun Kim 0001
95,13,23,1.0,0.0,0.008977900552486187,0.00015707008974288347,2,outandin,Alan Kyker
5941,13,23,1.0,0.0,0.008977900552486187,0.00015707008974288347,2,outandin,Victor W. Lee
372,13,23,1.0,0.0,0.008977900552486187,0.00015707008974288347,2,outandin,Anthony D. Nguyen
3375,13,23,1.0,0.0,0.008977900552486187,0.00015707008974288347,2,outandin,Larry Seiler
4885,13,23,1.0,0.0,0.008977900552486187,0.00015707008974288347,2,outandin,Richard A. Robb
3824,0,24,0.0,0.0,0.0,1.2067359280399378e-44,2,outgoing,Martin Kraus
2212,2,25,0.09011776753712238,0.0,0.08489976822050445,1.6477560101070944e-06,2,incoming,Harinarayan Krishnan
3248,2,25,0.09011776753712238,0.0,0.07389776482539513,1.4561645155450453e-07,2,outandin,Kenneth W. Waters
996,2,25,0.09011776753712238,0.0,0.07389776482539513,1.4561645155450453e-07,2,outgoing,Christopher S. Co
2566,2,25,0.09011776753712238,0.0,0.07389776482539513,1.469286887896681e-07,2,incoming,Janine Bennett
6370,3,25,0.09011776753712238,0.0,0.07378333263622985,1.5951143062211476e-07,2,outandin,Yong Wan
2283,3,25,0.09011776753712238,0.0,0.07378333263622985,1.5951143062211476e-07,2,outandin,Hideo Otsuna
865,3,25,0.09011776753712238,0.0,0.07378333263622985,1.5951143062211476e-07,2,outandin,Chi-Bin Chien
4838,3,25,0.09011776753712238,0.0,0.06588242883419387,3.5954789760274005e-08,2,outandin,Raúl San José Estépar
5495,3,25,0.09011776753712238,0.0,0.06588242883419387,3.5954789760274005e-08,2,outandin,Stephen M. Smith 0001
3996,3,25,0.09011776753712238,0.0,0.06804645021925863,1.0153103061684484e-07,3,outandin,Michael Böttinger
5905,3,25,0.09011776753712238,0.0,0.06804645021925863,1.0153103061684484e-07,2,outandin,Uwe Mikolajewicz
3568,3,25,0.09011776753712238,0.0,0.0739742503504861,1.5718348439845372e-07,2,incoming,Luke J. Gosink
1792,3,25,0.09011776753712238,0.0,0.0854240496577227,3.308785136810035e-06,2,outandin,Florian Gerhardt
2402,3,25,0.09011776753712238,0.0,0.07378333263622985,2.9136531257654333e-07,3,outandin,Ingo Wald
2243,3,25,0.09011776753712238,0.0,0.07378333263622985,2.9136531257654333e-07,2,outandin,Heiko Friedrich
6001,3,25,0.09011776753712238,0.0,0.06508252075910881,1.398180154138829e-08,2,outandin,Warren A. Hunt
3327,3,25,0.09011776753712238,0.0,0.06508252075910881,1.398180154138829e-08,2,outandin,Kristi Potter
4677,3,25,0.09011776753712238,0.0,0.06508252075910881,1.398180154138829e-08,2,outandin,Pradeep Sen
2917,3,25,0.09011776753712238,0.0,0.06520126642569073,1.2021995615978534e-08,2,outgoing,John Shalf
1995,4,25,0.09011776753712238,0.0007493117786084373,0.0749176675894074,2.644802150783131e-07,2,,Gordon L. Kindlmann
755,4,25,0.09011776753712238,0.0007493117786084373,0.0749176675894074,2.644802150783131e-07,2,outandin,Carl-Fredrik Westin
2144,4,25,0.09011776753712238,0.0,0.08527117305264822,2.0174755477475367e-06,2,outandin,Han Krishnan
5835,4,25,0.09011776753712238,0.0,0.08527117305264822,2.0174755477475367e-06,2,outandin,Tom Tricoche
3734,4,25,0.09011776753712238,0.0,0.06940099195367663,1.3220458374007421e-07,2,incoming,Mario Hlawitschka
2871,4,25,0.09011776753712238,3.3408805415662814e-06,0.07398701333363837,1.6595012814176813e-07,2,outandin,John C. Anderson
5205,4,25,0.09011776753712238,0.0,0.06521118146012286,1.285720047305216e-08,2,outandin,Scott Campbell
1570,4,25,0.09011776753712238,0.0,0.06521118146012286,1.285720047305216e-08,2,outandin,Eli Dart
909,4,25,0.09011776753712238,0.0,0.06805724952892683,6.069409515663365e-08,3,incoming,Christian Heine 0002
940,4,25,0.09011776753712238,0.0,0.06805724952892683,6.069409515663365e-08,2,outandin,Christoph Flamm
2433,4,25,0.09011776753712238,0.0,0.06805724952892683,6.069409515663365e-08,2,outandin,Ivo L. Hofacker
4564,4,25,0.09011776753712238,0.0,0.06805724952892683,6.069409515663365e-08,2,incoming,Peter F. Stadler
6399,5,25,0.09011776753712238,0.0,0.08508506533368412,2.090036412489198e-06,2,outandin,Younis Hijazi
5030,5,25,0.09011776753712238,0.0,0.08508506533368412,2.090036412489198e-06,2,incoming,Rolf Westerteiger
3873,5,25,0.09011776753712238,0.0,0.08508506533368412,2.090036412489198e-06,2,outandin,Mathias Schott
3346,5,25,0.09011776753712238,6.363581983935774e-07,0.06522109951053505,1.3588522842228484e-08,2,outandin,Kurt Stockinger
3254,5,25,0.09011776753712238,6.363581983935774e-07,0.06522109951053505,1.3588522842228484e-08,2,outandin,Kesheng Wu
4969,5,25,0.09011776753712238,0.0,0.07384686228375545,1.872755305382732e-07,2,outandin,Robert L. Van Uitert Jr.
34,5,25,0.09011776753712238,0.0,0.07384686228375545,1.872755305382732e-07,2,outandin,Abraham Stephens
2071,5,25,0.09011776753712238,0.0,0.07384686228375545,1.872755305382732e-07,2,outgoing,Guo-Shi Li
5823,5,25,0.09011776753712238,0.0,0.07384686228375545,1.872755305382732e-07,2,outgoing,Tolga Tasdizen
1436,6,25,0.09011776753712238,0.0006441335073113115,0.07723860397726368,4.0413362530129023e-07,2,outandin,Dominic Schneider
2551,6,25,0.09011776753712238,0.0,0.08488296304073001,2.8493201543556327e-06,2,outandin,Jan Mohring
2687,6,25,0.09011776753712238,0.0,0.08488296304073001,2.8493201543556327e-06,2,outandin,Jevgenijs Jegorovs
2034,6,25,0.09011776753712238,0.0,0.08488296304073001,2.8493201543556327e-06,1,outgoing,Gregory M. Nielson
19,7,25,0.09011776753712238,0.0007388118683349434,0.0851188426521969,2.1248605679365702e-06,2,incoming,Aaron Knoll
2242,7,25,0.09011776753712238,0.000646976289475345,0.07622266784247564,7.173696980937193e-07,1,incoming,Heike Leitte
148,7,25,0.09011776753712238,0.0010681537546707953,0.0776441660839703,7.231296252657277e-07,2,incoming,Alexander Wiebel
1830,7,25,0.09011776753712238,9.449919246144626e-06,0.08515264679939792,4.271710868633836e-06,2,outandin,Frank Michel 0001
1533,7,25,0.09011776753712238,9.449919246144626e-06,0.08515264679939792,4.271710868633836e-06,2,outgoing,Eduard Deines
1524,8,25,0.09011776753712238,0.003737649878264677,0.07403810933732181,1.6113849467464897e-07,2,,E. Wes Bethel
4068,8,25,0.09011776753712238,0.0,0.0867196621398924,5.2057424755568395e-06,2,outandin,Michael Schlemmer
3642,8,25,0.09011776753712238,0.0,0.0867196621398924,5.2057424755568395e-06,2,outandin,Manuel Heringer
1801,8,25,0.09011776753712238,0.0,0.0867196621398924,5.2057424755568395e-06,2,outandin,Florian Morr
2404,8,25,0.09011776753712238,0.0,0.0867196621398924,5.2057424755568395e-06,2,,Ingrid Hotz
2829,8,25,0.09011776753712238,0.002247935335825312,0.07388503261229634,1.8984532218814295e-07,2,outgoing,Joe Michael Kniss
3238,11,25,0.09011776753712238,0.008187605136498258,0.08547513041294956,2.1696722952839277e-06,2,,Kenneth I. Joy
6125,11,25,0.09011776753712238,0.0037541275331029684,0.08700116236189247,5.3385167132887e-06,2,outgoing,Wolfgang Kollmann
6144,12,25,0.09011776753712238,0.008114127368868265,0.08677230458959287,3.864229589403072e-06,3,,Xavier Tricoche
1956,13,25,0.09011776753712238,0.004912020907078783,0.07772860780891208,7.508178842132152e-07,1,,Gerik Scheuermann
3819,13,25,0.09011776753712238,0.00019165513272200016,0.08680743507728096,6.220644919349826e-06,2,outgoing,Martin Hering-Bertram
823,15,25,0.09011776753712238,0.008920151045981971,0.08530509832539646,2.2099306576699653e-06,0,,Charles D. Hansen
941,20,25,0.09011776753712238,0.02958179258859279,0.10028735483670907,2.4261331822685906e-05,1,,Christoph Garth
2161,24,25,0.09011776753712238,0.034592771819309386,0.10042827383647962,2.4933397903190845e-05,0,,Hans Hagen
5357,1,26,1.0,0.0,0.0006906077348066298,4.146313076671794e-34,2,outgoing,Shyh-Kuang Ueng
5316,1,26,1.0,0.0,0.0006906077348066298,4.146313076671794e-34,2,outandin,Sheng-Chuan Wang
1540,2,27,1.0,0.0,0.0013812154696132596,6.037486300631341e-28,2,outandin,Edward Clarkson
3322,2,27,1.0,0.0,0.0013812154696132596,6.037486300631341e-28,2,outandin,Krishna Desai
2502,2,27,1.0,0.0,0.0013812154696132596,6.037486300631341e-28,2,outandin,James D. Foley
6281,3,28,0.4175824175824176,0.0,0.004024576109735187,8.753052501547589e-15,2,outandin,Yanhua Chen
3477,3,28,0.4175824175824176,0.0,0.004024576109735187,8.753052501547589e-15,2,outandin,Lijun Wang
968,3,28,0.4175824175824176,0.0,0.004668508287292818,1.3050524747400503e-14,2,outandin,Christopher Carner
3976,3,28,0.4175824175824176,0.0,0.004668508287292818,1.3050524747400503e-14,2,outgoing,Miao Jin
2053,4,28,0.4175824175824176,0.0,0.005305123053741838,1.6349090492367734e-14,2,incoming,Guangyu Zou
6519,5,28,0.4175824175824176,2.386343243975915e-07,0.005557747961062878,2.0941986929782177e-14,2,outandin,Zhaoqiang Lai
6253,5,28,0.4175824175824176,0.0,0.0050744655296661055,2.0886984170325277e-14,2,outandin,Xuexiang Xie
6339,5,28,0.4175824175824176,0.0,0.0050744655296661055,2.0886984170325277e-14,2,outandin,Ying He 0001
1768,5,28,0.4175824175824176,0.0,0.0050744655296661055,2.0886984170325277e-14,2,outandin,Feng Tian 0006
5223,5,28,0.4175824175824176,0.0,0.0050744655296661055,2.0886984170325277e-14,2,outandin,Seah Hock Soon
4152,7,28,0.4175824175824176,9.784007300301253e-06,0.006142774062227392,2.3330034221158537e-14,2,outandin,Ming Dong 0001
2781,7,28,0.4175824175824176,9.784007300301253e-06,0.006142774062227392,2.3330034221158537e-14,1,,Jing Hua 0001
2306,10,28,0.4175824175824176,1.8136208654216955e-05,0.007294544198895027,3.366923609510766e-14,2,outgoing,Hong Qin
6152,11,28,0.4175824175824176,2.4102066764156744e-05,0.007780847145488029,3.589945241599102e-14,2,,Xianfeng Gu
1084,3,29,1.0,0.0,0.0020718232044198894,1.4246623250625995e-23,2,incoming,Cydney B. Nielsen
5305,3,29,1.0,0.0,0.0020718232044198894,1.4246623250625995e-23,2,outandin,Shaun D. Jackman
2396,3,29,1.0,0.0,0.0020718232044198894,1.4246623250625995e-23,2,outandin,Inanç Birol
5531,3,29,1.0,0.0,0.0020718232044198894,1.4246623250625995e-23,2,outandin,Steven J. M. Jones
3896,4,30,1.0,0.0,0.0027624309392265192,3.512063785572354e-20,2,outandin,Matthew Hall
121,4,30,1.0,0.0,0.0027624309392265192,3.512063785572354e-20,2,outandin,Alex Betts
1471,4,30,1.0,0.0,0.0027624309392265192,3.512063785572354e-20,2,outgoing,Donna J. Cox
1298,4,30,1.0,0.0,0.0027624309392265192,3.512063785572354e-20,2,outandin,David Pointer
5975,4,30,1.0,0.0,0.0027624309392265192,3.512063785572354e-20,2,outandin,Volodymyr V. Kindratenko
2723,1,31,1.0,0.0,0.0006906077348066298,4.146313076671794e-34,2,outandin,Jianlong Zhou
3857,1,31,1.0,0.0,0.0006906077348066298,4.146313076671794e-34,2,outandin,Masahiro Takatsuka
4831,2,32,0.5238095238095238,0.0,0.002486187845303867,4.565836553843157e-22,2,outandin,Ray Juang
4666,2,32,0.5238095238095238,0.0,0.002486187845303867,4.565836553843157e-22,2,outandin,Pinaki Sinha
515,3,32,0.5238095238095238,0.0,0.0027624309392265192,6.974126633540853e-22,2,outandin,Behzad Sajadi
3931,3,32,0.5238095238095238,0.0,0.0027624309392265192,6.974126633540853e-22,2,incoming,Maxim Lazarov
3945,3,32,0.5238095238095238,0.0,0.0027624309392265192,6.974126633540853e-22,4,incoming,Meenakshisundaram Gopi
1704,3,32,0.5238095238095238,4.77268648795183e-07,0.0027624309392265192,5.58683535528038e-22,2,outandin,Ezekiel S. Bhasker
58,6,32,0.5238095238095238,9.068104327108478e-06,0.004143646408839779,1.02654357559453e-21,2,,Aditi Majumder
6537,2,33,0.16097560975609757,0.0,0.061808695485985575,4.352113017572212e-08,2,incoming,Zhenyu Guo
1393,2,33,0.16097560975609757,0.0,0.061808695485985575,4.352113017572212e-08,2,outandin,Di Yang
1148,3,33,0.16097560975609757,0.0,0.06949096245045663,3.503097233457516e-07,2,,Daniel F. Keefe
3694,3,33,0.16097560975609757,0.0,0.06949096245045663,3.503097233457516e-07,2,outandin,Marcus Ewert
2958,3,33,0.16097560975609757,0.0,0.0689546115584126,9.895759112621392e-08,2,incoming,Jonathan W. Decker
3744,3,33,0.16097560975609757,0.0,0.0689546115584126,9.895759112621392e-08,4,incoming,Mark A. Livingston
1362,3,33,0.16097560975609757,0.0,0.0689546115584126,9.895759112621392e-08,2,outandin,Denise Royle
1465,3,33,0.16097560975609757,0.0,0.06955859355746438,4.431354871180439e-07,2,outandin,Dongning Luo
4716,3,33,0.16097560975609757,0.0,0.06924410290356338,1.874024980446914e-07,2,outandin,Qingguang Cui
6494,3,33,0.16097560975609757,0.0,0.061817605489659505,4.6661907441879405e-08,2,outandin,Zaixian Xie
5334,3,33,0.16097560975609757,0.0,0.061817605489659505,4.6661907441879405e-08,2,outgoing,Shiping Huang
5667,4,33,0.16097560975609757,1.6227134059036223e-05,0.06968292643512641,3.693561407080019e-07,2,incoming,Tera Marie Green
5698,4,33,0.16097560975609757,0.0,0.06950222516722333,3.8224936346884644e-07,2,incoming,Thomas Butkiewicz
6489,4,33,0.16097560975609757,0.0,0.06950222516722333,3.8224936346884644e-07,4,outandin,Zachary Wartell
5201,4,33,0.16097560975609757,0.0,0.06921057606226082,1.785663899532692e-07,2,incoming,Scott Barlowe
5761,4,33,0.16097560975609757,0.0,0.06921057606226082,1.785663899532692e-07,2,outandin,Tianyi Zhang
6444,4,33,0.16097560975609757,0.0,0.06921057606226082,1.785663899532692e-07,2,outandin,Yujie Liu
1453,4,33,0.16097560975609757,0.0,0.06921057606226082,1.785663899532692e-07,2,outandin,Donald J. Jacobs
1970,4,33,0.16097560975609757,0.0,0.07884330378410884,1.4515108573461973e-06,2,outandin,Ginette Wessel
1654,4,33,0.16097560975609757,0.0,0.07884330378410884,1.4515108573461973e-06,4,outandin,Eric Sauda
5331,4,33,0.16097560975609757,0.0,0.06956987820924206,3.737665116642611e-07,2,outandin,Shin'ichi Satoh 0001
2236,5,33,0.16097560975609757,0.0,0.06951349153538142,4.124864794945781e-07,2,incoming,Heather Lipford
1757,5,33,0.16097560975609757,0.0,0.06951349153538142,4.124864794945781e-07,2,incoming,Felesia Stukes
1457,6,33,0.16097560975609757,9.545372975903659e-07,0.06952476155670687,4.3488726052129924e-07,2,incoming,Dong Hyun Jeong
124,6,33,0.16097560975609757,0.0022479353358253124,0.07891585007025542,1.3793320028395025e-06,2,outandin,Alex Godwin
1156,6,33,0.16097560975609757,0.0,0.06963766308570445,4.325035147992806e-07,2,outandin,Daniel Hubball
6450,6,33,0.16097560975609757,0.0,0.06963766308570445,4.325035147992806e-07,2,outandin,Yuli Gao
1588,7,33,0.16097560975609757,0.0009551418378788348,0.06928885591885085,1.987387446564862e-07,2,,Elke A. Rundensteiner
6052,7,33,0.16097560975609757,1.9090745951807318e-06,0.06953603523297681,4.5887444474076473e-07,1,incoming,Wenwen Dou
2150,7,33,0.16097560975609757,1.4795328112650676e-06,0.06964897340941496,4.552449046587577e-07,2,outandin,Hangzai Luo
2726,7,33,0.16097560975609757,1.4795328112650676e-06,0.06964897340941496,4.552449046587577e-07,2,outandin,Jianping Fan 0001
772,8,33,0.16097560975609757,0.0,0.07898852998374802,2.014212419103103e-06,2,incoming,Caroline Ziemkiewicz
1697,8,33,0.16097560975609757,0.0,0.07898852998374802,2.014212419103103e-06,2,incoming,Evan A. Suma
1131,8,33,0.16097560975609757,0.0,0.07898852998374802,2.014212419103103e-06,2,outandin,Daniel A. Kern
71,8,33,0.16097560975609757,0.0,0.07898852998374802,2.014212419103103e-06,2,outandin,Agus Sudjianto
4198,9,33,0.16097560975609757,0.00023449799610803117,0.07900308203422401,2.0409520200246843e-06,2,outgoing,Mohammad Ghoniem
3904,12,33,0.16097560975609757,0.0020688323208874486,0.06970558018234199,4.674220853901056e-07,1,,Matthew O. Ward
4965,13,33,0.16097560975609757,0.03979720536933593,0.09139572235331798,1.66712917264431e-05,3,,Robert Kosara
4855,20,33,0.16097560975609757,0.003253699468386362,0.07920737519057405,2.4824068311629315e-06,1,incoming,Remco Chang
2788,21,33,0.16097560975609757,0.008681214451440144,0.0792366462087524,2.2678032687469117e-06,1,,Jing Yang 0001
6093,28,33,0.16097560975609757,0.01919117918446861,0.07961914765721648,2.6816173441265845e-06,1,,William Ribarsky
1171,1,34,1.0,0.0,0.0006906077348066298,4.146313076671794e-34,2,outandin,Daniel R. Bekins
1151,1,34,1.0,0.0,0.0006906077348066298,4.146313076671794e-34,2,,Daniel G. Aliaga
2011,2,35,0.4338235294117647,0.0,0.05065305094280274,2.784967490370031e-10,2,outandin,Greg A. Dasch
3729,2,35,0.4338235294117647,0.0,0.05065305094280274,2.784967490370031e-10,2,outandin,Marina E. Eremeeva
4300,7,35,0.4338235294117647,0.0,0.05582253700621816,3.2603555464161357e-09,2,outandin,Nazanin Kadivar
5942,7,35,0.4338235294117647,0.0,0.05582253700621816,3.2603555464161357e-09,2,incoming,Victor Y. Chen
1505,7,35,0.4338235294117647,0.0,0.05582253700621816,3.2603555464161357e-09,2,outandin,Dustin T. Dunsmuir
1647,7,35,0.4338235294117647,0.0,0.05582253700621816,3.2603555464161357e-09,2,outandin,Eric Lee
860,7,35,0.4338235294117647,0.0,0.05582253700621816,3.2603555464161357e-09,2,incoming,Cheryl Z. Qian
4951,7,35,0.4338235294117647,0.0,0.05582253700621816,3.2603555464161357e-09,2,outandin,Robert F. Woodbury
1153,7,35,0.4338235294117647,0.0,0.06204119347247801,2.3222367990039395e-08,2,outandin,Daniel Ha
4175,7,35,0.4338235294117647,0.0,0.06204119347247801,2.3222367990039395e-08,2,outandin,Minjung Kim
307,7,35,0.4338235294117647,0.0,0.06204119347247801,2.3222367990039395e-08,2,outandin,Andrew Wade
6075,7,35,0.4338235294117647,0.0,0.06204119347247801,2.3222367990039395e-08,2,outandin,William Chao
3266,7,35,0.4338235294117647,0.0,0.06204119347247801,2.3222367990039395e-08,2,outandin,Kevin I.-J. Ho
3485,7,35,0.4338235294117647,0.0,0.06204119347247801,2.3222367990039395e-08,2,outandin,Linda T. Kaastra
896,9,35,0.4338235294117647,0.0015005326318120555,0.0558370741252302,3.3024499929068e-09,2,,Chris Shaw 0002
677,9,35,0.4338235294117647,0.011790444699836202,0.06984181258660717,2.0578658979123572e-07,2,incoming,Brian D. Fisher
2879,14,35,0.4338235294117647,0.006692260993406056,0.062122081599560765,2.4857263733280045e-08,2,incoming,John Dill
5,1,36,0.07026307026307026,0.0,0.06033892349539439,2.5208791465305607e-09,2,incoming,A. Johannes Pretorius
410,1,36,0.07026307026307026,0.0,0.06033892349539439,2.5208791465305607e-09,2,outandin,Arjeh M. Cohen
2979,1,36,0.07026307026307026,0.0,0.08063721874422113,1.1755699208646843e-07,2,outandin,Jose De Corral
1918,1,36,0.07026307026307026,0.0,0.07653555760873959,2.895588709626694e-07,2,outandin,Georg Zotti
2748,2,36,0.07026307026307026,0.0,0.054419889502762435,1.7433159178342783e-10,4,outandin,Jie Lu
6525,2,36,0.07026307026307026,0.0,0.04539311202305154,1.6860015574220846e-12,3,incoming,Zhen Wen
945,2,36,0.07026307026307026,0.0,0.07654921979324668,3.0877035892051756e-07,2,incoming,Christoph Heinzl
2840,2,36,0.07026307026307026,0.0,0.07654921979324668,3.0877035892051756e-07,2,incoming,Johann Kastner
3627,2,36,0.07026307026307026,0.0,0.07545816105609149,1.3459778501212733e-07,2,outandin,Maik Keller
5010,2,36,0.07026307026307026,0.0,0.06034741475960709,2.6934332936983115e-09,2,outandin,Roel Vliegen
1668,2,36,0.07026307026307026,0.0,0.06034741475960709,2.6934332936983115e-09,2,outandin,Erik-Jan van der Linden
504,2,36,0.07026307026307026,0.0,0.06774545486283853,3.912127229549729e-08,2,outandin,Bart Moberts
4791,3,36,0.07026307026307026,0.0,0.06764927106511562,4.1895921321407404e-08,2,outandin,Ralph Brecheisen
658,3,36,0.07026307026307026,0.0,0.06764927106511562,4.189592132140741e-08,2,outandin,Bram Platel
503,3,36,0.07026307026307026,0.0,0.06764927106511562,4.189592132140741e-08,2,incoming,Bart M. ter Haar Romeny
6307,3,36,0.07026307026307026,0.0037370135200662834,0.060423943818763974,2.5437846976024215e-09,2,outandin,Yedendra Babu Shrinivasan
4110,3,36,0.07026307026307026,0.0003751331579530139,0.04951261162472785,1.2469769740511422e-11,2,,Michelle X. Zhou
5448,3,36,0.07026307026307026,0.0,0.08612748127772,1.4316567289220084e-06,2,outgoing,Stefan Wolfsberger
4593,3,36,0.07026307026307026,8.23288419171691e-05,0.08143348448191567,2.1714893137553602e-06,1,incoming,Peter Rautek
4439,3,36,0.07026307026307026,0.0,0.07660391734222365,2.2664118769200698e-07,2,outandin,P. Thomas Fletcher
4802,3,36,0.07026307026307026,0.0,0.07660391734222365,2.2664118769200698e-07,2,outandin,Ran Tao 0011
4283,3,36,0.07026307026307026,0.0,0.09062314650924935,2.906978800240493e-05,2,outandin,Nathalie Reuter
415,3,36,0.07026307026307026,0.0,0.07659023562810643,3.644337937552338e-07,2,outgoing,Armin Kanitsar
4181,3,36,0.07026307026307026,0.0,0.08143348448191567,2.2661088328503775e-06,2,incoming,Miquel Feixas
3867,3,36,0.07026307026307026,0.0,0.08143348448191567,2.2661088328503775e-06,2,incoming,Mateu Sbert
5950,3,36,0.07026307026307026,0.0003751331579530139,0.04951261162472785,1.2469769740511422e-11,2,outandin,Vikram Aggarwal
1248,4,36,0.07026307026307026,0.002247935335825312,0.05444061562546248,1.7590703855997938e-10,1,,David Gotz
1954,4,36,0.07026307026307026,0.0,0.0874446837850261,1.7428505959936655e-06,2,outandin,Gerhard Pittino
1169,4,36,0.07026307026307026,0.0,0.0765765588003157,3.560784530118003e-07,3,outandin,Daniel Patel
974,4,36,0.07026307026307026,0.0,0.0765765588003157,3.560784530118003e-07,2,outandin,Christopher Giertsen
2925,4,36,0.07026307026307026,0.0,0.0765765588003157,3.560784530118003e-07,2,outandin,John Thurmond
2886,4,36,0.07026307026307026,0.0,0.0765765588003157,3.560784530118003e-07,2,outandin,John Gjelberg
1903,4,36,0.07026307026307026,0.0,0.0806827336372094,1.766421918649904e-07,2,outandin,Gaël Guennebaud
4215,4,36,0.07026307026307026,0.0,0.0806827336372094,1.766421918649904e-07,2,outandin,Moritz Bächer
505,4,36,0.07026307026307026,0.0,0.07423034953812843,3.7816655208137063e-07,2,outandin,Bart Peters
205,5,36,0.07026307026307026,0.0,0.08782075144005078,1.645080179373221e-06,2,outandin,Amelio Vázquez Reina
1541,5,36,0.07026307026307026,0.0,0.08449827177965871,1.765210639903014e-06,2,outandin,Edward Grundy
3777,5,36,0.07026307026307026,0.0,0.08449827177965871,1.765210639903014e-06,2,incoming,Mark W. Jones
4428,5,36,0.07026307026307026,0.0033802919472021562,0.09381507969410806,0.00020879130505406976,2,outandin,Ove Daae Lampe
5712,5,36,0.07026307026307026,0.0,0.08611018660276465,1.6615720202997684e-06,1,incoming,Thomas Höllt
5730,5,36,0.07026307026307026,0.0,0.08611018660276465,1.6615720202997684e-06,2,outandin,Thomas Pabel
4580,5,36,0.07026307026307026,0.00010024232520194829,0.07664499182873422,4.7141065085674104e-07,2,outandin,Peter Kohlmann
3489,5,36,0.07026307026307026,0.0,0.07601998391805849,3.335288584037557e-07,2,outandin,Lingxiao Zhao
5009,5,36,0.07026307026307026,0.0,0.07601998391805849,3.335288584037557e-07,2,outgoing,Roel Truyen
5935,6,36,0.07026307026307026,0.0,0.07663129543991565,5.555562629323951e-07,2,incoming,Veronika Soltészová
2805,6,36,0.07026307026307026,0.0,0.07663129543991565,5.555562629323951e-07,2,outgoing,Jirí Hladuvka
2482,6,36,0.07026307026307026,0.0,0.07663129543991565,5.555562629323952e-07,2,outandin,Jai Y. Yu
499,6,36,0.07026307026307026,0.0,0.07663129543991565,5.555562629323952e-07,2,outandin,Barry J. Dickson
912,6,36,0.07026307026307026,5.3366676824621946e-05,0.08215109756355708,2.971999487878889e-07,2,outandin,Christian Ledergerber
3924,6,36,0.07026307026307026,0.0,0.07694755594505077,4.678079994541604e-07,2,outandin,Maurice Termeer
3673,6,36,0.07026307026307026,0.0,0.07694755594505077,4.678079994541604e-07,2,incoming,Marcel Breeuwer
1557,6,36,0.07026307026307026,0.0,0.07694755594505077,4.678079994541604e-07,2,outandin,Eike Nagel
3865,6,36,0.07026307026307026,0.0,0.07680973119859716,4.454652094979412e-07,3,outgoing,Matej Mlejnek
4658,6,36,0.07026307026307026,0.0,0.07680973119859716,4.454652094979412e-07,2,outandin,Pierre Ermes
4928,6,36,0.07026307026307026,0.0,0.07680973119859716,4.454652094979412e-07,2,outandin,Rob van der Rijt
2217,6,36,0.07026307026307026,0.0,0.07680973119859716,4.454652094979412e-07,2,outandin,Harrie van den Bosch
4185,7,36,0.07026307026307026,0.006913956136835206,0.08733782673763095,4.0660340540420335e-07,1,incoming,Miriah D. Meyer
6133,7,36,0.07026307026307026,0.000630491857339556,0.08785673617737512,1.6717973463886638e-06,2,incoming,Won-Ki Jeong
2841,7,36,0.07026307026307026,0.00022395211284594247,0.08794682717017391,1.8384032085234205e-06,1,incoming,Johanna Beyer
2974,7,36,0.07026307026307026,0.0004206856612481493,0.08453158471944963,1.8146842473614632e-06,4,outandin,Jorik Blaas
3393,7,36,0.07026307026307026,6.454263027206862e-05,0.08751606720036081,2.0359463895345814e-06,2,outandin,Laura Fritz
1917,7,36,0.07026307026307026,6.454263027206862e-05,0.08751606720036081,2.0359463895345814e-06,2,outandin,Georg Geier
936,7,36,0.07026307026307026,0.0009481334730036141,0.0861794070100016,1.697078952980984e-06,4,outandin,Christof Rezk-Salama
2572,7,36,0.07026307026307026,0.007453981756883169,0.06785264703825442,3.9900971603788353e-08,0,,Jarke J. van Wijk
2430,7,36,0.07026307026307026,0.010948134356071771,0.09224106889261517,2.9732835140582157e-05,1,,Ivan Viola
1838,7,36,0.07026307026307026,5.518527221841767e-05,0.07604694613969994,4.6203095865788085e-07,2,,Frans Vos
5434,9,36,0.07026307026307026,1.3395340076184804e-05,0.07669982637842389,7.310238793815177e-07,1,incoming,Stefan Bruckner
3192,9,36,0.07026307026307026,0.0014866975622429403,0.08753393126796652,1.8774717567756893e-06,2,,Katja Bühler
5062,10,36,0.07026307026307026,0.0043698847917782455,0.08909801148592728,1.7347979824295965e-06,3,,Ross T. Whitaker
819,10,36,0.07026307026307026,0.001683050895342853,0.08588598623708552,1.898548653937973e-06,2,incoming,Charl P. Botha
4982,10,36,0.07026307026307026,0.0068256829707936265,0.09840035091366864,2.108234341465055e-05,2,,Robert S. Laramee
1862,10,36,0.07026307026307026,0.001683050895342853,0.08588598623708552,1.898548653937973e-06,1,,Frits H. Post
1836,10,36,0.07026307026307026,1.7393790756091118e-05,0.07700282443558411,5.725363878459346e-07,2,outandin,Frans A. Gerritsen
2598,11,36,0.07026307026307026,0.0016365125074514297,0.07841081171727335,7.56799088446518e-07,2,incoming,Javier Oliván Bescós
2182,12,36,0.07026307026307026,0.023738638470006672,0.09464328609176074,1.8463497413192737e-06,0,,Hanspeter Pfister
354,15,36,0.07026307026307026,0.011119617099029635,0.07721079029199998,5.846936155236066e-07,2,,Anna Vilanova
3787,17,36,0.07026307026307026,0.05298976141663966,0.10212639420856584,1.940698126569121e-05,1,,Markus Hadwiger
3590,35,36,0.07026307026307026,0.03959079520424761,0.08904251023292524,4.667824276741614e-06,1,,M. Eduard Gröller
3866,1,37,0.1657754010695187,0.0,0.08920922181854961,1.4344287021258403e-05,2,outandin,Matej Novotny
1708,2,37,0.1657754010695187,0.0,0.0902987427420021,1.5377109901378754e-05,2,outandin,Fabian Bendix
2209,3,37,0.1657754010695187,0.0,0.0883818485741484,1.732838049131026e-06,2,incoming,Harald Piringer
929,3,37,0.1657754010695187,0.0,0.0883818485741484,1.732838049131026e-06,1,incoming,Christian Tominski
6119,3,37,0.1657754010695187,0.0,0.0883818485741484,1.732838049131026e-06,2,incoming,Wolfgang Berger
642,3,37,0.1657754010695187,0.0,0.08933931860036831,1.685017509612709e-05,2,outandin,Borislav Klarin
419,3,37,0.1657754010695187,0.0,0.08101808601582618,1.3841983710839813e-06,2,outandin,Arno Krüger
947,3,37,0.1657754010695187,0.0,0.08101808601582618,1.3841983710839813e-06,2,outandin,Christoph Kubisch
1957,3,37,0.1657754010695187,0.0,0.08101808601582618,1.3841983710839813e-06,2,outandin,Gero Strauß
5450,4,37,0.1657754010695187,0.0,0.09634435616305728,3.8362025407669495e-06,2,incoming,Stefan Zachow
5710,4,37,0.1657754010695187,0.0,0.09634435616305728,3.8362025407669495e-06,2,outandin,Thomas Hildebrandt
5461,4,37,0.1657754010695187,0.0,0.09495764598799113,1.8906128865141348e-05,2,incoming,Steffen Oeltze-Jafra
3009,4,37,0.1657754010695187,0.0,0.07689236673512066,3.94197993583803e-06,2,outandin,Josip Juric
2850,5,37,0.1657754010695187,0.0,0.09481068522701037,2.0189546155614724e-05,2,incoming,Johannes Kehrer
1796,5,37,0.1657754010695187,0.0,0.09481068522701037,2.0189546155614724e-05,2,outandin,Florian Ladstädter
241,5,37,0.1657754010695187,0.0,0.09481068522701037,2.0189546155614724e-05,2,outandin,Andrea K. Steiner
3735,5,37,0.1657754010695187,0.0004337576569800262,0.08937655883321549,1.7451726537502103e-05,2,incoming,Mario Jelovic
1762,5,37,0.1657754010695187,0.0,0.08104871088296503,1.61206612474515e-06,2,outandin,Felix Ritter
908,5,37,0.1657754010695187,0.0,0.08104871088296503,1.61206612474515e-06,2,outandin,Christian Hansen 0001
5972,5,37,0.1657754010695187,0.0,0.08104871088296503,1.61206612474515e-06,2,outandin,Volker Dicken
4399,5,37,0.1657754010695187,0.0,0.08104871088296503,1.61206612474515e-06,2,outandin,Olaf Konrad-Verse
2246,5,37,0.1657754010695187,0.0,0.08104871088296503,1.61206612474515e-06,2,outgoing,Heinz-Otto Peitgen
3115,5,37,0.1657754010695187,0.0,0.0977276046676773,2.054701080883332e-05,2,outgoing,Jürgen Schneider
4812,6,37,0.1657754010695187,0.0,0.07691995144067587,4.540688410517459e-06,2,outandin,Ranko Miklin
5837,6,37,0.1657754010695187,0.0,0.07691995144067587,4.540688410517459e-06,2,outandin,Tomislav Lipic
3731,6,37,0.1657754010695187,0.0,0.07691995144067587,4.540688410517459e-06,2,outandin,Mario Beric
6120,7,37,0.1657754010695187,0.000929480693528619,0.08941383012547288,1.805043501218153e-05,2,incoming,Wolfgang Freiler
6592,8,37,0.1657754010695187,2.465888018775112e-06,0.07694755594505077,5.785747741606292e-06,2,outgoing,Zoltan Konyha
3319,10,37,0.1657754010695187,0.001182830801264062,0.08946979538530522,2.0275947103507425e-05,1,,Kresimir Matkovic
1355,10,37,0.1657754010695187,0.001182830801264062,0.08946979538530522,2.0275947103507425e-05,1,incoming,Denis Gracanin
576,12,37,0.1657754010695187,0.00597063079642774,0.09512616000039217,1.9617999192922174e-05,2,,Bernhard Preim
4631,14,37,0.1657754010695187,0.030880682121793804,0.10544104481971181,2.4548822233036648e-05,2,incoming,Philipp Muigg
2255,15,37,0.1657754010695187,0.062011137377667384,0.10823541879903281,2.955917019857218e-05,2,,Helmut Doleisch
2257,25,37,0.1657754010695187,0.10387087472265016,0.10667381325417113,0.00023226632705370976,1,,Helwig Hauser
4685,2,38,1.0,0.0,0.0013812154696132596,6.037486300631341e-28,2,outgoing,Praveen Bhaniramka
4637,2,38,1.0,0.0,0.0013812154696132596,6.037486300631341e-28,2,outandin,Philippe C. D. Robert
5435,2,38,1.0,0.0,0.0013812154696132596,6.037486300631341e-28,2,outandin,Stefan Eilemann
4397,2,39,1.0,0.0,0.0013812154696132596,6.037486300631341e-28,2,outandin,Ola Nilsson
1235,2,39,1.0,0.0,0.0013812154696132596,6.037486300631341e-28,3,outgoing,David E. Breen
3229,2,39,1.0,0.0,0.0013812154696132596,6.037486300631341e-28,2,outgoing,Ken Museth
679,2,40,0.2086021505376344,0.0,0.06319315197196698,1.3574757245592631e-08,2,outandin,Brian Denby
4597,3,40,0.2086021505376344,0.0,0.06720400082773358,2.4659779058016856e-08,2,outgoing,Peter Shirley
1601,4,40,0.2086021505376344,0.0,0.06721453437018307,2.094700457231955e-08,2,outandin,Emanuele Santos
3410,4,40,0.2086021505376344,0.0,0.06721453437018307,2.094700457231955e-08,2,incoming,Lauro Didier Lins
2518,4,40,0.2086021505376344,0.0,0.06721453437018307,2.094700457231955e-08,2,,James P. Ahrens
5754,4,40,0.2086021505376344,0.0,0.0745270645258547,4.356224684899772e-08,2,outandin,Tiago Etiene
3562,4,40,0.2086021505376344,0.0,0.0745270645258547,4.3562246848997715e-08,1,incoming,Luis Gustavo Nonato
2899,4,40,0.2086021505376344,0.0,0.06756400335304363,3.4021288805808426e-08,2,outandin,John M. Schreiner
760,4,40,0.2086021505376344,0.0,0.06721453437018307,2.5540874178877357e-08,2,incoming,Carlos A. Dietrich
3554,4,40,0.2086021505376344,0.0,0.06721453437018307,2.5540874178877357e-08,4,outandin,Luciana Porcher Nedel
1269,5,40,0.2086021505376344,0.0,0.06722507121520112,3.859733580174371e-08,2,incoming,David Koop
680,5,40,0.2086021505376344,0.0001395025957656971,0.06757465006015884,3.4952319197729704e-08,2,outandin,Brian Duffy
1146,5,40,0.2086021505376344,0.0,0.06728836172630911,2.9210892195413023e-08,2,outgoing,Daniel E. Laney
5535,5,40,0.2086021505376344,0.0,0.06728836172630911,2.9210892195413023e-08,2,outandin,Steven Langer
4805,5,40,0.2086021505376344,0.0,0.06728836172630911,2.9210892195413023e-08,2,outandin,Randall Frank
3019,6,40,0.2086021505376344,1.909074595180732e-06,0.06723561136434117,3.575918282138026e-08,4,outandin,João Luiz Dihl Comba
2152,6,40,0.2086021505376344,0.0,0.05998443548493047,4.788523281035848e-09,2,incoming,Hank Childs
1634,6,40,0.2086021505376344,0.0,0.05998443548493047,4.788523281035848e-09,2,outandin,Eric Brugger
3190,6,40,0.2086021505376344,0.0,0.05998443548493047,4.788523281035848e-09,2,outgoing,Kathleen S. Bonnell
2672,6,40,0.2086021505376344,0.0,0.05998443548493047,4.788523281035848e-09,2,outandin,Jeremy S. Meredith
3751,6,40,0.2086021505376344,0.0,0.05998443548493047,4.788523281035848e-09,2,outgoing,Mark C. Miller
654,6,40,0.2086021505376344,0.0,0.05998443548493047,4.788523281035848e-09,2,outandin,Brad Whitlock
2358,7,40,0.2086021505376344,6.245401175662672e-06,0.06757465006015884,5.163081158272702e-08,2,incoming,Huy T. Vo
3532,7,40,0.2086021505376344,0.0010040247928964179,0.0716266459465121,9.732747241117778e-08,2,outandin,Louis Bavoil
4971,8,40,0.2086021505376344,0.018912499927552538,0.08377197290130259,3.0041442003717587e-07,2,,Robert M. Kirby
2139,9,40,0.2086021505376344,0.002865708114707568,0.07147145488029466,1.570592022442566e-07,2,,Hamish A. Carr
3042,10,40,0.2086021505376344,5.8744952543132857e-05,0.06760661032346965,5.648518855350572e-08,1,incoming,Juliana Freire
4313,11,40,0.2086021505376344,0.004478689000293998,0.06735177152218752,3.156062171934367e-08,1,outgoing,Nelson L. Max
5537,14,40,0.2086021505376344,0.002713409019930039,0.07178251243417608,1.1407831625412179e-07,2,outandin,Steven P. Callahan
764,16,40,0.2086021505376344,0.005373619397736336,0.07551130996333297,9.806097993584317e-08,1,incoming,Carlos Scheidegger
1041,25,40,0.2086021505376344,0.01698623614924692,0.07663129543991565,1.6262651380176091e-07,0,,Cláudio T. Silva
5310,2,41,0.6,0.0,0.002158149171270718,7.538385516032955e-23,2,outandin,Shawn Bohn
2110,2,41,0.6,0.0,0.002158149171270718,7.538385516032955e-23,2,incoming,Haesun Park
1607,3,41,0.6,0.0,0.0024664561957379637,1.3512685796710718e-22,2,outandin,Emily Fujimoto
2179,3,41,0.6,0.0,0.0024664561957379637,1.3512685796710718e-22,2,incoming,Hanseung Lee
4543,3,41,0.6,0.0,0.0024664561957379637,1.3512685796710718e-22,2,outandin,Pedro R. Walteros
2475,5,41,0.6,5.727223785542197e-06,0.003453038674033149,1.7050337280506728e-22,1,incoming,Jaegul Choo
3344,1,42,0.23790322580645162,0.0,0.06908792158559174,1.2734805180118306e-08,2,outandin,Kurt Dejgaard
1050,2,42,0.23790322580645162,0.0,0.06921057606226082,1.4783404248309575e-08,2,incoming,Colin Swindells
4839,2,42,0.23790322580645162,0.0,0.06921057606226082,1.4783404248309575e-08,2,outandin,Rebecca Dreezer
1216,2,42,0.23790322580645162,0.0,0.0792366462087524,1.1814588484551807e-06,3,outgoing,David Auber
14,3,42,0.23790322580645162,0.0,0.07909050706045148,1.4278032817235848e-07,2,outandin,Aaron Barsky
2650,3,42,0.23790322580645162,0.0,0.07909050706045148,1.4278032817235848e-07,2,outandin,Jennifer L. Gardy
1163,3,42,0.23790322580645162,0.0,0.07907592278845067,1.4269205060150304e-07,2,outandin,Daniel M. Russell
1396,3,42,0.23790322580645162,0.0,0.07907592278845067,1.4269205060150304e-07,2,outgoing,Diane Tang
2237,4,42,0.23790322580645162,1.909074595180732e-06,0.07910509671310974,1.5445906201557033e-07,4,outandin,Heidi Lam
1329,4,42,0.23790322580645162,0.0,0.07917812579057754,1.5777412789955185e-07,2,outandin,David W. Sprague
1872,4,42,0.23790322580645162,0.0,0.07917812579057754,1.5777412789955185e-07,2,outandin,Fuqu Wu
6107,4,42,0.23790322580645162,0.0,0.07917812579057754,1.5777412789955185e-07,2,outandin,Wing Yan So
3601,4,42,0.23790322580645162,0.0,0.06923292368126703,1.801962282695978e-08,2,outgoing,M. Stella Atkins
428,4,42,0.23790322580645162,0.0,0.06923292368126703,1.801962282695978e-08,2,outandin,Arthur E. Kirkpatrick
3739,4,42,0.23790322580645162,0.0,0.06923292368126703,1.801962282695978e-08,2,outandin,Marios Nicolaou
2048,4,42,0.23790322580645162,0.0,0.06923292368126703,1.801962282695978e-08,3,outandin,Guang-Zhong Yang
4964,5,42,0.23790322580645162,0.0007521753905012086,0.07911969174940368,1.5544034539175973e-07,3,incoming,Robert Kincaid
3959,10,42,0.23790322580645162,0.004486325298674721,0.07926593886908835,1.655070762930911e-07,1,,Melanie Tory
4456,12,42,0.23790322580645162,0.0,0.0694347035754158,1.25759947514249e-05,2,incoming,Paolo Simonetto
4663,12,42,0.23790322580645162,0.0,0.0694347035754158,1.25759947514249e-05,2,outandin,Pierre-Yves Koenig
1741,12,42,0.23790322580645162,0.0,0.0694347035754158,1.25759947514249e-05,2,outandin,Faraz Zaidi
1866,12,42,0.23790322580645162,0.0,0.0694347035754158,1.25759947514249e-05,2,outandin,Frédéric Gilbert 0001
5864,12,42,0.23790322580645162,0.0,0.0694347035754158,1.25759947514249e-05,2,outandin,Trung-Tien Phan-Quang
4214,12,42,0.23790322580645162,0.0,0.0694347035754158,1.25759947514249e-05,2,outandin,Morgan Mathiaut
381,12,42,0.23790322580645162,0.0,0.0694347035754158,1.25759947514249e-05,2,outandin,Antoine Lambert
2944,12,42,0.23790322580645162,0.0,0.0694347035754158,1.25759947514249e-05,2,incoming,Jonathan Dubois
5045,12,42,0.23790322580645162,0.0,0.0694347035754158,1.25759947514249e-05,2,outandin,Ronan Sicre
3874,12,42,0.23790322580645162,0.0,0.0694347035754158,1.25759947514249e-05,2,outandin,Mathieu Brulin
5112,12,42,0.23790322580645162,0.0,0.0694347035754158,1.25759947514249e-05,2,outandin,Rémy Vieux
2089,12,42,0.23790322580645162,0.0,0.0694347035754158,1.25759947514249e-05,2,,Guy Melançon
1135,14,42,0.23790322580645162,0.00888865131516149,0.07941272764477185,1.2776017336263248e-05,3,outandin,Daniel Archambault
5644,16,42,0.23790322580645162,0.03646005492279427,0.09245983813750927,1.454718783062422e-06,1,,Tamara Munzner
3884,0,43,0.0,0.0,0.0,1.2067359280399378e-44,2,outandin,Matt McKeon
4842,1,44,0.2056451612903226,0.0,0.055289934151852495,2.9792232567777097e-09,2,outgoing,Rebecca M. Brannon
3116,2,44,0.2056451612903226,0.0,0.07701665396583476,3.0914212808558163e-07,2,incoming,Jürgen Waser
1162,2,44,0.2056451612903226,0.0,0.060783661131363284,9.60399446156895e-09,2,outandin,Daniel M. Dunlavy
4187,2,44,0.2056451612903226,0.0,0.06138401507039335,1.6848877026408792e-09,2,outgoing,Mirjam Sick
546,3,44,0.2056451612903226,0.0,0.06908792158559174,2.3372825516839805e-08,2,incoming,Benjamin Schindler
4429,3,44,0.2056451612903226,0.0,0.06139280304678139,1.8310005171066835e-09,2,outandin,Ovidio Mallo
1781,4,44,0.2056451612903226,9.54537297590366e-07,0.061401593539772044,1.934979812732725e-09,1,,Filip Sadlo
3228,4,44,0.2056451612903226,0.0,0.06308160183609414,9.762287961934732e-09,4,outandin,Ken Martin
4413,4,44,0.2056451612903226,0.0,0.061401593539772044,1.963223156614015e-09,2,outandin,Oliver Staubli
3786,4,44,0.2056451612903226,0.0,0.061401593539772044,1.963223156614015e-09,3,outgoing,Markus H. Gross
1152,4,44,0.2056451612903226,0.0,0.061401593539772044,1.963223156614015e-09,2,outandin,Daniel Gubler
4816,5,44,0.2056451612903226,0.013296837481196084,0.07794051786291674,3.140865718227726e-07,2,incoming,Raphael Fuchs
926,6,44,0.2056451612903226,2.8636118927710985e-06,0.06141918207988656,2.1965573317044334e-09,2,outgoing,Christian Sigg
6086,6,44,0.2056451612903226,0.0,0.05661852776363453,1.892815389181081e-09,1,outgoing,William J. Schroeder
1842,6,44,0.2056451612903226,0.0,0.05661852776363453,1.892815389181081e-09,2,outandin,François Bertel
3878,6,44,0.2056451612903226,0.0,0.05661852776363453,1.892815389181081e-09,2,outgoing,Mathieu Malaterre
4639,6,44,0.2056451612903226,0.0,0.05661852776363453,1.892815389181081e-09,2,outandin,Philippe P. Pébay
4972,6,44,0.2056451612903226,0.0,0.05661852776363453,1.892815389181081e-09,2,outandin,Robert M. O'Bara
5197,6,44,0.2056451612903226,0.0,0.05661852776363453,1.892815389181081e-09,2,outandin,Saurabh Tendulkar
2868,7,44,0.2056451612903226,0.007445892025639066,0.07012734738867832,3.105899171924563e-08,2,outandin,John Biddiscombe
691,9,44,0.2056451612903226,0.0,0.06152492529150186,3.094027028845856e-08,2,outgoing,Brian N. Wylie
2860,9,44,0.2056451612903226,0.0,0.06152492529150186,3.094027028845856e-08,2,outandin,John A. Greenfield
1657,9,44,0.2056451612903226,0.0,0.06152492529150186,3.094027028845856e-08,2,outgoing,Eric T. Stanton
3499,9,44,0.2056451612903226,0.0,0.06152492529150186,3.094027028845856e-08,2,outandin,Lisa G. Ice
2634,9,44,0.2056451612903226,0.0,0.06152492529150186,3.094027028845856e-08,2,outandin,Jeffrey Baumes
5787,10,44,0.2056451612903226,3.823149147634557e-05,0.061533753663620024,3.175626272268367e-08,2,outandin,Timothy M. Shead
5043,10,44,0.2056451612903226,0.005225137167009664,0.06916592407770451,2.4212415796971684e-08,2,,Ronald Peikert
1229,10,44,0.2056451612903226,0.004478689000293998,0.06313732763276914,1.0753467348721468e-08,2,outandin,David C. Thompson 0001
302,10,44,0.2056451612903226,0.0007512208532036181,0.061533753663620024,3.1203064680950385e-08,4,outandin,Andrew T. Wilson
557,12,44,0.2056451612903226,0.0016758024555216205,0.0648561296554398,3.473193906392923e-08,2,outgoing,Berk Geveci
3242,12,44,0.2056451612903226,0.0016758024555216205,0.0648561296554398,3.473193906392923e-08,2,outandin,Kenneth Moreland
4470,16,44,0.2056451612903226,0.007954332632409218,0.06840464655954186,7.439106669971598e-08,2,outgoing,Patricia Crossno
2949,3,45,1.0,0.0,0.0020718232044198894,1.4246623250625995e-23,2,outandin,Jonathan Konieczny
1036,3,45,1.0,0.0,0.0020718232044198894,1.4246623250625995e-23,2,outandin,Clement Shimizu
1900,3,45,1.0,0.0,0.0020718232044198894,1.4246623250625995e-23,3,outandin,Gary W. Meyer
1088,3,45,1.0,0.0,0.0020718232044198894,1.4246623250625995e-23,2,outandin,D'nardo Colucci
2027,2,46,1.0,0.0,0.0013812154696132596,6.037486300631341e-28,2,outandin,Gregory Cipriano
1932,2,46,1.0,0.0,0.0013812154696132596,6.037486300631341e-28,2,outandin,George N. Phillips Jr.
4017,2,46,1.0,0.0,0.0013812154696132596,6.037486300631341e-28,1,,Michael Gleicher
5550,4,47,1.0,0.0,0.0027624309392265192,3.512063785572354e-20,4,outandin,Stuart J. Rose
5202,4,47,1.0,0.0,0.0027624309392265192,3.512063785572354e-20,2,outandin,Scott Butner
6043,4,47,1.0,0.0,0.0027624309392265192,3.512063785572354e-20,2,outgoing,Wendy Cowley
4108,4,47,1.0,0.0,0.0027624309392265192,3.512063785572354e-20,2,outandin,Michelle L. Gregory
3034,4,47,1.0,0.0,0.0027624309392265192,3.512063785572354e-20,2,outandin,Julia Walker
1290,1,48,1.0,0.0,0.0006906077348066298,4.146313076671794e-34,2,outandin,David Meirion Hughes
2389,1,48,1.0,0.0,0.0006906077348066298,4.146313076671794e-34,2,outandin,Ik Soo Lim
1051,2,49,1.0,0.0,0.0013812154696132596,6.037486300631341e-28,4,outgoing,Colin Ware
120,2,49,1.0,0.0,0.0013812154696132596,6.037486300631341e-28,2,outandin,Alethea Bair
1452,2,49,1.0,0.0,0.0013812154696132596,6.037486300631341e-28,6,outandin,Donald H. House
2581,2,50,1.0,0.0,0.0013812154696132596,6.037486300631341e-28,2,outandin,Jason Cantarella
4059,2,50,1.0,0.0,0.0013812154696132596,6.037486300631341e-28,2,outandin,Michael Piatek
1644,2,50,1.0,0.0,0.0013812154696132596,6.037486300631341e-28,2,outandin,Eric J. Rawdon
2712,2,51,0.31333333333333335,0.0,0.007799805004874877,5.045892694340293e-09,2,outandin,Jian Zhang 0006
2756,2,51,0.31333333333333335,0.0,0.007799805004874877,5.045892694340292e-09,2,outandin,Jiexun Li
2775,2,51,0.31333333333333335,0.0,0.007103393843725335,6.26098236363563e-09,2,outandin,Jin Chen
1779,3,51,0.31333333333333335,0.0,0.008463618196779122,9.954821684278872e-09,2,outandin,Fidelia Ibekwe-Sanjuan
1653,3,51,0.31333333333333335,0.0,0.008463618196779122,9.954821684278872e-09,2,outandin,Eric SanJuan
1244,5,51,0.31333333333333335,0.0,0.007799805004874877,1.6825985212530595e-08,2,outandin,David Fyfe
1382,5,51,0.31333333333333335,0.0,0.007799805004874877,1.6825985212530595e-08,2,outandin,Deryck W. Holdsworth
1473,6,51,0.31333333333333335,2.5454327935743096e-06,0.007955801104972375,1.739529661136271e-08,2,outandin,Donna Peuquet
395,6,51,0.31333333333333335,0.0,0.007649808754781131,2.4984179371393016e-08,2,incoming,Anuj R. Jaiswal
3245,6,51,0.31333333333333335,0.0,0.008463618196779122,9.084655084357243e-09,2,outandin,Kenneth R. Allendoerfer
5261,6,51,0.31333333333333335,0.0,0.008463618196779122,9.084655084357243e-09,2,outandin,Serge Aluker
2066,6,51,0.31333333333333335,0.0,0.008463618196779122,9.084655084357243e-09,2,outandin,Gulshan Panjwani
2594,6,51,0.31333333333333335,0.0,0.008463618196779122,9.084655084357243e-09,2,outandin,Jason M. Proctor
1320,6,51,0.31333333333333335,0.0,0.008463618196779122,9.084655084357243e-09,2,outandin,David Sturtz
4188,6,51,0.31333333333333335,0.0,0.008463618196779122,9.084655084357243e-09,2,outandin,Mirjana Vukovic
1450,9,51,0.31333333333333335,0.0,0.010199745006374841,3.7715803028787154e-08,2,outandin,Donald A. Pellegrino
4078,9,51,0.31333333333333335,0.0,0.010199745006374841,3.7715803028787154e-08,2,outandin,Michael Stryker
866,10,51,0.31333333333333335,2.227253694377521e-06,0.010468159348647862,3.9987615554314534e-08,2,outandin,Chi-Chun Pan
3082,10,51,0.31333333333333335,2.227253694377521e-06,0.010468159348647862,3.9987615554314534e-08,2,outandin,Junyan Luo
4680,10,51,0.31333333333333335,2.227253694377521e-06,0.010468159348647862,3.9987615554314534e-08,2,incoming,Prasenjit Mitra
2382,10,51,0.31333333333333335,2.227253694377521e-06,0.010468159348647862,3.9987615554314534e-08,2,outandin,Ian Turton
371,13,51,0.31333333333333335,1.7977119104618557e-05,0.011365430149960536,4.4629345772834326e-08,2,incoming,Anthony C. Robinson
100,14,51,0.31333333333333335,3.6431506858032315e-05,0.011699707507312317,4.519865717166644e-08,2,,Alan M. MacEachren
883,14,51,0.31333333333333335,2.9908835324498135e-05,0.011699707507312317,4.416791801774748e-08,2,,Chris E. Weaver
814,19,51,0.31333333333333335,0.00014286241553935813,0.013716898456848923,4.540024321693609e-08,2,outgoing,Chaomei Chen
5606,4,52,0.6785714285714286,0.0,0.0033839779005524857,1.778112425914946e-17,2,outandin,Sven Hermann
4780,4,52,0.6785714285714286,0.0,0.0033839779005524857,1.778112425914946e-17,2,outandin,Rainer Reich
4070,4,52,0.6785714285714286,0.0,0.0033839779005524857,1.778112425914946e-17,2,outandin,Michael Schäfers 0001
2653,4,52,0.6785714285714286,0.0,0.0033839779005524857,1.778112425914946e-17,2,outandin,Jennis Meyer-Spradow
3385,4,52,0.6785714285714286,0.0,0.0033839779005524857,1.778112425914946e-17,2,outandin,Lars Stegger
903,4,52,0.6785714285714286,0.0,0.0033839779005524857,1.778112425914946e-17,2,outandin,Christian Döring
5780,7,52,0.6785714285714286,4.295417839156647e-06,0.004834254143646409,2.6671686388724187e-17,1,incoming,Timo Ropinski
3300,7,52,0.6785714285714286,4.295417839156647e-06,0.004834254143646409,2.6671686388724187e-17,2,,Klaus H. Hinrichs
3860,2,53,0.6190476190476191,0.0,0.002486187845303867,2.360759246757963e-20,2,outandin,Masato Okada
3232,3,53,0.6190476190476191,0.0,0.0027624309392265192,3.439047932008483e-20,2,outandin,Kenichi Yoshida
3233,3,53,0.6190476190476191,0.0,0.0027624309392265192,3.439047932008483e-20,2,outandin,Kenji Shimada
6467,3,53,0.6190476190476191,0.0,0.0027624309392265192,3.59449157475397e-20,2,outgoing,Yuriko Takeshima
2422,4,53,0.6190476190476191,9.54537297590366e-07,0.003107734806629834,4.064449997108198e-20,2,outgoing,Issei Fujishiro
5839,5,53,0.6190476190476191,1.909074595180732e-06,0.0035516969218626674,4.963720175888728e-20,2,outandin,Tomoyuki Nishita
5324,6,53,0.6190476190476191,4.77268648795183e-06,0.004143646408839779,5.433678598242955e-20,4,outgoing,Shigeo Takahashi
4103,3,54,1.0,0.0,0.0020718232044198894,1.4246623250625995e-23,2,outandin,Michel Crampes
2673,3,54,1.0,0.0,0.0020718232044198894,1.4246623250625995e-23,2,outandin,Jeremy de Oliveira-Kumar
5616,3,54,1.0,0.0,0.0020718232044198894,1.4246623250625995e-23,2,outandin,Sylvie Ranwez
2609,3,54,1.0,0.0,0.0020718232044198894,1.4246623250625995e-23,2,outandin,Jean Villerd
3255,1,55,0.7,0.0,0.0015785319652722965,1.08987113912437e-23,2,outandin,Ketan Mehta
794,3,55,0.7,0.0,0.0022099447513812156,3.096759708249811e-23,4,outandin,Chad A. Steed
2441,3,55,0.7,0.0,0.0022099447513812156,3.096759708249811e-23,4,outgoing,J. Edward Swan II
4482,3,55,0.7,0.0,0.0022099447513812156,3.0967597082498106e-23,2,outandin,Patrick J. Fitzpatrick
5623,4,55,0.7,2.8636118927710985e-06,0.0027624309392265192,3.363484234000551e-23,2,outgoing,T. J. Jankun-Kelly
5557,1,56,1.0,0.0,0.0006906077348066298,4.146313076671794e-34,2,incoming,Stéphane Marchesin
2062,1,56,1.0,0.0,0.0006906077348066298,4.146313076671794e-34,2,outandin,Guillaume Colin de Verdière
2971,1,57,1.0,0.0,0.0006906077348066298,4.146313076671794e-34,2,outandin,Jorge Luis Williams
4945,1,57,1.0,0.0,0.0006906077348066298,4.146313076671794e-34,2,outandin,Robert E. Hiromoto
4006,4,58,1.0,0.0,0.0027624309392265192,3.512063785572354e-20,2,outandin,Michael Douma
2042,4,58,1.0,0.0,0.0027624309392265192,3.512063785572354e-20,2,outandin,Grzegorz Ligierko
4430,4,58,1.0,0.0,0.0027624309392265192,3.512063785572354e-20,2,outandin,Ovidiu Ancuta
4536,4,58,1.0,0.0,0.0027624309392265192,3.512063785572354e-20,2,outandin,Pavel Gritsai
5230,4,58,1.0,0.0,0.0027624309392265192,3.512063785572354e-20,2,outandin,Sean Liu
1054,1,59,1.0,0.0,0.0006906077348066298,4.146313076671794e-34,2,outandin,Cong Wang
6321,1,59,1.0,0.0,0.0006906077348066298,4.146313076671794e-34,2,outgoing,Yi-Jen Chiang
3249,1,60,1.0,0.0,0.0006906077348066298,4.146313076671794e-34,4,outandin,Kenneth Weiss 0001
3435,1,60,1.0,0.0,0.0006906077348066298,4.146313076671794e-34,4,outandin,Leila De Floriani
3260,1,61,0.6909090909090909,0.0,0.00255780642520974,5.185781187240413e-13,2,outandin,Kevin Beason
1225,2,61,0.6909090909090909,8.590835678313295e-06,0.0038367096378146104,4.156020754654158e-12,1,outgoing,David C. Banks
5095,8,61,0.6909090909090909,0.0,0.0053123671908202295,3.2327810344614554e-11,2,,Russell M. Taylor II
1287,8,61,0.6909090909090909,0.0,0.0053123671908202295,3.2327810344614554e-11,2,outandin,David Marshburn
532,8,61,0.6909090909090909,0.0,0.0053123671908202295,3.2327810344614554e-11,2,outandin,Benjamin G. Wilde
3144,8,61,0.6909090909090909,0.0,0.0053123671908202295,3.2327810344614554e-11,2,outandin,Kalpit Desai
2447,8,61,0.6909090909090909,0.0,0.0053123671908202295,3.2327810344614554e-11,2,outandin,J. K. Fisher
2665,8,61,0.6909090909090909,0.0,0.0053123671908202295,3.2327810344614554e-11,2,outandin,Jeremy Cribb
1523,8,61,0.6909090909090909,0.0,0.0053123671908202295,3.2327810344614554e-11,2,outandin,E. Timothy O'Brien
4911,8,61,0.6909090909090909,0.0,0.0053123671908202295,3.2327810344614554e-11,4,outandin,Richard Superfine
899,9,61,0.6909090909090909,1.5272596761445858e-05,0.006278252134605726,3.278885983414414e-11,2,outgoing,Chris Weigle
2189,3,62,1.0,0.0,0.0020718232044198894,1.4246623250625995e-23,2,outandin,Hao Zhou
345,3,62,1.0,0.0,0.0020718232044198894,1.4246623250625995e-23,2,outandin,Anna A. Shaverdian
2104,3,62,1.0,0.0,0.0020718232044198894,1.4246623250625995e-23,2,outandin,H. V. Jagadish
1931,3,62,1.0,0.0,0.0020718232044198894,1.4246623250625995e-23,2,outandin,George Michailidis
5598,2,63,1.0,0.0,0.0013812154696132596,6.037486300631341e-28,2,outandin,Suvi Tarkkanen
3139,2,63,1.0,0.0,0.0013812154696132596,6.037486300631341e-28,2,outandin,Kaisa Miettinen
3088,2,63,1.0,0.0,0.0013812154696132596,6.037486300631341e-28,2,outandin,Jussi Hakanen
1214,2,64,1.0,0.0,0.0013812154696132596,6.037486300631341e-28,2,outandin,David Allen
5866,2,64,1.0,0.0,0.0013812154696132596,6.037486300631341e-28,2,outandin,Tsai-Ching Lu
1261,2,64,1.0,0.0,0.0013812154696132596,6.037486300631341e-28,2,outandin,David J. Huber
1375,2,65,0.5238095238095238,0.0,0.002486187845303867,7.347404282551622e-22,2,incoming,Derek Overby
2768,2,65,0.5238095238095238,0.0,0.002486187845303867,7.347404282551622e-22,2,incoming,Jim Wall
3539,2,65,0.5238095238095238,0.0,0.002486187845303867,9.654862885112232e-22,2,outandin,Louise C. Abbott
6499,3,65,0.5238095238095238,0.0,0.0027624309392265192,1.3432674897774992e-21,2,outgoing,Zeki Melek
792,3,65,0.5238095238095238,0.0,0.0027624309392265192,1.3432674897774992e-21,2,outandin,Cem Yuksel
1288,4,65,0.5238095238095238,9.54537297590366e-07,0.003107734806629834,1.5551979085865555e-21,2,outgoing,David Mayerich
2895,6,65,0.5238095238095238,8.590835678313295e-06,0.004143646408839779,1.877758360321725e-21,2,,John Keyser
6360,3,66,1.0,0.0,0.0020718232044198894,1.4246623250625995e-23,2,outandin,Yiwen Sun
2593,3,66,1.0,0.0,0.0020718232044198894,1.4246623250625995e-23,4,outgoing,Jason Leigh
284,3,66,1.0,0.0,0.0020718232044198894,1.4246623250625995e-23,2,outgoing,Andrew E. Johnson 0001
1363,3,66,1.0,0.0,0.0020718232044198894,1.4246623250625995e-23,2,outandin,Dennis Chau
5344,3,67,1.0,0.0,0.0020718232044198894,1.4246623250625995e-23,2,outandin,Shraddha Agrawal
3308,3,67,1.0,0.0,0.0020718232044198894,1.4246623250625995e-23,2,outandin,Kollukuduru Sravanthi
5418,3,67,1.0,0.0,0.0020718232044198894,1.4246623250625995e-23,2,outandin,Soujanya Vadapalli
3146,3,67,1.0,0.0,0.0020718232044198894,1.4246623250625995e-23,2,outandin,Kamalakar Karlapalem
661,3,68,0.5714285714285714,0.0,0.0027624309392265192,2.3553080698595223e-21,2,outandin,Brandon Wright
3906,3,68,0.5714285714285714,0.0,0.0027624309392265192,2.3553080698595223e-21,2,outandin,Matthew Steckman
5221,3,68,0.5714285714285714,0.0,0.0027624309392265192,2.3553080698595223e-21,2,outandin,Scott Stevson
2484,3,68,0.5714285714285714,0.0,0.0027624309392265192,2.3553080698595223e-21,2,outandin,Jake Solomon
4825,3,68,0.5714285714285714,0.0,0.0027624309392265192,2.3553080698595223e-21,2,outandin,Ravi Sankar
629,3,68,0.5714285714285714,0.0,0.0027624309392265192,2.3553080698595223e-21,2,outandin,Bob McGrew
2595,6,68,0.5714285714285714,8.590835678313295e-06,0.004143646408839779,3.876251343932318e-21,2,outandin,Jason Payne
23,1,69,1.0,0.0,0.0006906077348066298,4.146313076671794e-34,2,outandin,Aba-Sah Dadzie
1185,1,69,1.0,0.0,0.0006906077348066298,4.146313076671794e-34,2,outandin,Daniela Petrelli
1069,3,70,1.0,0.0,0.0020718232044198894,1.4246623250625995e-23,2,outandin,Courtney C. Dornburg
3391,3,70,1.0,0.0,0.0020718232044198894,1.4246623250625995e-23,4,outandin,Laura E. Matzen
5860,3,70,1.0,0.0,0.0020718232044198894,1.4246623250625995e-23,2,outandin,Travis L. Bauer
3390,3,70,1.0,0.0,0.0020718232044198894,1.4246623250625995e-23,2,outandin,Laura A. McNamara
1509,2,71,1.0,0.0,0.0013812154696132596,6.037486300631341e-28,2,outandin,Dóra Erdös
6597,2,71,1.0,0.0,0.0013812154696132596,6.037486300631341e-28,2,incoming,Zsolt Fekete
316,2,71,1.0,0.0,0.0013812154696132596,6.037486300631341e-28,2,incoming,András Lukács
5752,2,72,1.0,0.0,0.0013812154696132596,6.037486300631341e-28,2,outandin,Thorsten Liebig
4400,2,72,1.0,0.0,0.0013812154696132596,6.037486300631341e-28,2,outandin,Olaf Noppens
1861,2,72,1.0,0.0,0.0013812154696132596,6.037486300631341e-28,2,outandin,Friedrich W. von Henke
6238,5,73,1.0,0.0,0.003453038674033149,2.074464496900771e-17,2,outandin,XiongFei Luo
2309,5,73,1.0,0.0,0.003453038674033149,2.074464496900771e-17,3,incoming,Hongan Wang
1767,5,73,1.0,0.0,0.003453038674033149,2.074464496900771e-17,2,outandin,Feng Tian 0001
6011,5,73,1.0,0.0,0.003453038674033149,2.074464496900771e-17,2,outandin,Wei Liu 0023
1468,5,73,1.0,0.0,0.003453038674033149,2.074464496900771e-17,2,incoming,Dongxing Teng
2082,5,73,1.0,0.0,0.003453038674033149,2.074464496900771e-17,2,outandin,Guozhong Dai
3530,0,74,0.0,0.0,0.0,1.2067359280399378e-44,2,outandin,Lorne Leonard
1548,0,75,0.0,0.0,0.0,1.2067359280399378e-44,2,incoming,Edward Swing
1023,1,76,1.0,0.0,0.0006906077348066298,4.146313076671794e-34,2,outandin,Claudia Müller-Birn
3565,1,76,1.0,0.0,0.0006906077348066298,4.146313076671794e-34,2,outandin,Lukas Birn
5547,0,77,0.0,0.0,0.0,1.2067359280399378e-44,2,outandin,Stina S. Bridgeman
5958,1,78,1.0,0.0,0.0006906077348066298,4.146313076671794e-34,2,outandin,VinhTuan Thai
5362,1,78,1.0,0.0,0.0006906077348066298,4.146313076671794e-34,2,outandin,Siegfried Handschuh
1565,1,79,0.35,0.0,0.003984275393115172,8.812406706373665e-15,2,outandin,Eleanor Boyle Chlan
2686,2,79,0.35,0.0,0.005549526440410418,5.6346467509930184e-14,4,outandin,Jesus J. Caban
4674,2,79,0.35,0.0,0.0040891247455655715,1.0326181775575471e-14,2,outandin,Poonam Shanbhag
3724,2,79,0.35,0.0,0.0040891247455655715,1.0326181775575471e-14,2,,Marie desJardins
4551,5,79,0.35,3.627241730843391e-05,0.006215469613259668,6.01136294360203e-14,1,,Penny Rheingans
1504,5,79,0.35,0.0,0.005549526440410418,1.6580375170961113e-13,2,outandin,Dustin Scheinost
3244,5,79,0.35,0.0,0.005549526440410418,1.6580375170961113e-13,2,outandin,Kenneth P. Vives
1364,5,79,0.35,0.0,0.005549526440410418,1.6580375170961113e-13,2,outandin,Dennis D. Spencer
3412,5,79,0.35,0.0,0.005549526440410418,1.6580375170961113e-13,2,outandin,Lawrence H. Staib
6183,6,79,0.35,0.0,0.005755064456721915,2.2456863004205661e-13,2,outandin,Xiaoning Qian
1455,6,79,0.35,0.0,0.005755064456721915,2.2456863004205661e-13,2,outandin,Donald P. Dione
3256,6,79,0.35,0.0,0.005755064456721915,2.2456863004205661e-13,2,outandin,Ketan R. Bulsara
982,6,79,0.35,0.0,0.005755064456721915,2.2456863004205661e-13,2,outandin,Christopher K. Breuer
108,6,79,0.35,0.0,0.005755064456721915,2.2456863004205661e-13,2,outandin,Albert J. Sinusas
6145,10,79,0.35,9.54537297590366e-06,0.006755945231803988,3.0936271805761647e-13,2,outandin,Xenophon Papademetris
106,12,79,0.35,5.7272237855421966e-05,0.008632596685082873,3.242525013202217e-13,2,outandin,Alark Joshi
1902,1,80,0.5333333333333333,0.0,0.0019183548189073052,2.544352472049427e-23,2,outandin,Gautam Kumar
6417,1,80,0.5333333333333333,0.0,0.0019183548189073052,2.544352472049427e-23,2,outgoing,Yuan Zhou
6462,3,80,0.5333333333333333,0.0,0.0024664561957379637,6.866301770285258e-23,2,outandin,Yuntao Jia
2569,3,80,0.5333333333333333,0.0,0.0024664561957379637,6.866301770285258e-23,2,outandin,Jared Hoberock
2874,3,80,0.5333333333333333,0.0,0.0024664561957379637,6.866301770285257e-23,3,outgoing,John C. Hart
4014,5,80,0.5333333333333333,6.681761083132563e-06,0.003453038674033149,8.084450176309799e-23,2,outgoing,Michael Garland
336,4,81,1.0,0.0,0.0027624309392265192,3.512063785572354e-20,2,outandin,Anish Chandak
911,4,81,1.0,0.0,0.0027624309392265192,3.512063785572354e-20,2,outandin,Christian Lauterbach
3979,4,81,1.0,0.0,0.0027624309392265192,3.512063785572354e-20,2,outandin,Micah T. Taylor
6556,4,81,1.0,0.0,0.0027624309392265192,3.512063785572354e-20,2,outandin,Zhimin Ren
1416,4,81,1.0,0.0,0.0027624309392265192,3.512063785572354e-20,2,outgoing,Dinesh Manocha
1778,3,82,1.0,0.0,0.0020718232044198894,1.4246623250625995e-23,3,incoming,Fernando Vieira Paulovich
5058,3,82,1.0,0.0,0.0020718232044198894,1.4246623250625995e-23,4,incoming,Rosane Minghim
224,3,82,1.0,0.0,0.0020718232044198894,1.4246623250625995e-23,2,outandin,Ana M. Cuadros
2060,3,82,1.0,0.0,0.0020718232044198894,1.4246623250625995e-23,2,incoming,Guilherme P. Telles
5614,3,83,0.43956043956043955,0.0,0.050815111894983764,8.880604050242677e-11,2,outandin,Sye-Min Chan
2885,3,83,0.43956043956043955,0.0,0.050815111894983764,8.880604050242675e-11,2,incoming,John Gerth
3453,4,83,0.43956043956043955,0.0,0.05082113406989428,1.0712696666988642e-10,2,outandin,Leslie Wu
1434,4,83,0.43956043956043955,0.0,0.05082113406989428,9.786578906579776e-11,2,outandin,Doantam Phan
5037,4,83,0.43956043956043955,0.0,0.05082113406989428,9.786578906579776e-11,2,outandin,Ron B. Yeh
5673,4,83,0.43956043956043955,0.0,0.05082113406989428,9.786578906579776e-11,2,outandin,Terry Winograd
3487,6,83,0.43956043956043955,2.8636118927710985e-06,0.050833182702912275,1.1167559942059297e-10,2,outandin,Ling Xiao
6204,6,83,0.43956043956043955,0.0,0.050833182702912275,1.2919584372033384e-10,2,outandin,Xin Dong 0001
2627,6,83,0.43956043956043955,0.0,0.050833182702912275,1.2919584372033384e-10,2,outgoing,Jeff Klingner
196,6,83,0.43956043956043955,0.0,0.050833182702912275,1.2919584372033384e-10,2,outandin,Alon Y. Halevy
719,7,83,0.43956043956043955,7.159029731927746e-07,0.050839209162035326,1.3758265572067004e-10,2,outandin,Bryan Chan 0001
3094,7,83,0.43956043956043955,7.159029731927746e-07,0.050839209162035326,1.3758265572067004e-10,2,incoming,Justin Talbot
4126,7,83,0.43956043956043955,7.159029731927746e-07,0.050839209162035326,1.3758265572067004e-10,2,outandin,Mike Cammarano
4467,15,83,0.43956043956043955,0.009660633354587698,0.05602674801172824,8.6662932413142e-10,1,,Pat Hanrahan
3826,2,84,1.0,0.0,0.0013812154696132596,6.037486300631341e-28,4,outandin,Martin Luboschik
2239,2,84,1.0,0.0,0.0013812154696132596,6.037486300631341e-28,1,,Heidrun Schumann
2286,2,84,1.0,0.0,0.0013812154696132596,6.037486300631341e-28,2,outandin,Hilko Cords
5859,3,85,0.5714285714285714,0.0,0.0030763435459568054,1.8448701491341354e-19,2,outandin,Tran Van Long
4522,3,85,0.5714285714285714,0.0,0.0030763435459568054,1.8448701491341354e-19,2,outandin,Paul Rosenthal
5470,3,85,0.5714285714285714,0.0,0.0030763435459568054,1.8448701491341354e-19,2,outandin,Stephan Rosswog
3033,4,85,0.5714285714285714,0.0,0.0033839779005524857,3.2415629756647915e-19,2,outandin,Julia Löcherbach
3909,4,85,0.5714285714285714,0.0,0.0033839779005524857,3.2415629756647915e-19,2,outandin,Matthias Berth
3097,4,85,0.5714285714285714,0.0,0.0033839779005524857,3.2415629756647915e-19,2,outandin,Jörg Bernhardt
1510,4,85,0.5714285714285714,0.0,0.0033839779005524857,3.2415629756647915e-19,2,outandin,Dörte Becher
3382,7,85,0.5714285714285714,1.1454447571084394e-05,0.004834254143646409,4.281730374439917e-19,4,outandin,Lars Linsen
1627,2,86,0.5111111111111111,0.0,0.003290542736431589,2.5834316006881378e-17,2,incoming,Eric A. Bier
333,3,86,0.5111111111111111,0.0,0.0034962016574585633,3.837825660656062e-17,2,outandin,Aniket Kittur
3470,3,86,0.5111111111111111,0.0,0.0037292817679558006,3.3258491079417067e-17,3,outandin,Lichan Hong
3048,3,86,0.5111111111111111,0.0,0.0037292817679558006,3.3258491079417067e-17,2,outandin,Julie Heiser
723,4,86,0.5111111111111111,0.0,0.0039956590370955015,5.2301291168997016e-17,2,outandin,Bryan Heer
2928,5,86,0.5111111111111111,1.8136208654216954e-06,0.0043030174245643855,5.648423587154615e-17,2,outandin,John W. Bodnar
635,6,86,0.5111111111111111,2.2908895142168784e-06,0.004661602209944752,6.849795386825605e-17,2,outandin,Bongwon Suh
1529,6,86,0.5111111111111111,4.327235749076326e-06,0.004661602209944752,6.165407281294351e-17,2,outgoing,Ed H. Chi
718,6,86,0.5111111111111111,2.2908895142168784e-06,0.004661602209944752,6.849795386825606e-17,2,outandin,Bryan A. Pendleton
5551,8,86,0.5111111111111111,1.123172220164664e-05,0.005593922651933702,7.723696008815875e-17,2,outgoing,Stuart K. Card
6022,1,87,0.45454545454545453,0.0,0.05918144207587192,1.7785412518288544e-06,2,outandin,Weichao Wang
1044,3,87,0.45454545454545453,0.0,0.053483253839083054,3.8476292438157906e-07,2,outandin,Colin Mollenhour
5225,4,87,0.45454545454545453,0.0,0.05924685400411273,2.3003838830527364e-06,2,outandin,Sean Ahern
2542,4,87,0.45454545454545453,0.0,0.05924685400411273,2.3003838830527364e-06,2,outandin,Jamison Daniel
737,4,87,0.45454545454545453,0.0,0.05348992506944842,2.4784315228905674e-07,2,outandin,C. Ryan Johnson
5200,4,87,0.45454545454545453,0.0,0.05348992506944842,2.4784315228905674e-07,2,outandin,Scott Atchley
2499,4,87,0.45454545454545453,0.0,0.05348992506944842,2.4784315228905674e-07,2,outgoing,James Arthur Kohl
3785,6,87,0.45454545454545453,0.0007464481667156663,0.05926322958565063,2.3575232362565454e-06,2,outandin,Markus Glatter
77,6,87,0.45454545454545453,0.007434891010931362,0.06639243370208514,2.4499405843162283e-05,2,,Aidong Lu
2803,6,87,0.45454545454545453,2.8636118927710985e-06,0.053503272524238046,4.3658333403306566e-07,2,outgoing,Jinzhu Gao
2708,9,87,0.45454545454545453,0.0029886562787554364,0.05928780993802958,2.409343645908032e-06,2,,Jian Huang 0007
6411,2,88,1.0,0.0,0.0013812154696132596,6.037486300631341e-28,2,incoming,Yu-Shuen Wang
5841,2,88,1.0,0.0,0.0013812154696132596,6.037486300631341e-28,2,outandin,Tong-Yee Lee
873,2,88,1.0,0.0,0.0013812154696132596,6.037486300631341e-28,2,outandin,Chiew-Lan Tai
4701,5,89,1.0,0.0,0.003453038674033149,2.074464496900771e-17,2,outandin,Qi Ye
5756,5,89,1.0,0.0,0.003453038674033149,2.074464496900771e-17,2,outandin,Tian Zhu 0001
1389,5,89,1.0,0.0,0.003453038674033149,2.074464496900771e-17,2,outandin,Deyong Hu
599,5,89,1.0,0.0,0.003453038674033149,2.074464496900771e-17,2,outandin,Bin Wu 0001
4255,5,89,1.0,0.0,0.003453038674033149,2.074464496900771e-17,2,outandin,Nan Du
486,5,89,1.0,0.0,0.003453038674033149,2.074464496900771e-17,2,outandin,Bai Wang 0001
2264,1,90,1.0,0.0,0.0006906077348066298,4.146313076671794e-34,2,outandin,Henrik Buchholz
3109,1,90,1.0,0.0,0.0006906077348066298,4.146313076671794e-34,2,outgoing,Jürgen Döllner
6070,8,91,1.0,0.0,0.0055248618784530384,3.0206476813463e-11,2,outandin,William A. Pike
2823,8,91,1.0,0.0,0.0055248618784530384,3.0206476813463e-11,4,outandin,Joe Bruce
625,8,91,1.0,0.0,0.0055248618784530384,3.0206476813463e-11,2,outandin,Bob Baddeley
1161,8,91,1.0,0.0,0.0055248618784530384,3.0206476813463e-11,2,outandin,Daniel M. Best
3576,8,91,1.0,0.0,0.0055248618784530384,3.0206476813463e-11,4,outandin,Lyndsey Franklin
4905,8,91,1.0,0.0,0.0055248618784530384,3.0206476813463e-11,2,outandin,Richard May 0001
1490,8,91,1.0,0.0,0.0055248618784530384,3.0206476813463e-11,2,outandin,Douglas M. Rice
5006,8,91,1.0,0.0,0.0055248618784530384,3.0206476813463e-11,2,outandin,Roderick M. Riensche
3179,8,91,1.0,0.0,0.0055248618784530384,3.0206476813463e-11,2,outandin,Katarina Younkin
1912,1,92,1.0,0.0,0.0006906077348066298,4.146313076671794e-34,2,outandin,Geoffrey M. Draper
4894,1,92,1.0,0.0,0.0006906077348066298,4.146313076671794e-34,2,outandin,Richard F. Riesenfeld
568,6,93,1.0,0.0,0.004143646408839779,4.571341261700828e-15,2,outandin,Bernd Hentschel 0001
2411,6,93,1.0,0.0,0.004143646408839779,4.571341261700828e-15,2,outandin,Irene Tedjo-Palczynski
3794,6,93,1.0,0.0,0.004143646408839779,4.571341261700828e-15,2,outandin,Markus Probst
3671,6,93,1.0,0.0,0.004143646408839779,4.571341261700828e-15,2,outandin,Marc Wolter
3699,6,93,1.0,0.0,0.004143646408839779,4.571341261700828e-15,2,outandin,Marek Behr
907,6,93,1.0,0.0,0.004143646408839779,4.571341261700828e-15,2,outandin,Christian H. Bischof
5850,6,93,1.0,0.0,0.004143646408839779,4.571341261700828e-15,2,outandin,Torsten W. Kuhlen
4010,1,94,1.0,0.0,0.0006906077348066298,4.146313076671794e-34,2,outandin,Michael Farrugia
18,1,94,1.0,0.0,0.0006906077348066298,4.146313076671794e-34,2,outandin,Aaron J. Quigley
518,2,95,0.38181818181818183,0.0,0.0038367096378146104,1.0874428829944425e-18,2,outandin,Bela Soni
725,2,95,0.38181818181818183,0.0,0.0038367096378146104,9.506502733086518e-19,2,outandin,Bryan Mehta
5422,2,95,0.38181818181818183,0.0,0.0038367096378146104,9.506502733086518e-19,2,outgoing,Srinivasan Parthasarathy 0001
4209,3,95,0.38181818181818183,0.0,0.004062398440038999,1.3882647133052347e-18,2,outandin,Monika Jankun-Kelly
4153,3,95,0.38181818181818183,0.0,0.004062398440038999,1.3882647133052347e-18,2,outgoing,Ming Jiang 0005
1308,4,95,0.38181818181818183,9.54537297590366e-07,0.004316298342541436,1.5819354032657488e-18,2,outgoing,David S. Thompson
1783,4,95,0.38181818181818183,0.0,0.004316298342541436,2.1279939504259473e-18,2,outandin,Firdaus Janoos
5291,4,95,0.38181818181818183,0.0,0.004316298342541436,2.1279939504259473e-18,2,outandin,Shantanu Singh
3597,4,95,0.38181818181818183,0.0,0.004316298342541436,2.1279939504259473e-18,2,outandin,M. Okan Irfanoglu
4893,4,95,0.38181818181818183,0.0,0.004316298342541436,2.1279939504259473e-18,2,outandin,Richard E. Parent
4770,10,95,0.38181818181818183,3.1499730820482084e-05,0.006906077348066298,3.4365122330014657e-18,2,outgoing,Raghu Machiraju
2038,4,96,0.8095238095238095,0.0,0.003107734806629834,1.778112425914947e-17,2,outandin,Gregory S. Aldering
4979,4,96,0.8095238095238095,0.0,0.003107734806629834,1.7781124259149472e-17,2,outandin,Robert Quimby
5488,4,96,0.8095238095238095,0.0,0.003107734806629834,1.778112425914947e-17,2,outandin,Stephen J. Bailey
3168,4,96,0.8095238095238095,0.0,0.003107734806629834,1.778112425914947e-17,2,outandin,Karl J. Runge
789,6,96,0.8095238095238095,1.2727163967871548e-06,0.004143646408839779,2.370816567886596e-17,2,outandin,Cecilia R. Aragon
5188,6,96,0.8095238095238095,1.2727163967871548e-06,0.004143646408839779,2.370816567886596e-17,2,outandin,Sarah S. Poon
5031,6,96,0.8095238095238095,1.2727163967871548e-06,0.004143646408839779,2.3708165678865963e-17,2,outandin,Rollin C. Thomas
3138,3,97,1.0,0.0,0.0020718232044198894,1.4246623250625995e-23,2,outandin,Kaichi Zhou
1691,3,97,1.0,0.0,0.0020718232044198894,1.4246623250625995e-23,1,,Eugene Zhang
2804,3,97,1.0,0.0,0.0020718232044198894,1.4246623250625995e-23,2,outandin,Jirí Bittner
4602,3,97,1.0,0.0,0.0020718232044198894,1.4246623250625995e-23,3,outgoing,Peter Wonka
5104,3,98,0.5128205128205128,0.0,0.00473559589581689,7.75532314242401e-14,2,outandin,Ryan Eccles
54,4,98,0.5128205128205128,0.0,0.004972375690607734,1.0539054600660992e-13,2,outandin,Adeel Khamisa
4471,5,98,0.5128205128205128,0.0,0.005234079674323931,1.2040652502806717e-13,2,outandin,Patricia Enns
6109,5,98,0.5128205128205128,0.0,0.005234079674323931,1.2040652502806717e-13,2,outandin,Winniefried Kuan
5570,5,98,0.5128205128205128,0.0,0.005234079674323931,1.1446156661003723e-13,2,outandin,Sumeet Tandon
39,5,98,0.5128205128205128,0.0,0.005234079674323931,1.1446156661003723e-13,2,outandin,Adam Bodnar
1312,5,98,0.5128205128205128,0.0,0.005234079674323931,1.1446156661003723e-13,2,outandin,David Schroh
5717,7,98,0.5128205128205128,3.4999700911646755e-06,0.005849853753656159,1.4904882706558152e-13,3,outgoing,Thomas Kapler
4957,7,98,0.5128205128205128,3.579514865963873e-06,0.005849853753656159,1.4378503077607652e-13,2,outandin,Robert Harper 0002
3578,7,98,0.5128205128205128,1.829529820381535e-06,0.005849853753656159,1.5584066485546558e-13,2,outandin,Lynn Chien
363,7,98,0.5128205128205128,1.829529820381535e-06,0.005849853753656159,1.5584066485546558e-13,2,outandin,Annie Tat
4465,8,98,0.5128205128205128,5.409044686345407e-06,0.006215469613259668,1.6843279830600107e-13,2,outandin,Pascale Proulx
6101,12,98,0.5128205128205128,2.012482802419688e-05,0.008287292817679558,2.289187015516911e-13,2,outgoing,William Wright
3738,1,99,1.0,0.0,0.0006906077348066298,4.146313076671794e-34,2,outandin,Mario Valle
425,1,99,1.0,0.0,0.0006906077348066298,4.146313076671794e-34,2,outandin,Artem R. Oganov
6319,9,100,1.0,0.0,0.006215469613259668,1.2067359280399397e-09,2,outandin,Yi Wang
1480,9,100,1.0,0.0,0.006215469613259668,1.2067359280399397e-09,4,outandin,Doug A. Bowman
1282,9,100,1.0,0.0,0.006215469613259668,1.2067359280399397e-09,2,outgoing,David M. Krum
1621,9,100,1.0,0.0,0.006215469613259668,1.2067359280399397e-09,2,outandin,Enylton Machado Coelho
5847,9,100,1.0,0.0,0.006215469613259668,1.2067359280399397e-09,2,outandin,Tonya L. Smith-Jackson
1217,9,100,1.0,0.0,0.006215469613259668,1.2067359280399397e-09,2,outgoing,David Bailey
5187,9,100,1.0,0.0,0.006215469613259668,1.2067359280399397e-09,2,outandin,Sarah Peck
5613,9,100,1.0,0.0,0.006215469613259668,1.2067359280399397e-09,2,outandin,Swethan Anand
5862,9,100,1.0,0.0,0.006215469613259668,1.2067359280399397e-09,2,outandin,Trevor Kennedy
6311,9,100,1.0,0.0,0.006215469613259668,1.2067359280399397e-09,2,outandin,Yernar Abdrazakov
4476,3,101,1.0,0.0,0.0020718232044198894,1.4246623250625995e-23,2,outandin,Patrick Degener
5100,3,101,1.0,0.0,0.0020718232044198894,1.4246623250625995e-23,2,outandin,Ruwen Schnabel
998,3,101,1.0,0.0,0.0020718232044198894,1.4246623250625995e-23,2,outandin,Christopher Schwartz
4851,3,101,1.0,0.0,0.0020718232044198894,1.4246623250625995e-23,6,outandin,Reinhard Klein
1367,1,102,1.0,0.0,0.0006906077348066298,4.146313076671794e-34,2,outandin,Dennis J. Bouvier
702,1,102,1.0,0.0,0.0006906077348066298,4.146313076671794e-34,2,outandin,Britian Oates
842,4,103,1.0,0.0,0.0027624309392265192,3.512063785572354e-20,2,outandin,Chen Yu 0001
6361,4,103,1.0,0.0,0.0027624309392265192,3.512063785572354e-20,2,incoming,Yiwen Zhong
5706,4,103,1.0,0.0,0.0027624309392265192,3.512063785572354e-20,2,outandin,Thomas G. Smith
2390,4,103,1.0,0.0,0.0027624309392265192,3.512063785572354e-20,2,outandin,Ikhyun Park
6031,4,103,1.0,0.0,0.0027624309392265192,3.512063785572354e-20,2,outandin,Weixia Huang
5939,0,104,0.0,0.0,0.0,1.2067359280399378e-44,2,outandin,Victor Pascual-Cid
491,0,105,0.0,0.0,0.0,1.2067359280399378e-44,2,outgoing,Balázs Csébfalvi
2473,1,106,1.0,0.0,0.0006906077348066298,4.146313076671794e-34,2,outandin,Jae-wook Ahn
4559,1,106,1.0,0.0,0.0006906077348066298,4.146313076671794e-34,2,outandin,Peter Brusilovsky
797,2,107,1.0,0.0,0.0013812154696132596,6.037486300631341e-28,2,incoming,Chandan K. Reddy
5402,2,107,1.0,0.0,0.0013812154696132596,6.037486300631341e-28,2,outandin,Snehal Pokharkar
5794,2,107,1.0,0.0,0.0013812154696132596,6.037486300631341e-28,2,outandin,Tin Kam Ho
6304,2,108,1.0,0.0,0.0013812154696132596,6.037486300631341e-28,1,incoming,Ye Zhao 0003
2489,2,108,1.0,0.0,0.0013812154696132596,6.037486300631341e-28,2,incoming,Jamal Alsakran
6221,2,108,1.0,0.0,0.0013812154696132596,6.037486300631341e-28,2,outandin,Xinlei Zhao
2483,3,109,1.0,0.0,0.0020718232044198894,1.4246623250625995e-23,2,outandin,Jaime Montemayor
990,3,109,1.0,0.0,0.0020718232044198894,1.4246623250625995e-23,2,outandin,Christopher P. Diehl
4037,3,109,1.0,0.0,0.0020718232044198894,1.4246623250625995e-23,2,outandin,Michael J. Pekala
1297,3,109,1.0,0.0,0.0020718232044198894,1.4246623250625995e-23,2,outandin,David Patrone
4284,2,110,1.0,0.0,0.0013812154696132596,6.037486300631341e-28,2,outandin,Nathan Andrysco
511,2,110,1.0,0.0,0.0013812154696132596,6.037486300631341e-28,2,outandin,Bedrich Benes
3271,2,110,1.0,0.0,0.0013812154696132596,6.037486300631341e-28,2,outandin,Kevin R. Gurney
37,1,111,1.0,0.0,0.0006906077348066298,4.146313076671794e-34,2,outandin,Adalberto L. Simeone
4452,1,111,1.0,0.0,0.0006906077348066298,4.146313076671794e-34,3,outandin,Paolo Buono
1795,1,112,1.0,0.0,0.0006906077348066298,4.146313076671794e-34,2,outandin,Florian Jürgen Gerhardt
3101,1,112,1.0,0.0,0.0006906077348066298,4.146313076671794e-34,2,outgoing,Jörg Meyer 0002
533,2,113,1.0,0.0,0.0013812154696132596,6.037486300631341e-28,2,outandin,Benjamin Holland
3501,2,113,1.0,0.0,0.0013812154696132596,6.037486300631341e-28,2,outandin,Lisa Kuchy
2586,2,113,1.0,0.0,0.0013812154696132596,6.037486300631341e-28,2,outandin,Jason Dalton
5778,0,114,0.0,0.0,0.0,1.2067359280399378e-44,2,incoming,Tim Lammarsch
1914,1,115,1.0,0.0,0.0006906077348066298,4.146313076671794e-34,2,incoming,Geoffrey P. Ellis
92,1,115,1.0,0.0,0.0006906077348066298,4.146313076671794e-34,2,outandin,Alan J. Dix
6282,1,116,1.0,0.0,0.0006906077348066298,4.146313076671794e-34,2,outgoing,Yaniv Frishman
472,1,116,1.0,0.0,0.0006906077348066298,4.146313076671794e-34,1,outgoing,Ayellet Tal
3335,1,117,0.4666666666666667,0.0,0.0019183548189073052,5.550080568566981e-25,2,outandin,Krzysztof Niski
6412,2,117,0.4666666666666667,0.0,0.002158149171270718,8.797117705049961e-25,4,outgoing,Yuan Chen
3038,2,117,0.4666666666666667,0.0,0.002158149171270718,8.797117705049961e-25,2,outandin,Julian Krolik
4394,2,117,0.4666666666666667,0.0,0.002158149171270718,8.797117705049961e-25,2,outandin,Ofri Sadowsky
5094,2,117,0.4666666666666667,0.0,0.002158149171270718,8.797117705049961e-25,2,outandin,Russell H. Taylor
2943,5,117,0.4666666666666667,7.636298380722929e-06,0.003453038674033149,1.503669652730819e-24,2,outgoing,Jonathan D. Cohen 0001
1145,1,118,0.7,0.0,0.0015785319652722965,1.0898711391243697e-23,2,outandin,Daniel E. Huber
2135,3,118,0.7,0.0,0.0022099447513812156,3.0967597082498106e-23,2,outgoing,Haleh Hagh-Shenas
5577,3,118,0.7,0.0,0.0022099447513812156,3.0967597082498106e-23,2,outgoing,Sunghee Kim
5943,3,118,0.7,0.0,0.0022099447513812156,3.0967597082498106e-23,2,outgoing,Victoria Interrante
972,4,118,0.7,2.8636118927710985e-06,0.0027624309392265192,3.3634842340005506e-23,4,outgoing,Christopher G. Healey
5894,2,119,1.0,0.0,0.0013812154696132596,6.037486300631341e-28,2,,Ulrik Brandes
3112,2,119,1.0,0.0,0.0013812154696132596,6.037486300631341e-28,2,outandin,Jürgen Lerner
1150,2,119,1.0,0.0,0.0013812154696132596,6.037486300631341e-28,2,outandin,Daniel Fleischer
4861,1,120,1.0,0.0,0.0006906077348066298,4.146313076671794e-34,2,outandin,Renaud Blanch
1646,1,120,1.0,0.0,0.0006906077348066298,4.146313076671794e-34,4,outandin,Eric Lecolinet
6466,3,121,1.0,0.0,0.0020718232044198894,1.4246623250625995e-23,2,outandin,Yuri A. Ivanov
995,3,121,1.0,0.0,0.0020718232044198894,1.4246623250625995e-23,2,outandin,Christopher Richard Wren
147,3,121,1.0,0.0,0.0020718232044198894,1.4246623250625995e-23,2,outandin,Alexander Sorokin
2419,3,121,1.0,0.0,0.0020718232044198894,1.4246623250625995e-23,2,outandin,Ishwinder Kaur
5664,1,122,0.12903225806451613,0.0,0.06171085469589408,7.915453383976666e-08,2,incoming,Teng-Yok Lee
6341,1,122,0.12903225806451613,0.0,0.06171085469589408,7.915453383976666e-08,2,outandin,Ying Tu
4293,1,122,0.12903225806451613,0.0,0.07926593886908835,1.8786467403293982e-05,2,incoming,Nathaniel Fout
2959,1,122,0.12903225806451613,0.0,0.06171085469589408,7.915453383976666e-08,1,,Jonathan Woodring
2050,1,122,0.12903225806451613,0.0,0.06171085469589408,7.915453383976666e-08,2,outgoing,Guangfeng Ji
5877,1,122,0.12903225806451613,0.0,0.06171085469589408,7.915453383976666e-08,2,outgoing,Udeepta Bordoloi
1730,1,122,0.12903225806451613,0.0,0.07926593886908835,1.8786467403293982e-05,2,outgoing,Fan-Yin Tzeng
6408,2,122,0.12903225806451613,0.0,0.08155738480064055,0.00019081533597115245,2,incoming,Yu-Hsuan Chan
1844,2,122,0.12903225806451613,0.0,0.07928059332256757,3.459648598863993e-05,2,outandin,François Gygi
2310,2,122,0.12903225806451613,0.0,0.07941272764477185,2.0027425581063686e-05,2,incoming,Hongfeng Yu 0001
3974,2,122,0.12903225806451613,0.0,0.08135623776925971,0.0003386538327402402,2,outandin,Mi Chen
3707,2,122,0.12903225806451613,0.0,0.07262129200368636,0.00017758682403627994,2,outandin,Maria C. Velez
3728,2,122,0.12903225806451613,0.0,0.07262129200368636,0.00017758682403627994,2,outandin,Marilyn Tremaine
4340,2,122,0.12903225806451613,0.0,0.07262129200368636,0.00017758682403627994,2,outandin,Nicu D. Cornea
4487,2,122,0.12903225806451613,0.0,0.07262129200368636,0.00017758682403627994,2,outandin,Patrick Min
636,3,122,0.12903225806451613,0.0,0.06172862088408924,9.030630112402756e-08,2,incoming,Boonthanome Nouanesengsy
5162,3,122,0.12903225806451613,0.0,0.06172862088408924,9.030630112402756e-08,2,outandin,Sang-Cheol Seok
5933,3,122,0.12903225806451613,0.0,0.06172862088408924,9.030630112402756e-08,2,outandin,Veronica J. Vieland
813,3,122,0.12903225806451613,0.006692260993406057,0.07954530315002188,2.010197713080169e-05,1,,Chaoli Wang 0001
4057,4,122,0.12903225806451613,0.0,0.07930991849117218,3.981698850725068e-05,2,outandin,Michael Ogawa
795,4,122,0.12903225806451613,0.0,0.07930991849117218,3.981698850725068e-05,2,incoming,Chad Jones
353,4,122,0.12903225806451613,0.0,0.07930991849117218,3.981698850725068e-05,2,incoming,Anna Tikhonova
5655,6,122,0.12903225806451613,0.0,0.08161947645256337,0.0002541116311932451,1,incoming,Tarik Crnovrsanin
6504,6,122,0.12903225806451613,0.0,0.08161947645256337,0.0002541116311932451,2,incoming,Zeqian Shen
5102,6,122,0.12903225806451613,0.0,0.08161947645256337,0.0002541116311932451,2,outandin,Ryan Armstrong
891,7,122,0.12903225806451613,7.299937618714896e-05,0.08163501414082772,0.00025612313397117766,2,incoming,Chris Muelder
1345,7,122,0.12903225806451613,0.003067664126324739,0.08377197290130259,0.0026993971680213296,1,,Deborah Silver
2145,9,122,0.12903225806451613,0.005980176169403643,0.06959245850077377,1.2821219382708434e-06,0,,Han-Wei Shen
2526,9,122,0.12903225806451613,0.00021899812856144687,0.0816661072713327,0.0002610567726030184,2,outandin,James Shearer
761,12,122,0.12903225806451613,0.05189991490143306,0.09552878798880997,0.0027869264365598108,2,incoming,Carlos D. Correa
3348,17,122,0.12903225806451613,0.01404253495883349,0.09275983761232272,0.00030432938401078074,0,,Kwan-Liu Ma
5945,2,123,1.0,0.0,0.0013812154696132596,6.037486300631341e-28,2,outandin,Vid Petrovic
2506,2,123,1.0,0.0,0.0013812154696132596,6.037486300631341e-28,2,outandin,James H. Fallon
1727,2,123,1.0,0.0,0.0013812154696132596,6.037486300631341e-28,2,outandin,Falko Kuester
4370,2,124,0.6,0.0,0.0018416206261510127,2.115464665702725e-25,2,outandin,Nivedita R. Kadaba
2592,2,124,0.6,0.0,0.0018416206261510127,2.115464665702725e-25,2,outandin,Jason Leboe-McGowan
3151,2,124,0.6,0.0,0.0018416206261510127,2.115464665702725e-25,2,outandin,Kang Shi
4442,2,124,0.6,0.0,0.0018416206261510127,2.115464665702725e-25,2,outandin,Pak Ching Li
4675,4,124,0.6,3.818149190361464e-06,0.0027624309392265192,3.303409799125782e-25,2,incoming,Pourang Irani
1616,2,125,1.0,0.0,0.0013812154696132596,6.037486300631341e-28,1,incoming,Enrico Bertini
4478,2,125,1.0,0.0,0.0013812154696132596,6.037486300631341e-28,2,outandin,Patrick Hertzog
1358,2,125,1.0,0.0,0.0013812154696132596,6.037486300631341e-28,2,outgoing,Denis Lalanne
2906,2,126,0.6,0.0,0.0018416206261510127,2.115464665702725e-25,4,outandin,John Plate
5751,2,126,0.6,0.0,0.0018416206261510127,2.115464665702725e-25,2,outandin,Thorsten Holtkämper
4491,2,126,0.6,0.0,0.0018416206261510127,2.115464665702725e-25,3,outandin,Patrick Riehmann
3638,2,126,0.6,0.0,0.0018416206261510127,2.115464665702725e-25,2,outandin,Manfred Hanfler
564,4,126,0.6,3.818149190361464e-06,0.0027624309392265192,3.303409799125782e-25,5,outandin,Bernd Fröhlich 0001
5572,1,127,0.6666666666666666,0.0,0.0009208103130755064,2.5703479719599417e-31,2,outgoing,Sung-Eui Yoon
3822,1,127,0.6666666666666666,0.0,0.0009208103130755064,2.5703479719599417e-31,2,outgoing,Martin Isenburg
4584,2,127,0.6666666666666666,9.54537297590366e-07,0.0013812154696132596,3.6350209619639293e-31,1,,Peter Lindstrom 0001
5779,1,128,1.0,0.0,0.0006906077348066298,4.146313076671794e-34,2,outandin,Tim McGraw
3722,1,128,1.0,0.0,0.0006906077348066298,4.146313076671794e-34,2,outandin,Mariappan S. Nadar
4496,2,129,1.0,0.0,0.0013812154696132596,6.037486300631341e-28,4,outandin,Paul A. Navrátil
2575,2,129,1.0,0.0,0.0013812154696132596,6.037486300631341e-28,2,outandin,Jarrett Johnson
5971,2,129,1.0,0.0,0.0013812154696132596,6.037486300631341e-28,2,outandin,Volker Bromm
3816,1,130,1.0,0.0,0.0006906077348066298,4.146313076671794e-34,2,outandin,Martin Graham 0001
2685,1,130,1.0,0.0,0.0006906077348066298,4.146313076671794e-34,2,outgoing,Jessie Kennedy
4804,4,131,1.0,0.0,0.0027624309392265192,3.512063785572354e-20,2,outandin,Randall C. Smith
4907,4,131,1.0,0.0,0.0027624309392265192,3.512063785572354e-20,2,outandin,Richard R. Pawlicki
2423,4,131,1.0,0.0,0.0027624309392265192,3.512063785572354e-20,2,outandin,István Kókai
3098,4,131,1.0,0.0,0.0027624309392265192,3.512063785572354e-20,2,outandin,Jörg Finger
5744,4,131,1.0,0.0,0.0027624309392265192,3.512063785572354e-20,2,outandin,Thomas Vetter
4365,2,132,1.0,0.0,0.0013812154696132596,6.037486300631341e-28,2,outandin,Niranjan Damera-Venkata
4312,2,132,1.0,0.0,0.0013812154696132596,6.037486300631341e-28,2,outandin,Nelson L. Chang
2640,2,132,1.0,0.0,0.0013812154696132596,6.037486300631341e-28,2,outandin,Jeffrey M. DiCarlo
1172,1,133,1.0,0.0,0.0006906077348066298,4.146313076671794e-34,2,outandin,Daniel R. Tesone
2907,1,133,1.0,0.0,0.0006906077348066298,4.146313076671794e-34,3,outandin,John R. Goodall
3092,2,134,0.6428571428571429,0.0,0.0028199815837937387,9.583357261639107e-18,2,outandin,Justin Mauger
102,2,134,0.6428571428571429,0.0,0.0028199815837937387,9.583357261639107e-18,2,outandin,Alan Ratner
3585,5,134,0.6428571428571429,0.0,0.003759975445058318,3.602248799797531e-17,2,outandin,M. Andrew Eick
2678,5,134,0.6428571428571429,0.0,0.003759975445058318,3.602248799797531e-17,2,outandin,Jesse Fugitt
684,5,134,0.6428571428571429,0.0,0.003759975445058318,3.602248799797531e-17,2,outandin,Brian Horst
3930,5,134,0.6428571428571429,0.0,0.003759975445058318,3.602248799797531e-17,2,outandin,Maxim Khailo
5090,5,134,0.6428571428571429,0.0,0.003759975445058318,3.602248799797531e-17,2,outandin,Russell A. Lankenau
5484,7,134,0.6428571428571429,9.54537297590366e-06,0.004834254143646409,3.917107283673364e-17,1,outgoing,Stephen G. Eick
6089,1,135,1.0,0.0,0.0006906077348066298,4.146313076671794e-34,2,outandin,William L. Barth
967,1,135,1.0,0.0,0.0006906077348066298,4.146313076671794e-34,2,outandin,Christopher Burns
5483,0,136,0.0,0.0,0.0,1.2067359280399378e-44,2,outandin,Stephen Few
55,4,137,1.0,0.0,0.0027624309392265192,3.512063785572354e-20,2,outgoing,Adel Ahmed
6194,4,137,1.0,0.0,0.0027624309392265192,3.512063785572354e-20,2,outandin,Xiaoyan Fu
5257,4,137,1.0,0.0,0.0027624309392265192,3.512063785572354e-20,2,outandin,Seok-Hee Hong 0001
4728,4,137,1.0,0.0,0.0027624309392265192,3.512063785572354e-20,2,outandin,Quan Hoang Nguyen
3134,4,137,1.0,0.0,0.0027624309392265192,3.512063785572354e-20,2,incoming,Kai Xu 0003
3580,2,138,1.0,0.0,0.0013812154696132596,6.037486300631341e-28,2,outandin,Lynn Schwendiman
2954,2,138,1.0,0.0,0.0013812154696132596,6.037486300631341e-28,2,outandin,Jonathan McLean
2951,2,138,1.0,0.0,0.0013812154696132596,6.037486300631341e-28,4,outandin,Jonathan Larson
3527,3,139,1.0,0.0,0.0020718232044198894,1.4246623250625995e-23,2,outandin,Loretta Auvil
6143,3,139,1.0,0.0,0.0020718232044198894,1.4246623250625995e-23,2,outandin,Xavier Llorà
1498,3,139,1.0,0.0,0.0020718232044198894,1.4246623250625995e-23,2,outandin,Duane Searsmith
3225,3,139,1.0,0.0,0.0020718232044198894,1.4246623250625995e-23,2,outandin,Kelly Searsmith
2471,3,140,1.0,0.0,0.0020718232044198894,1.4246623250625995e-23,2,outandin,Jae Choi
5163,3,140,1.0,0.0,0.0020718232044198894,1.4246623250625995e-23,2,outandin,Sang-joon Lee
5183,3,140,1.0,0.0,0.0020718232044198894,1.4246623250625995e-23,2,outandin,Sarah Gigitashvilli
2515,3,140,1.0,0.0,0.0020718232044198894,1.4246623250625995e-23,2,outandin,James M. Wilson V
2078,0,141,0.0,0.0,0.0,1.2067359280399378e-44,2,outandin,Guoray Cai
4444,0,142,0.0,0.0,0.0,1.2067359280399378e-44,2,outandin,Palmyra Catravas
1192,0,143,0.0,0.0,0.0,1.2067359280399378e-44,4,outandin,Danny Holten
3689,2,144,0.6428571428571429,0.0,0.0028199815837937387,9.583357261639107e-18,2,,Marco Tarini
1026,2,144,0.6428571428571429,0.0,0.0028199815837937387,9.583357261639109e-18,1,outgoing,Claudio Montani
1719,5,144,0.6428571428571429,0.0,0.003759975445058318,3.602248799797531e-17,2,outgoing,Fabio Ganovelli
1617,5,144,0.6428571428571429,0.0,0.003759975445058318,3.602248799797531e-17,2,,Enrico Gobbetti
1720,5,144,0.6428571428571429,0.0,0.003759975445058318,3.602248799797531e-17,2,,Fabio Marton
1749,5,144,0.6428571428571429,0.0,0.003759975445058318,3.602248799797531e-17,2,outgoing,Federico Ponchio
4997,5,144,0.6428571428571429,0.0,0.003759975445058318,3.602248799797531e-17,1,,Roberto Scopigno
4453,7,144,0.6428571428571429,9.54537297590366e-06,0.004834254143646409,3.917107283673364e-17,2,,Paolo Cignoni
3226,2,145,1.0,0.0,0.0013812154696132596,6.037486300631341e-28,2,outandin,Ken Been
1569,2,145,1.0,0.0,0.0013812154696132596,6.037486300631341e-28,2,outandin,Eli Daiches
837,2,145,1.0,0.0,0.0013812154696132596,6.037486300631341e-28,2,outandin,Chee-Keng Yap
1191,2,146,1.0,0.0,0.0013812154696132596,6.037486300631341e-28,2,outandin,Danny Dorling
346,2,146,1.0,0.0,0.0013812154696132596,6.037486300631341e-28,2,outandin,Anna Barford
3765,2,146,1.0,0.0,0.0013812154696132596,6.037486300631341e-28,2,outandin,Mark Newman
5750,2,147,1.0,0.0,0.0013812154696132596,6.037486300631341e-28,2,outandin,Thorsten Büring
2657,2,147,1.0,0.0,0.0013812154696132596,6.037486300631341e-28,2,outandin,Jens Gerken
2210,2,147,1.0,0.0,0.0013812154696132596,6.037486300631341e-28,4,outandin,Harald Reiterer
6394,1,148,1.0,0.0,0.0006906077348066298,4.146313076671794e-34,2,outandin,Young Min Kim
218,1,148,1.0,0.0,0.0006906077348066298,4.146313076671794e-34,1,,Amitabh Varshney
5766,1,149,1.0,0.0,0.0006906077348066298,4.146313076671794e-34,2,outandin,Tien Nguyen
3062,1,149,1.0,0.0,0.0006906077348066298,4.146313076671794e-34,2,outandin,Jun Zhang
294,4,150,1.0,0.0,0.0027624309392265192,3.512063785572354e-20,2,outandin,Andrew Mehler
6458,4,150,1.0,0.0,0.0027624309392265192,3.512063785572354e-20,2,outandin,Yunfan Bao
6206,4,150,1.0,0.0,0.0027624309392265192,3.512063785572354e-20,2,outandin,Xin Li 0003
6430,4,150,1.0,0.0,0.0027624309392265192,3.512063785572354e-20,4,outandin,Yue Wang
5544,4,150,1.0,0.0,0.0027624309392265192,3.512063785572354e-20,4,outandin,Steven Skiena
3806,3,151,1.0,0.0,0.0020718232044198894,1.4246623250625995e-23,2,outandin,Marta Kersten-Oertel
2528,3,151,1.0,0.0,0.0020718232044198894,1.4246623250625995e-23,2,outandin,James Stewart
4352,3,151,1.0,0.0,0.0020718232044198894,1.4246623250625995e-23,2,outandin,Nikolaus F. Troje
4808,3,151,1.0,0.0,0.0020718232044198894,1.4246623250625995e-23,2,outandin,Randy E. Ellis
1238,4,152,1.0,0.0,0.0027624309392265192,3.512063785572354e-20,2,,David Ellsworth
722,4,152,1.0,0.0,0.0027624309392265192,3.512063785572354e-20,2,outgoing,Bryan Green
887,4,152,1.0,0.0,0.0027624309392265192,3.512063785572354e-20,4,outandin,Chris Henze
4483,4,152,1.0,0.0,0.0027624309392265192,3.512063785572354e-20,1,,Patrick J. Moran
5790,4,152,1.0,0.0,0.0027624309392265192,3.512063785572354e-20,2,outandin,Timothy Sandstrom
86,2,153,0.4444444444444444,0.0,0.0024554941682013503,1.7507643085189975e-20,2,outandin,Alain Filbois
1715,2,153,0.4444444444444444,0.0,0.0029465930018416206,2.1812143216027365e-20,4,outandin,Fabien Bosquet
5997,3,153,0.4444444444444444,0.0,0.003157063930544593,2.5732144887682537e-20,2,outandin,Wan-Chiu Li
717,3,153,0.4444444444444444,0.0,0.003157063930544593,2.5732144887682537e-20,2,outandin,Bruno Vallet
4334,3,153,0.4444444444444444,0.0,0.003157063930544593,2.5732144887682537e-20,2,outandin,Nicolas Ray
3405,4,153,0.4444444444444444,1.4318059463855492e-06,0.0036832412523020255,3.5813101972688506e-20,2,outandin,Laurent Castanie
961,4,153,0.4444444444444444,2.8636118927710985e-06,0.0036832412523020255,3.495093428205885e-20,2,outandin,Christophe Mion
6142,4,153,0.4444444444444444,2.8636118927710985e-06,0.0036832412523020255,3.495093428205885e-20,2,outgoing,Xavier Cavin
714,7,153,0.4444444444444444,1.5749865410241042e-05,0.004910988336402701,5.127512249093865e-20,2,outgoing,Bruno Lévy 0001
2608,3,154,1.0,0.0,0.0020718232044198894,1.4246623250625995e-23,2,outandin,Jean Sreng
229,3,154,1.0,0.0,0.0020718232044198894,1.4246623250625995e-23,2,outandin,Anatole Lécuyer
933,3,154,1.0,0.0,0.0020718232044198894,1.4246623250625995e-23,2,outandin,Christine Mégard
1022,3,154,1.0,0.0,0.0020718232044198894,1.4246623250625995e-23,2,outandin,Claude Andriot
4649,4,155,1.0,0.0,0.0027624309392265192,3.512063785572354e-20,2,outandin,Pier Francesco Cortese
1976,4,155,1.0,0.0,0.0027624309392265192,3.512063785572354e-20,2,outandin,Giuseppe Di Battista
386,4,155,1.0,0.0,0.0027624309392265192,3.512063785572354e-20,2,outandin,Antonello Moneta
3925,4,155,1.0,0.0,0.0027624309392265192,3.512063785572354e-20,2,outandin,Maurizio Patrignani
3926,4,155,1.0,0.0,0.0027624309392265192,3.512063785572354e-20,2,outandin,Maurizio Pizzonia
3456,2,156,1.0,0.0,0.0013812154696132596,6.037486300631341e-28,2,outandin,Lewis W. F. Li
1856,2,156,1.0,0.0,0.0013812154696132596,6.037486300631341e-28,2,outandin,Frederick W. B. Li
5110,2,156,1.0,0.0,0.0013812154696132596,6.037486300631341e-28,2,outandin,Rynson W. H. Lau
4718,1,157,1.0,0.0,0.0006906077348066298,4.146313076671794e-34,2,outandin,Qingmin Shi
2990,1,157,1.0,0.0,0.0006906077348066298,4.146313076671794e-34,2,incoming,Joseph F. JáJá
4178,2,158,1.0,0.0,0.0013812154696132596,6.037486300631341e-28,2,outandin,Minsu Ahn
2386,2,158,1.0,0.0,0.0013812154696132596,6.037486300631341e-28,2,outandin,Igor Guskov
5271,2,158,1.0,0.0,0.0013812154696132596,6.037486300631341e-28,2,outandin,Seungyong Lee 0001
6115,1,159,0.6666666666666666,0.0,0.0012430939226519336,2.2733722709370215e-27,2,outandin,Wojciech Burakiewicz
6106,2,159,0.6666666666666666,0.0,0.001553867403314917,4.2162818737068275e-27,1,outgoing,Wim C. de Leeuw
4554,2,159,0.6666666666666666,0.0,0.001553867403314917,4.2162818737068275e-27,2,outgoing,Pernette J. Verschure
4992,3,159,0.6666666666666666,1.909074595180732e-06,0.0020718232044198894,4.933414444230689e-27,1,outgoing,Robert van Liere
4505,0,160,0.0,0.0,0.0,1.2067359280399378e-44,2,outandin,Paul E. Keel
4998,0,161,0.0,0.0,0.0,1.2067359280399378e-44,2,outandin,Roberto Therón
1260,3,162,1.0,0.0,0.0020718232044198894,1.4246623250625995e-23,2,,David J. Duke
3632,3,162,1.0,0.0,0.0020718232044198894,1.4246623250625995e-23,2,outandin,Malcolm Wallace
4922,3,162,1.0,0.0,0.0020718232044198894,1.4246623250625995e-23,1,incoming,Rita Borgo
1048,3,162,1.0,0.0,0.0020718232044198894,1.4246623250625995e-23,2,outandin,Colin Runciman
2538,2,163,1.0,0.0,0.0013812154696132596,6.037486300631341e-28,2,outandin,Jameson Miller
1068,2,163,1.0,0.0,0.0013812154696132596,6.037486300631341e-28,2,outandin,Cory Quammen
3895,2,163,1.0,0.0,0.0013812154696132596,6.037486300631341e-28,2,outandin,Matthew Fleenor
3773,0,164,0.0,0.0,0.0,1.2067359280399378e-44,2,outandin,Mark Sifer
3795,1,165,1.0,0.0,0.0006906077348066298,4.146313076671794e-34,2,,Markus Rütten
4143,1,165,1.0,0.0,0.0006906077348066298,4.146313076671794e-34,2,outandin,Min S. Chong
3440,2,166,1.0,0.0,0.0013812154696132596,6.037486300631341e-28,2,incoming,Leland Wilkinson
398,2,166,1.0,0.0,0.0013812154696132596,6.037486300631341e-28,2,incoming,Anushka Anand
4967,2,166,1.0,0.0,0.0013812154696132596,6.037486300631341e-28,2,outgoing,Robert L. Grossman
5633,5,167,1.0,0.0,0.003453038674033149,2.074464496900771e-17,2,outandin,Takafumi Saito
2289,5,167,1.0,0.0,0.003453038674033149,2.074464496900771e-17,2,outandin,Hiroko Miyamura
4192,5,167,1.0,0.0,0.003453038674033149,2.074464496900771e-17,2,outandin,Mitsuyoshi Yamamoto
2288,5,167,1.0,0.0,0.003453038674033149,2.074464496900771e-17,2,outandin,Hiroki Saito
6446,5,167,1.0,0.0,0.003453038674033149,2.074464496900771e-17,2,outandin,Yuka Hoshiya
5640,5,167,1.0,0.0,0.003453038674033149,2.074464496900771e-17,2,outandin,Takumi Kaseda
25,2,168,1.0,0.0,0.0013812154696132596,6.037486300631341e-28,2,outandin,Abdelkrim Mebarki
4655,2,168,1.0,0.0,0.0013812154696132596,6.037486300631341e-28,2,outgoing,Pierre Alliez
4415,2,168,1.0,0.0,0.0013812154696132596,6.037486300631341e-28,2,outgoing,Olivier Devillers
6166,2,169,0.42857142857142855,0.0,0.002486187845303867,1.1397298600500794e-23,2,outandin,Xiaohong Ye
1273,2,169,0.42857142857142855,0.0,0.002486187845303867,1.1397298600500794e-23,2,outgoing,David L. Kao
6185,2,169,0.42857142857142855,0.0,0.002486187845303867,1.1397298600500795e-23,2,outgoing,Xiaoqiang Zheng
556,2,169,0.42857142857142855,0.0,0.002486187845303867,1.1397298600500795e-23,2,outandin,Beresford N. Parlett
179,2,169,0.42857142857142855,0.0,0.002486187845303867,1.1397298600500795e-23,2,outandin,Alisa Neeman
638,2,169,0.42857142857142855,0.0,0.002486187845303867,1.1397298600500795e-23,2,outgoing,Boris Jeremic
128,6,169,0.42857142857142855,1.1454447571084394e-05,0.004143646408839779,2.2794597201001587e-23,1,outgoing,Alex T. Pang
1336,1,170,1.0,0.0,0.0006906077348066298,4.146313076671794e-34,2,outandin,Davood Rafiei
5482,1,170,1.0,0.0,0.0006906077348066298,4.146313076671794e-34,2,outandin,Stephen Curial
6291,3,171,1.0,0.0,0.0020718232044198894,1.4246623250625995e-23,4,outgoing,Yarden Livnat
2497,3,171,1.0,0.0,0.0020718232044198894,1.4246623250625995e-23,2,,James Agutter
5309,3,171,1.0,0.0,0.0020718232044198894,1.4246623250625995e-23,2,outandin,Shaun Moon
5455,3,171,1.0,0.0,0.0020718232044198894,1.4246623250625995e-23,2,outandin,Stefano Foresti
